tree
version=v4
num_class=1
num_tree_per_iteration=1
label_index=0
max_feature_idx=93
objective=regression
feature_names=Column_0 Column_1 Column_2 Column_3 Column_4 Column_5 Column_6 Column_7 Column_8 Column_9 Column_10 Column_11 Column_12 Column_13 Column_14 Column_15 Column_16 Column_17 Column_18 Column_19 Column_20 Column_21 Column_22 Column_23 Column_24 Column_25 Column_26 Column_27 Column_28 Column_29 Column_30 Column_31 Column_32 Column_33 Column_34 Column_35 Column_36 Column_37 Column_38 Column_39 Column_40 Column_41 Column_42 Column_43 Column_44 Column_45 Column_46 Column_47 Column_48 Column_49 Column_50 Column_51 Column_52 Column_53 Column_54 Column_55 Column_56 Column_57 Column_58 Column_59 Column_60 Column_61 Column_62 Column_63 Column_64 Column_65 Column_66 Column_67 Column_68 Column_69 Column_70 Column_71 Column_72 Column_73 Column_74 Column_75 Column_76 Column_77 Column_78 Column_79 Column_80 Column_81 Column_82 Column_83 Column_84 Column_85 Column_86 Column_87 Column_88 Column_89 Column_90 Column_91 Column_92 Column_93
feature_infos=[-4.9681803983937289:3.3487861322409227] [-3.8258289808519117:4.4751429146802026] [-3.1160287967800304:3.8680810480862187] [-3.3617543297861436:3.1242590588169841] [-2.8252938316134983:2.8626553041365899] [-2.3140234806391389:2.8965729288296402] [-2.537499912342855:3.3445919643823374] [-2.1407888536622175:3.0515472522355949] [-4.3400558643756373:3.2040517999129716] [-2.7709193193917034:2.4654851536648454] [-2.3031522240188425:2.7885598457082494] [-2.8516889840399116:2.0939888112929674] [-2.3664962127597304:2.069536127489005] [-2.7657987373718167:2.5158389460877051] [-2.3315864231909882:2.562528696837477] [-1.895232681606096:2.3007693308363888] [-4.6264758354502531:2.3689226655620255] [-1.0143940403319656:0.73093059834354812] [-0.71249405781357233:1.1391921458650875] [-0.71283327311217048:0.99670478201805213] [-0.67218132179459733:1.0126135149508708] [-0.78371269195596982:0.93968656264721429] [-0.91947139672903411:0.63002652442907181] [-0.57159575202207713:0.93464016209617606] [-0.73986924772712337:0.84017413487718984] [-0.56384132171235302:0.63690032040961919] [-1.0418479586855689:0.57742562188096735] [-0.62083547347399592:0.7994720161104556] [-0.99126535745910094:0.55186787764265222] [-1.3461881543632581:0.71527460160005674] [-0.51119614627443188:0.43022414862584091] [-0.47803268503305851:0.99673726514362782] [-5.3525569714510839:4.2208853904493813] [-4.4329138800594574:3.8773115693756033] [-5.3940910235457373:3.7180462429972891] [-4.2348232275966176:3.4898939419861459] [-3.5955915587628935:4.8074563834703827] [-3.2825626350204318:3.8195667857799531] [-3.7018388270887388:3.0144595904510592] [-3.9274214713838314:3.3168948162726082] [-3.4155800634306011:3.0787137077041731] [-3.881328026991818:2.9657531840148494] [-2.6706878130311589:3.4737430883785647] [-2.487665568093667:2.7555112069434586] [-2.4597350078860174:4.0831130968635172] [-3.4365352693468973:2.4298741755677233] [-2.2274430600373547:3.2457484578987925] [-2.8963439159985014:2.2526036659517295] [-0.48351090887957021:0.49098428834953156] [-0.50017703168434857:0.49616902711922412] [-0.48680986448714003:0.50204112361124842] [-0.45997120992682272:0.42551809381319639] [-0.44430707763125976:0.42648132038087594] [-0.40427191880617908:0.42085704630703002] [-0.34862494993994608:0.45297831582148618] [-0.34950322166942399:0.37708600696265321] [-0.27449599091848009:0.48896545923345708] [-0.40029992884378141:0.28032791752948205] [-0.29037532858299175:0.31735092021052158] [-0.35397710290750589:0.41547871240153422] [-0.30881612268137554:0.3512488079033671] [-0.28257235508521578:0.36952342303420666] [-0.36691874051750861:0.37534224101578445] [-0.30766105685736828:0.28258358655222648] [0.014149843963417232:17.966277122497559] [0:23.626826286315918] [0:51.111111111111107] [6:600] [5.4666666666666668:17661.866666666665] [0:1] [9:100] [2:23] [0:1] [0:1] [0:3] [0:1] [0:10] [0:6] [22.605254212382444:207.90036607831789] [0.034749608597375914:69.89391523675566] [9.9569183349609389:246.54759180462548] [34.34540233831278:90.283110985597261] [0.03951318766500838:27.174267612684499] none [0:0.63563293218612671] [0:0.25471356511116028] [0:1] [69.444444444444443:170.45454545454547] [0:3172.3658654078995] [0:0.3442463520144628] [0:1] [0:1] [0:1] [29:116797051]
tree_sizes=3000 3096 3070 3095 3112 3088 3096 3103 3094 3062 3052 3098 3107 3085 3108 3116 3079 3140 3039 3135 3126 3096 3045 3145 3040 3128 3134 3211 3085 3086 3115 3126 3099 3059 3096 3089 3114 3112 3160 3125 3179 3111 3178 3098 3129 3141 3140 3119 3061 3096 3215 3096 3212 3146 3141 3096 3075 3152 3147 3072 3148 3149 3158 3107 3162 3186 3146 3162 3195 3152 3178 3229 3202 3244 3165 3158 3166 3225 3172 3213 3209 3204 3215 3203 3198 3172 3156 3200 3147 3213 3198 3174 3151 3184 3179 3171 3174 3204 3174 3203 3094 3177 3134 3172 3211 3208 3196 3209 3162 3243 3198 3171 3186 3162 3233 3161 3241 3183 3261 3243 3108 3207 3112 3224 3207 3234 3197 3239 3242 3181 3209 3150 3191 3202 3157 3296 3140 3202 3196 3182 3228 3213 3191 3170 3199 3233 3234 3235 3228 3214 3265 3281 3247 3235 3259 3262 3328 3241 3245 3217 3245 3181 3204 3260 3168 3267 3302 3155 3279 3195 3208 3199 3216 3212 3246 3180 3211 3236 3277 3232 3184 3187 3223 3286 3208 3255 3280 3231 3283 3246 3232 3257 3295 3221 3268 3293 3243 3239 3267 3211

Tree=0
num_leaves=31
num_cat=0
split_feature=68 55 66 88 93 17 19 15 6 7 84 14 3 49 14 93 47 48 15 23 16 15 84 37 32 50 48 39 53 7
split_gain=107.549 32.4962 30.1448 25.2249 24.4243 22.9182 24.3485 24.6337 30.7334 17.4932 17.0662 15.2452 14.6008 14.2507 14.2233 14.9897 13.3188 12.3552 11.8194 11.335 11.2345 8.68727 7.3603 6.82223 6.40707 5.96919 5.66401 4.99219 4.74301 4.71976
threshold=16.783333333333335 0.028222066744991746 2.7136363636363643 1272.9783392933959 45917.000000000007 -0.12923501892687597 0.24576880876864801 0.30431489662726591 -1.2242717553270328 0.25349442493383489 0.11681535840034486 -0.46833529881271002 0.7042615931066295 0.081293438349470892 0.58154848226676992 663.50000000000011 -0.14150496491392325 0.12410976405885117 -0.12862213627718608 -0.029382614548818388 0.91627036077353774 0.55453543929602078 0.057024126872420318 -0.60562649775186339 2.2362445100886723 0.21094858177511908 0.26920737168736292 1.0777768827841976 0.034283213494365729 1.021499523241707
decision_type=2 2 2 2 2 2 2 2 2 2 2 2 2 2 2 2 2 2 2 2 2 2 2 2 2 2 2 2 2 2
left_child=1 3 14 10 5 17 7 8 -7 27 -1 18 -13 -11 21 -16 -9 -4 -5 -19 -10 26 -6 -22 -23 -24 -2 -3 -18 -17
right_child=2 9 4 11 22 6 -8 16 20 13 -12 12 -14 -15 15 29 28 19 -20 -21 23 24 25 -25 -26 -27 -28 -29 -30 -31
leaf_value=0.84716092598925363 0.83570544822792858 0.85189929702123335 0.84571368330873053 0.85261960373809265 0.8719459236756153 0.92962115295221737 0.9345896632968419 0.87608727204293335 0.84892782606381834 0.86883224675049708 0.91628796623637609 0.93526823349287436 0.89388862976422245 0.91732308708121701 0.91420942385485104 0.85168068701561084 0.90730089388778135 0.85639478666528934 0.9101471766580177 0.90179197557260915 0.89090585401006017 0.88497383859531131 0.85189425084987236 0.86262601374255421 0.84272662080814764 0.8828317591640138 0.86252745923343754 0.88541411872198517 0.94022683423535069 0.88397059594085148
leaf_weight=8.9999999999999982 62 20.000000000000004 27 5.0000000000000009 26 6.9999999999999991 7.9999999999999991 9.0000000000000018 27 10.000000000000002 4.9999999999999991 33 9.9999999999999982 11.999999999999998 4.9999999999999991 22.000000000000004 8.9999999999999982 11.000000000000002 8.9999999999999964 8.9999999999999982 14.000000000000002 6.9999999999999982 87 17 6 5.9999999999999991 7.9999999999999991 4.9999999999999991 6.9999999999999991 4.9999999999999991
leaf_count=9 62 20 27 5 26 7 8 9 27 10 5 33 10 12 5 22 9 11 9 9 14 7 87 17 6 6 8 5 7 5
internal_value=0.870111 0.895121 0.862324 0.90793 0.867908 0.876174 0.884434 0.879976 0.870242 0.875771 0.871849 0.916792 0.925645 0.895282 0.849504 0.866496 0.905283 0.858952 0.889602 0.876824 0.863075 0.842953 0.857835 0.875398 0.865475 0.85389 0.838771 0.858602 0.921706 0.85766
internal_weight=497 118 379 71 264 145 98 90 65 47 14 57 43 22 115 32 25 47 14 20 58 83 119 31 13 93 70 25 16 27
internal_count=497 118 379 71 264 145 98 90 65 47 14 57 43 22 115 32 25 47 14 20 58 83 119 31 13 93 70 25 16 27
is_linear=0
shrinkage=1


Tree=1
num_leaves=31
num_cat=0
split_feature=68 55 66 88 93 17 19 15 6 7 84 14 3 49 14 93 47 17 15 16 49 15 84 62 32 50 48 79 39 28
split_gain=101.193 30.5757 28.3633 23.7341 22.9808 21.5637 22.9095 23.1779 28.917 16.4594 16.0576 14.3442 13.7379 13.4085 13.3827 14.1038 12.5317 11.6956 11.1208 10.5705 10.3583 8.17385 6.92531 6.47604 6.02841 5.61642 5.32926 4.72107 4.69715 4.56052
threshold=16.783333333333335 0.028222066744991746 2.7136363636363643 1272.9783392933959 45917.000000000007 -0.12923501892687597 0.24576880876864801 0.30431489662726591 -1.2242717553270328 0.25349442493383489 0.11681535840034486 -0.46833529881271002 0.7042615931066295 0.081293438349470892 0.58154848226676992 663.50000000000011 -0.14150496491392325 -0.59198897957957908 -0.12862213627718608 0.91627036077353774 -0.28652552998726499 0.55453543929602078 0.057024126872420318 0.052885457403850068 2.2362445100886723 0.21094858177511908 0.26920737168736292 34.225622186469884 1.0777768827841976 -0.064405126350871644
decision_type=2 2 2 2 2 2 2 2 2 2 2 2 2 2 2 2 2 2 2 2 2 2 2 2 2 2 2 2 2 2
left_child=1 3 14 10 5 17 7 8 -7 28 -1 18 -13 -11 21 -16 -9 -4 -5 -10 -19 26 29 -21 -23 -24 -2 -25 -3 -6
right_child=2 9 4 11 22 6 -8 16 19 13 -12 12 -14 -15 15 -17 -18 20 -20 23 -22 24 25 27 -26 -27 -28 -29 -30 -31
leaf_value=-0.022261168832580249 -0.033372981923241771 -0.017664949357509608 0.02221843957901001 -0.016966251522302623 -0.021159083843231188 0.057725252253668646 0.062544706799089911 0.0057973868896563823 -0.020547275808639826 -0.0012399875968694683 0.044792060047388074 0.063202919147231362 0.023064704239368437 0.045796127021312714 0.042775875091552729 -0.012076776646491554 0.050047545544803139 0.022715120896697041 0.03883549372355144 -0.0057686938423859432 -0.023530794033671126 0.014417356444256648 -0.017669843738449029 0.03828531631401607 -0.026562444865703576 0.01233953919261694 -0.0073556315491441638 0.00011743211746215817 0.014844428658485412 0.0086620876193046568
leaf_weight=8.9999999999999982 62 20.000000000000004 7.9999999999999991 5.0000000000000009 6.0000000000000027 6.9999999999999991 7.9999999999999991 9.0000000000000018 27 10.000000000000002 4.9999999999999991 33 9.9999999999999982 11.999999999999998 4.9999999999999991 27 15.999999999999998 4.9999999999999991 8.9999999999999964 19.000000000000004 34 6.9999999999999982 87 6.9999999999999982 6 5.9999999999999991 7.9999999999999991 5 4.9999999999999991 20
leaf_count=9 62 20 8 5 6 7 8 9 27 10 5 33 10 12 5 27 16 5 9 19 34 7 87 7 6 6 8 5 5 20
internal_value=4.96112e-11 0.0242603 -0.00755335 0.0366851 -0.00213675 0.00588173 0.0138936 0.00956907 0.000127377 0.005491 0.00168641 0.0452813 0.0538685 0.0244161 -0.019988 -0.00350605 0.0341175 -0.0108239 0.0189063 -0.00682409 -0.0176018 -0.0263424 -0.0119072 0.00512836 -0.0044964 -0.0157338 -0.0303996 0.022382 -0.0111631 0.00178028
internal_weight=497 118 379 71 264 145 98 90 65 47 14 57 43 22 115 32 25 47 14 58 39 83 119 31 13 93 70 12 25 26
internal_count=497 118 379 71 264 145 98 90 65 47 14 57 43 22 115 32 25 47 14 58 39 83 119 31 13 93 70 12 25 26
is_linear=0
shrinkage=0.03


Tree=2
num_leaves=31
num_cat=0
split_feature=68 55 66 88 93 17 19 15 6 7 84 14 3 49 14 93 47 48 15 81 16 67 15 84 37 32 50 63 53 7
split_gain=95.2123 28.7687 26.687 22.3314 21.6227 20.2893 21.5556 21.8081 27.208 15.4866 15.1086 13.4964 12.926 12.616 12.5918 13.2703 11.7911 11.2146 10.4636 10.4244 9.94583 9.60779 7.69078 6.51602 6.28515 5.67214 5.28448 5.18143 4.4627 4.44082
threshold=16.783333333333335 0.028222066744991746 2.7136363636363643 1272.9783392933959 45917.000000000007 -0.12923501892687597 0.24576880876864801 0.30431489662726591 -1.2242717553270328 0.25349442493383489 0.11681535840034486 -0.46833529881271002 0.7042615931066295 0.081293438349470892 0.58154848226676992 663.50000000000011 -0.14150496491392325 0.12410976405885117 -0.12862213627718608 64.417367467237099 0.91627036077353774 34.500000000000007 0.55453543929602078 0.057024126872420318 -0.60562649775186339 2.2362445100886723 0.21094858177511908 0.01724797904839508 0.034283213494365729 1.021499523241707
decision_type=2 2 2 2 2 2 2 2 2 2 2 2 2 2 2 2 2 2 2 2 2 2 2 2 2 2 2 2 2 2
left_child=1 3 14 10 5 17 7 8 -7 -3 -1 18 -13 -11 22 -16 -9 -4 -5 21 -10 -19 27 -6 -22 -24 -25 -2 -18 -17
right_child=2 9 4 11 23 6 -8 16 20 13 -12 12 -14 -15 15 29 28 19 -20 -21 24 -23 25 26 -26 -27 -28 -29 -30 -31
leaf_value=-0.021593333557248115 -0.02282332990717675 -0.010828181308507918 -0.02311156733168496 -0.016457263737916943 0.0017268703992550189 0.055993493965693884 0.060668364353477951 0.0056234653045733746 -0.019930857546213598 -0.0012027882635593408 0.043448296934366228 0.061306829560886733 0.022372763067483901 0.044422242790460587 0.041492597579956048 -0.017514697211180725 0.034573173224925993 0.05404949426650997 0.037670428951581326 -0.026556679829955097 0.019859852875982006 0.0021825318286816278 0.01398483628673213 -0.017139748491603751 -0.0072840067700428116 -0.025765571296215053 0.011969353482127189 -0.039483964549643646 0.066511332648141033 0.01380651319026947
leaf_weight=8.9999999999999982 42 25 27 5.0000000000000009 26 6.9999999999999991 7.9999999999999991 9.0000000000000018 27 10.000000000000002 4.9999999999999991 33 9.9999999999999982 11.999999999999998 4.9999999999999991 22.000000000000004 8.9999999999999982 5.0000000000000027 8.9999999999999964 5.9999999999999991 14.000000000000002 8.9999999999999982 6.9999999999999982 87 17 6 5.9999999999999991 28 6.9999999999999991 4.9999999999999991
leaf_count=9 42 25 27 5 26 7 8 9 27 10 5 33 10 12 5 22 9 5 9 6 14 9 7 87 17 6 6 28 7 5
internal_value=-1.6203e-10 0.0235325 -0.00732675 0.0355845 -0.00207265 0.00570528 0.0134768 0.009282 0.000123556 0.00532627 0.00163582 0.0439228 0.0522524 0.0236836 -0.0193883 -0.00340087 0.033094 -0.0104992 0.0183391 0.00652751 -0.00661937 0.0207064 -0.0255522 -0.0115499 0.00497451 -0.00436151 -0.0152617 -0.0294876 0.0485461 -0.0117145
internal_weight=497 118 379 71 264 145 98 90 65 47 14 57 43 22 115 32 25 47 14 20 58 14 83 119 31 13 93 70 16 27
internal_count=497 118 379 71 264 145 98 90 65 47 14 57 43 22 115 32 25 47 14 20 58 14 83 119 31 13 93 70 16 27
is_linear=0
shrinkage=0.03


Tree=3
num_leaves=31
num_cat=0
split_feature=68 55 66 88 93 17 19 15 6 7 84 14 3 31 14 93 47 17 15 49 16 15 84 62 32 48 50 39 79 28
split_gain=89.5853 27.0684 25.1098 21.0116 20.3448 19.0902 20.2816 20.5192 25.6 14.5714 14.2157 12.6988 12.162 12.0227 11.8476 12.486 11.0942 10.6154 9.8452 9.43147 9.35803 7.26468 6.13093 6.06465 5.46502 5.24622 4.97217 4.41955 4.34213 4.291
threshold=16.783333333333335 0.028222066744991746 2.7136363636363643 1272.9783392933959 45917.000000000007 -0.12923501892687597 0.24576880876864801 0.30431489662726591 -1.2242717553270328 0.25349442493383489 0.11681535840034486 -0.46833529881271002 0.7042615931066295 -0.047523921417256906 0.58154848226676992 663.50000000000011 -0.14150496491392325 -0.59198897957957908 -0.12862213627718608 -0.28652552998726499 0.91627036077353774 0.53853509250610254 0.057024126872420318 0.052885457403850068 2.2362445100886723 0.26920737168736292 0.21094858177511908 1.0777768827841976 34.225622186469884 -0.064405126350871644
decision_type=2 2 2 2 2 2 2 2 2 2 2 2 2 2 2 2 2 2 2 2 2 2 2 2 2 2 2 2 2 2
left_child=1 3 14 10 5 17 7 8 -7 27 -1 18 -13 -11 21 -16 -9 -4 -5 -19 -10 25 29 -22 -23 -2 -24 -3 -25 -6
right_child=2 9 4 11 22 6 -8 16 20 13 -12 12 -14 -15 15 -17 -18 19 -20 -21 23 24 26 28 -26 -27 -28 -29 -30 -31
leaf_value=-0.0209455336133639 -0.032214036083827578 -0.016810155283659693 0.021295237764716146 -0.015963545769453042 -0.020576117187738406 0.054313689555440622 0.058848315104842182 0.0054547606905301386 -0.019332931712269782 -0.017919967532157886 0.042144850105047225 0.059467626268213447 0.021701580852270128 0.035000454204923967 0.040247819423675536 -0.011363039135725962 0.047089733951725062 0.02182942534983158 0.036540316740671805 -0.022299038822598316 -0.0057199824797479716 0.010909597738645971 -0.016625556065620661 0.036773622802325663 -0.024156463891267774 -0.0063253083592280743 0.011610272563993929 0.014723940968513488 0.00016956603527069089 0.0083504187874495987
leaf_weight=8.9999999999999982 59 20.000000000000004 7.9999999999999991 5.0000000000000009 6.0000000000000027 6.9999999999999991 7.9999999999999991 9.0000000000000018 27 5.0000000000000027 4.9999999999999991 33 9.9999999999999982 17 4.9999999999999991 27 15.999999999999998 4.9999999999999991 8.9999999999999964 34 19.000000000000004 7.9999999999999991 87 6.9999999999999982 7.9999999999999991 7.9999999999999991 5.9999999999999991 4.9999999999999991 5 20
leaf_count=9 59 20 8 5 6 7 8 9 27 5 5 33 10 17 5 27 16 5 9 34 19 8 87 7 8 8 6 5 5 20
internal_value=-2.73353e-11 0.0228265 -0.00710694 0.034517 -0.00201047 0.00553412 0.0130725 0.00900354 0.000119849 0.00516648 0.00158675 0.0426051 0.0506848 0.0229731 -0.0188067 -0.00329884 0.0321011 -0.0101842 0.0177889 -0.0166415 -0.00642079 -0.0247856 -0.0112034 0.00482527 -0.00662343 -0.0291228 -0.0148039 -0.0105033 0.0215219 0.00167506
internal_weight=497 118 379 71 264 145 98 90 65 47 14 57 43 22 115 32 25 47 14 39 58 83 119 31 16 67 93 25 12 26
internal_count=497 118 379 71 264 145 98 90 65 47 14 57 43 22 115 32 25 47 14 39 58 83 119 31 16 67 93 25 12 26
is_linear=0
shrinkage=0.03


Tree=4
num_leaves=31
num_cat=0
split_feature=68 55 66 88 93 17 19 15 6 7 84 17 49 14 93 45 48 81 16 67 16 2 15 37 84 62 32 48 50 7
split_gain=84.2908 25.4687 23.6258 19.7698 19.1424 17.962 19.083 19.3065 24.0871 13.7102 13.3756 12.2116 11.4484 11.1474 11.7481 10.5958 10.1789 9.67473 9.23261 8.8744 8.80497 7.53156 6.83534 5.79021 5.76859 5.6579 5.14203 4.93616 4.67832 4.17837
threshold=16.783333333333335 0.028222066744991746 2.7136363636363643 1272.9783392933959 45917.000000000007 -0.12923501892687597 0.24576880876864801 0.30431489662726591 -1.2242717553270328 0.25349442493383489 0.11681535840034486 0.19349208133485077 0.081293438349470892 0.58154848226676992 663.50000000000011 -0.22500937907104843 0.12410976405885117 64.417367467237099 -1.4305662061641538 34.500000000000007 0.91627036077353774 -1.557840783687096 0.53853509250610254 -0.60562649775186339 0.057024126872420318 0.035055283192269117 2.2362445100886723 0.26920737168736292 0.21094858177511908 1.021499523241707
decision_type=2 2 2 2 2 2 2 2 2 2 2 2 2 2 2 2 2 2 2 2 2 2 2 2 2 2 2 2 2 2
left_child=1 3 13 10 5 16 7 8 -7 -3 -1 18 -11 22 -15 -9 -4 19 -5 -18 -10 -20 27 -22 -6 -23 -24 -2 -26 -16
right_child=2 9 4 11 24 6 -8 15 20 12 -12 -13 -14 14 29 -17 17 -19 21 -21 23 25 26 -25 28 -27 -28 -29 -30 -31
leaf_value=-0.020317167788743973 -0.031247614899934346 -0.010188236010074615 -0.021894563933213554 0.052422728256455497 0.0016248124579970654 0.052684277721813742 0.057082863897085188 -0.00018072564687047674 -0.018752943774064383 -0.001422911792993545 0.040880504250526424 0.063555073812603946 0.042039563804864878 0.039040385484695433 -0.016648365235464136 0.043317658000936107 0.052047514200210532 -0.025529622025787829 0.046819628477096573 0.0021994282553593316 0.018967746709074289 0.00099825003972420223 0.010582309188321232 -0.0070854378403986205 -0.016126789544700999 0.03621736228466034 -0.023431770130991934 -0.0061355487629771227 0.011261964440345764 0.013733209758996962
leaf_weight=8.9999999999999982 59 25 27 13.999999999999995 26 6.9999999999999991 7.9999999999999991 7.0000000000000027 27 10.000000000000002 4.9999999999999991 15.999999999999998 11.999999999999998 4.9999999999999991 22.000000000000004 18 5.0000000000000027 5.9999999999999991 7.9999999999999956 8.9999999999999982 14.000000000000002 13.000000000000012 7.9999999999999991 17 87 5.9999999999999991 7.9999999999999991 7.9999999999999991 5.9999999999999991 4.9999999999999991
leaf_count=9 59 25 27 14 26 7 8 7 27 10 5 16 12 5 22 18 5 6 8 9 14 13 8 17 87 6 8 8 6 5
internal_value=1.43423e-11 0.0221417 -0.00689374 0.0334815 -0.00195015 0.00536809 0.0126803 0.00873344 0.000116253 0.00501148 0.00153914 0.041327 0.0222839 -0.0182425 -0.00319988 0.0311381 -0.00987869 0.00634273 0.0326526 0.0200023 -0.00622816 0.0224014 -0.024042 0.00468052 -0.0108673 0.0121201 -0.00642473 -0.0282492 -0.0143598 -0.0110221
internal_weight=497 118 379 71 264 145 98 90 65 47 14 57 22 115 32 25 47 20 41 14 58 27 83 31 119 19 16 67 93 27
internal_count=497 118 379 71 264 145 98 90 65 47 14 57 22 115 32 25 47 20 41 14 58 27 83 31 119 19 16 67 93 27
is_linear=0
shrinkage=0.03


Tree=5
num_leaves=31
num_cat=0
split_feature=68 47 66 88 93 17 19 15 6 3 65 31 14 93 47 17 15 49 68 55 28 7 16 81 68 63 84 50 53 28
split_gain=79.3092 24.1933 22.2295 19.1137 18.0111 16.9004 17.9552 18.1655 22.6635 16.6415 12.0349 11.065 10.4886 11.0538 10.035 9.63266 8.71478 8.5875 8.42851 8.17171 7.94307 7.68971 7.42605 6.58401 5.98984 5.6147 5.42767 4.40183 4.15974 4.0374
threshold=16.783333333333335 0.137086811234015 2.7136363636363643 1295.22477816887 45917.000000000007 -0.12923501892687597 0.24576880876864801 0.30431489662726591 -1.2242717553270328 -0.020653478274051059 9.475353956222536 -0.11874426032829118 0.58154848226676992 663.50000000000011 -0.14150496491392325 -0.59198897957957908 -0.49161595007463049 -0.28652552998726499 1032.5566666666671 -0.014376132694677662 -0.043757965781798969 -0.171208863517708 1.3765360346091196 48.378052193769115 12.533333333333335 0.01724797904839508 0.057024126872420318 0.21094858177511908 0.034283213494365729 -0.064405126350871644
decision_type=2 2 2 2 2 2 2 2 2 2 2 2 2 2 2 2 2 2 2 2 2 2 2 2 2 2 2 2 2 2
left_child=1 3 12 -1 5 15 7 8 -7 16 -11 -5 23 -14 -9 -4 -3 -17 22 -13 -21 -22 -10 -2 -18 -25 29 -28 -16 -6
right_child=2 9 4 11 26 6 -8 14 18 10 -12 19 13 -15 28 17 24 -19 -20 20 21 -23 -24 25 -26 -27 27 -29 -30 -31
leaf_value=-0.017989163407508064 0.010051806785166262 0.012551379829645156 0.020404648259282111 -0.009224215999245642 -0.020007578283548343 0.051103750552449902 0.055370377376675606 0.0048615565399328844 -0.021193755708634854 0.035397084027528752 -0.013969524968415498 0.043518338322639467 0.037869173526763916 -0.010691483430564402 0.030968751609325409 0.020975846126675603 0.046290236771106712 -0.021131941020927008 0.010343372390458457 0.037572696805000305 -0.018169393613934524 0.024886020017521701 0.0098769037425518041 -0.019267945180133896 0.075761012633641558 -0.03592256552250734 -0.015642985714567376 0.010924105308949947 0.061803770746503561 0.0080511617213487614
leaf_weight=17 4.9999999999999991 4.9999999999999991 7.9999999999999991 9.9999999999999982 6.0000000000000027 6.9999999999999991 7.9999999999999991 9.0000000000000018 30 10.000000000000002 7.9999999999999991 14.999999999999998 4.9999999999999991 27 8.9999999999999982 4.9999999999999991 20.000000000000004 34 19 8.9999999999999982 7.9999999999999964 7.0000000000000053 8.9999999999999982 49 8.9999999999999982 29 87 5.9999999999999991 6.9999999999999991 20
leaf_count=17 5 5 8 10 6 7 8 9 30 10 8 15 5 27 9 5 20 34 19 9 8 7 9 49 9 29 87 6 7 20
internal_value=-7.27725e-11 0.0214775 -0.00668692 0.00941998 -0.00189165 0.00520705 0.0122999 0.00847143 0.000112766 0.0367813 0.0134564 0.0189293 -0.0176952 -0.00310388 0.030204 -0.00958233 0.0491297 -0.0157335 -0.00604132 0.0261481 0.0152917 0.00192313 -0.0140236 -0.0233208 0.0554363 -0.02546 -0.0105413 -0.013929 0.0444591 0.00157607
internal_weight=497 118 379 66 264 145 98 90 65 52 18 49 115 32 25 47 34 39 58 39 24 15 39 83 29 78 119 93 16 26
internal_count=497 118 379 66 264 145 98 90 65 52 18 49 115 32 25 47 34 39 58 39 24 15 39 83 29 78 119 93 16 26
is_linear=0
shrinkage=0.03


Tree=6
num_leaves=31
num_cat=0
split_feature=68 55 66 47 93 17 19 15 6 11 53 56 14 93 45 48 81 4 67 16 63 15 5 68 66 84 34 82 32 30
split_gain=74.6221 23.0513 20.9157 18.0309 16.9466 15.9016 16.894 17.0919 21.4318 14.626 16.2166 13.7446 9.86871 10.4005 9.54858 9.23847 8.98023 8.39269 8.19838 7.85044 7.16071 6.35338 6.04955 5.93157 6.0686 5.10689 4.96263 4.75037 4.68831 4.59963
threshold=16.783333333333335 -0.035429702275910156 2.7136363636363643 -0.24697731858113023 45917.000000000007 -0.12923501892687597 0.24576880876864801 0.30431489662726591 -1.3079913990074783 -0.15885636224143082 0.14768851646725648 -0.095462624995192522 0.58154848226676992 663.50000000000011 -0.22500937907104843 0.12410976405885117 64.417367467237099 -1.0000000180025095e-35 34.500000000000007 -0.22128430836691712 0.0096919823680653942 0.55453543929602078 1.5863514909151755 601.99456250000014 8.7773745463646637 0.057024126872420318 -0.63257148888534087 6.5458110383534152 2.2362445100886723 0.13132858864660898
decision_type=2 2 2 2 2 2 2 2 2 2 2 2 2 2 2 2 2 2 2 2 2 2 2 2 2 2 2 2 2 2
left_child=1 3 12 -1 5 15 7 8 -7 11 20 -3 21 -14 -9 -4 18 -13 -17 -10 -11 29 -22 -21 -25 -6 -5 -19 -23 -2
right_child=2 9 4 26 25 6 -8 14 19 10 -12 17 13 -15 -16 16 -18 27 -20 23 22 28 -24 24 -26 -27 -28 -29 -30 -31
leaf_value=0.006644935824654319 -0.024065200881889234 -0.013442070782184594 -0.020742223958174384 0.042052646080652872 0.0015287859193407571 0.054128071069717405 0.053709267228841777 -0.00043303932462419756 -0.029607738375663759 -0.017604999799620019 0.046852135956287386 0.013943587541580189 0.036733099222183228 -0.010370738891263801 0.040859860661439595 0.050119741201400718 -0.024547997117042541 0.039135441834276384 0.0022078698376814523 -0.012003649100661278 -0.0039631332113192613 0.013318636906998499 0.032454544454813002 0.00056715405732393244 0.033022294470242089 -0.013511110340064811 0.067629288651726446 0.074402062654495241 -0.022820373177528375 -0.053925217151641842
leaf_weight=10.999999999999998 65 6.0000000000000027 27 18 26 5.9999999999999991 7.9999999999999991 7.0000000000000027 9.9999999999999982 22 5.9999999999999991 9.0000000000000053 4.9999999999999991 27 18 5.0000000000000027 5.9999999999999991 10.999999999999995 8.9999999999999982 22 13.000000000000002 6.9999999999999982 5.9999999999999991 20.000000000000004 6.9999999999999991 93 11.000000000000002 4.9999999999999991 6 4.9999999999999991
leaf_count=11 65 6 27 18 26 6 8 7 10 22 6 9 5 27 18 5 6 11 9 22 13 7 6 20 7 93 11 5 6 5
internal_value=9.91943e-11 0.0208332 -0.00648632 0.0393491 -0.0018349 0.00505084 0.0119309 0.00821729 0.000109383 0.0113378 0.000787433 0.0273335 -0.0171644 -0.00301076 0.0292978 -0.00929486 0.00615908 0.0371197 0.0193193 -0.00538404 -0.00595374 -0.0226212 0.00753719 -0.000440431 0.00898145 -0.0102251 0.0517541 0.0501563 -0.00336091 -0.0261981
internal_weight=497 118 379 40 264 145 98 90 65 78 47 31 115 32 25 47 20 25 14 59 41 83 19 49 27 119 29 16 13 70
internal_count=497 118 379 40 264 145 98 90 65 78 47 31 115 32 25 47 20 25 14 59 41 83 19 49 27 119 29 16 13 70
is_linear=0
shrinkage=0.03


Tree=7
num_leaves=31
num_cat=0
split_feature=68 55 66 88 93 82 17 79 16 7 84 6 81 14 3 31 15 14 93 3 15 53 22 58 81 39 84 63 48 90
split_gain=70.2119 22.0237 19.6796 16.7495 16.0254 17.379 18.6487 12.5316 16.0113 11.595 11.5824 11.5044 13.0314 10.6322 10.1379 9.91105 9.55638 9.28547 9.78582 8.41306 8.31017 6.66368 7.99473 6.36725 6.04075 5.78071 5.22553 5.14784 4.91072 4.02742
threshold=16.783333333333335 0.028222066744991746 2.7136363636363643 1272.9783392933959 39750.000000000007 9.6068391683551742 -0.097832585187641138 34.984547025824909 1.3765360346091196 0.25349442493383489 0.11681535840034486 -1.1891703427836628 62.453884954745384 -0.46833529881271002 0.7042615931066295 -0.047523921417256906 -0.55066313247887688 0.58154848226676992 663.50000000000011 -1.9635153653962176 -0.12862213627718608 -0.14639835319593411 0.12022067489530271 0.018809056060279536 48.378052193769115 0.61987285272980597 0.057024126872420318 0.01724797904839508 0.15071926497936913 1.0000000180025095e-35
decision_type=2 2 2 2 2 2 2 2 2 2 2 2 2 2 2 2 2 2 2 2 2 2 2 2 2 2 2 2 2 2
left_child=1 3 17 10 5 23 16 11 -9 -3 -1 -8 21 20 -15 -11 -7 24 -19 -6 -5 -13 -23 -4 -2 -25 -21 -26 -18 -20
right_child=2 9 4 13 19 6 7 8 -10 15 -12 12 -14 14 -16 -17 28 18 29 26 -22 22 -24 25 27 -27 -28 -29 -30 -31
leaf_value=-0.018986671864986419 0.010023603111505509 -0.0096996184855699542 -0.017802985180770198 -0.015742518112063404 0.028554277807474136 0.02594870507717131 0.057665860176086423 0.070185075203577668 0.0032286261320114136 -0.016965862512588487 0.037961210668087005 -0.0012019284205003222 -0.018819601495157587 0.053386275199326601 0.018905876733362675 0.031082978046992248 -0.024800182458232425 0.035631105780601503 -0.016914294831454749 0.00045581964155038193 0.032494884332021079 0.034769933543034946 -0.0074400458335876461 -0.016702728375792505 -0.018062551489898136 0.025531882984297611 -0.014535983458439247 -0.034009732499975576 0.0067685815505683419 0.0095251776490892677
leaf_weight=8.9999999999999982 4.9999999999999991 25 31 5.0000000000000009 4.9999999999999991 6.0000000000000027 4.9999999999999991 8.9999999999999982 4.9999999999999991 5.0000000000000027 4.9999999999999991 10.999999999999995 10.999999999999998 33 9.9999999999999982 17 17.000000000000004 4.9999999999999991 20.000000000000004 27 8.9999999999999964 21.000000000000007 4.9999999999999991 4.9999999999999982 49 7 93 29 5.9999999999999991 6.9999999999999991
leaf_count=9 5 25 31 5 5 6 5 9 5 5 5 11 11 33 10 17 17 5 20 27 9 21 5 5 49 7 93 29 6 7
internal_value=6.13816e-11 0.0202082 -0.00629173 0.0307531 -0.00177985 0.0052294 0.0123289 0.0210279 0.0462721 0.00427853 0.00135186 0.0143596 0.00984857 0.0379745 0.0453676 0.0201628 -0.00776894 -0.0166494 -0.00292044 -0.00957414 0.0152672 0.0183715 0.0266526 -0.0106205 -0.0219425 0.00793413 -0.0111628 -0.0239916 -0.0165649 -0.0100596
internal_weight=497 118 379 71 264 139 96 67 14 47 14 53 48 57 43 22 29 115 32 125 14 37 26 43 83 12 120 78 23 27
internal_count=497 118 379 71 264 139 96 67 14 47 14 53 48 57 43 22 29 115 32 125 14 37 26 43 83 12 120 78 23 27
is_linear=0
shrinkage=0.03


Tree=8
num_leaves=31
num_cat=0
split_feature=68 55 66 88 93 82 17 30 79 7 84 11 17 30 49 15 14 93 3 16 42 35 20 2 39 15 6 84 62 48
split_gain=66.0624 20.7221 18.5166 15.7596 15.0783 16.3519 17.5466 11.8303 12.4032 10.9098 10.8978 10.2716 10.2486 9.68377 9.32675 8.9916 8.7367 9.20748 7.91585 7.80149 6.75595 7.45864 6.40599 6.40548 6.08398 5.93688 5.31935 4.91671 4.7695 4.62049
threshold=16.783333333333335 0.028222066744991746 2.7136363636363643 1272.9783392933959 39750.000000000007 9.6068391683551742 -0.097832585187641138 0.14641053079875635 34.984547025824909 0.25349442493383489 0.11681535840034486 -0.21648139147927545 0.19349208133485077 0.024799311029261879 0.081293438349470892 -0.55066313247887688 0.58154848226676992 663.50000000000011 -1.9635153653962176 -1.4305662061641538 -0.60542108281553475 0.86678422794609167 -0.059475356579702453 -1.557840783687096 1.117601784371012 0.53853509250610254 0.50776935115639599 0.057024126872420318 0.035055283192269117 0.15071926497936913
decision_type=2 2 2 2 2 2 2 2 2 2 2 2 2 2 2 2 2 2 2 2 2 2 2 2 2 2 2 2 2 2
left_child=1 3 16 10 5 24 15 8 13 -3 -1 -10 19 20 -11 -7 25 -18 -6 -5 -8 -22 -15 -21 -4 -2 -26 -20 -25 -17
right_child=2 9 4 12 18 6 7 -9 11 14 -12 -13 -14 22 -16 29 17 -19 27 23 21 -23 -24 28 26 -27 -28 -29 -30 -31
leaf_value=-0.018417071203390756 -0.025205129374152244 -0.0094086300373077397 -0.0169180250109639 0.047062018133167717 0.027697648376226423 0.0251702433824539 -0.02048852600157262 -0.016509836560913496 0.075326552050454257 -0.0018397304713726036 0.036822373509407043 0.021834826767444613 0.057198564447462553 0.016460094260317935 0.037389264553785322 -0.024056177016566777 0.034562172174453738 -0.0097578282695677549 0.0004421451191107432 0.041984277963638322 0.029704105981758648 -0.0025275825895369054 0.055757697075605399 -0.00022764014510007977 0.027989169955253603 -0.0048655429668724532 -0.013908148169517513 -0.014099903960501954 0.032108439486473801 0.0065655243396759034
leaf_weight=8.9999999999999982 67 25 32 13.999999999999995 4.9999999999999991 6.0000000000000027 5.9999999999999956 6.9999999999999991 7 10.000000000000002 4.9999999999999991 5.9999999999999982 15.999999999999998 7 11.999999999999998 17.000000000000004 4.9999999999999991 27 27 7.9999999999999956 14.000000000000005 11.999999999999998 7.9999999999999982 13.000000000000012 5.9999999999999982 15.999999999999998 5 93 5.9999999999999991 5.9999999999999991
leaf_count=9 67 25 32 14 5 6 6 7 7 10 5 6 16 7 12 17 5 27 27 8 14 12 8 13 6 16 5 93 6 6
internal_value=4.22749e-11 0.0196019 -0.00610297 0.0298306 -0.00172646 0.00507252 0.011959 0.0203971 0.0247029 0.00415017 0.0013113 0.0506381 0.0368353 0.0175293 0.0195579 -0.00753588 -0.0161499 -0.00283283 -0.00928692 0.0288886 0.0082061 0.0148279 0.0374188 0.0194654 -0.0103019 -0.0212842 0.00894493 -0.0108279 0.00998375 -0.0160679
internal_weight=497 118 379 71 264 139 96 67 60 47 14 13 57 47 22 29 115 32 125 41 32 26 15 27 43 83 11 120 19 23
internal_count=497 118 379 71 264 139 96 67 60 47 14 13 57 47 22 29 115 32 125 41 32 26 15 27 43 83 11 120 19 23
is_linear=0
shrinkage=0.03


Tree=9
num_leaves=31
num_cat=0
split_feature=68 55 66 47 93 82 17 53 11 30 79 56 11 30 15 39 32 63 3 42 42 35 4 20 58 61 48 39 84 34
split_gain=62.1581 19.5998 17.4222 15.5361 14.1872 15.3855 16.5096 12.5908 13.8506 11.1311 11.6702 11.0459 9.66452 9.11146 8.4602 8.23842 8.42 7.90584 7.44802 7.12714 6.35668 7.01783 6.30132 6.0274 5.82034 5.29063 5.28689 5.23322 4.62613 4.5513
threshold=16.783333333333335 -0.035429702275910156 2.7136363636363643 -0.24697731858113023 39750.000000000007 9.6068391683551742 -0.097832585187641138 0.17068793795916806 -0.15885636224143082 0.14641053079875635 34.984547025824909 -0.095462624995192522 -0.21648139147927545 0.024799311029261879 -0.55066313247887688 -0.02381576945598254 0.55112705957842112 0.0096919823680653942 -1.9635153653962176 -0.21267045682252025 -0.60542108281553475 0.86678422794609167 -1.0000000180025095e-35 -0.059475356579702453 0.018809056060279536 -0.044161131210363393 0.2856284690969198 0.61987285272980597 0.057024126872420318 -0.63257148888534087
decision_type=2 2 2 2 2 2 2 2 2 2 2 2 2 2 2 2 2 2 2 2 2 2 2 2 2 2 2 2 2 2
left_child=1 3 15 -1 5 24 14 8 11 10 13 -3 -12 20 -7 26 19 -10 -6 -17 -8 -22 -13 -15 -4 -19 -2 -26 -20 -5
right_child=2 7 4 29 18 6 9 -9 17 -11 12 22 -14 23 -16 16 -18 25 28 -21 21 -23 -24 -25 27 -27 -28 -29 -30 -31
leaf_value=0.0057299917394464661 -0.026220889579918649 -0.01318715922534465 -0.016859923277891452 0.038311520293354988 0.026866719558835028 0.024415135979652388 -0.019873870462179196 0.04864495115620749 -0.016786475421183486 -0.016014541632362773 0.073066757747105179 0.011494679823517789 0.021179782450199129 0.015966291150876451 -0.015585870056048683 0.04183052265644073 -0.013819742244343425 0.028142760694026932 0.00042888070146242778 -0.0038278786686714744 0.028812982684799586 -0.0024517553858458994 0.044871066212654125 0.054084965586662294 -0.015694105803966525 -0.0028648201834696988 0.0060243578553199765 0.024490730421883718 -0.013676906950291126 0.06280527429147198
leaf_weight=10.999999999999998 54 6.0000000000000027 31 18 4.9999999999999991 6.0000000000000027 5.9999999999999956 6.9999999999999991 22 6.9999999999999991 7 8.0000000000000053 5.9999999999999982 7 23 5 43 8.0000000000000018 27 7.9999999999999982 14.000000000000005 11.999999999999998 13.999999999999995 7.9999999999999982 4.9999999999999982 12.999999999999998 4.9999999999999991 7 93 11.000000000000002
leaf_count=11 54 6 31 18 5 6 6 7 22 7 7 8 6 7 23 5 43 8 27 8 14 12 14 8 5 13 5 7 93 11
internal_value=-3.8396e-11 0.0190139 -0.00591988 0.0360874 -0.00167466 0.00492035 0.0116002 0.0102582 0.00647361 0.0197852 0.0239618 0.0228939 0.0491189 0.0170034 -0.0073098 -0.0156654 -0.00742356 -0.00421868 -0.00900831 0.013733 0.00795992 0.0143831 0.0327342 0.0362963 -0.00999286 0.00894759 -0.0234882 0.00774705 -0.0105031 0.0476023
internal_weight=497 118 379 40 264 139 96 78 71 67 60 28 13 47 29 115 56 43 125 13 32 26 22 15 43 21 59 12 120 29
internal_count=497 118 379 40 264 139 96 78 71 67 60 28 13 47 29 115 56 43 125 13 32 26 22 15 43 21 59 12 120 29
is_linear=0
shrinkage=0.03


Tree=10
num_leaves=31
num_cat=0
split_feature=68 55 66 88 93 82 17 20 45 45 70 84 17 5 14 93 15 3 16 66 2 39 81 80 79 89 6 63 62 84
split_gain=58.4845 18.7244 16.3926 14.1762 13.3487 14.4762 15.5339 10.6138 12.6056 10.5857 9.93916 9.89303 9.32496 8.08607 8.0138 8.56259 7.9602 7.00784 6.96721 6.82678 5.84095 5.50707 5.47357 5.42109 5.3019 5.28855 4.8634 4.7458 4.36835 4.35272
threshold=16.783333333333335 0.028222066744991746 2.7136363636363643 1272.9783392933959 39750.000000000007 9.6068391683551742 -0.097832585187641138 0.23603743068234048 -0.15304041555283071 1.0211791300112492 49.500000000000007 0.11681535840034486 0.19349208133485077 1.7337411959853297 0.58154848226676992 663.50000000000011 -0.55066313247887688 -1.9635153653962176 -1.4305662061641538 6.6833333333333345 -1.557840783687096 1.117601784371012 48.378052193769115 76.737217773437507 18.323302945058749 0.10028627142474779 0.50776935115639599 0.01724797904839508 0.035055283192269117 0.057024126872420318
decision_type=2 2 2 2 2 2 2 2 2 2 2 2 2 2 2 2 2 2 2 2 2 2 2 2 2 2 2 2 2 2
left_child=1 3 14 11 5 21 16 8 25 19 -3 -1 18 24 22 -16 -7 -6 -5 -10 -20 -4 -2 -9 -12 -8 -23 -24 -22 -19
right_child=2 10 4 12 17 6 7 23 9 -11 13 -13 -14 -15 15 -17 -18 29 20 -21 28 26 27 -25 -26 -27 -28 -29 -30 -31
leaf_value=-0.017678941140572228 0.010315664291381834 0.032103094955285391 -0.015987683681887573 0.044404141120612632 0.026060717627406121 0.023682682365179047 -0.028085393309593185 0.025610469818115239 0.015985354376690724 -0.015541096039116383 -0.016589598733445874 0.034952300548553465 0.054234073050320145 0.029000801146030424 0.033620453953742982 -0.0091192910985814189 -0.015118293731432893 0.00041601425243748561 0.039828478172421473 0.044274608878528368 -0.00050192436919762478 0.026828279495239263 -0.016370480374756212 0.069787291288375838 0.01057020753622055 0.0052402009963989256 -0.013233209431171414 -0.031682276507389959 0.030444414932280776 -0.013266599641572082
leaf_weight=8.9999999999999982 4.9999999999999991 8.9999999999999982 32 13.999999999999995 4.9999999999999991 6.0000000000000027 6.0000000000000027 4.9999999999999982 14.000000000000002 4.9999999999999991 23 4.9999999999999991 15.999999999999998 5.9999999999999991 4.9999999999999991 27 23 27 7.9999999999999956 17 13.000000000000012 5.9999999999999982 49 5 8.9999999999999982 14.999999999999998 5 29 5.9999999999999991 93
leaf_count=9 5 9 32 14 5 6 6 5 14 5 23 5 16 6 5 27 23 27 8 17 13 6 49 5 9 15 5 29 6 93
internal_value=-5.34058e-12 0.0184435 -0.00574229 0.0281665 -0.00162442 0.00477274 0.0112522 0.0191916 0.0141903 0.0249655 0.0037554 0.00111793 0.03481 -0.00295853 -0.0151955 -0.00244121 -0.00709051 -0.00873806 0.0272299 0.0314988 0.0183248 -0.00969308 -0.0201128 0.0476989 -0.0089509 -0.0042814 0.00861851 -0.0220633 0.0092706 -0.010188
internal_weight=497 118 379 71 264 139 96 67 57 36 47 14 57 38 115 32 29 125 41 31 27 43 83 10 32 21 11 78 19 120
internal_count=497 118 379 71 264 139 96 67 57 36 47 14 57 38 115 32 29 125 41 31 27 43 83 10 32 21 11 78 19 120
is_linear=0
shrinkage=0.03


Tree=11
num_leaves=31
num_cat=0
split_feature=68 55 66 93 82 17 47 30 79 7 15 51 11 3 30 48 14 93 3 1 80 15 57 15 20 58 7 39 23 0
split_gain=55.0281 17.714 15.4238 12.5598 13.6207 14.6158 11.93 10.0864 10.645 9.85962 9.53662 9.10419 8.78382 8.40862 8.14866 7.60707 7.54018 8.05654 6.59368 6.55833 6.29963 5.96495 5.62596 5.34939 5.32885 5.32077 4.74654 4.73732 4.11371 4.40756
threshold=16.783333333333335 0.0021929808158951667 2.7136363636363643 39750.000000000007 9.6068391683551742 -0.097832585187641138 0.137086811234015 0.14641053079875635 34.984547025824909 -0.65976079975602342 -0.12862213627718608 0.07282400021425818 -0.21648139147927545 0.7042615931066295 0.024799311029261879 0.15071926497936913 0.58154848226676992 663.50000000000011 -1.9635153653962176 -2.2299643571075589 83.085477502893539 -0.23183440365606514 0.032818708579325874 0.53853509250610254 -0.059475356579702453 0.018809056060279536 0.15097017466345256 0.61987285272980597 -0.043468962785354885 -2.3512530679198904
decision_type=2 2 2 2 2 2 2 2 2 2 2 2 2 2 2 2 2 2 2 2 2 2 2 2 2 2 2 2 2 2
left_child=1 6 16 4 25 15 10 8 14 -3 20 22 -10 -8 21 -6 23 -18 -5 -13 -1 -7 -11 -2 -16 -4 -23 -27 -20 -30
right_child=2 9 3 18 5 7 13 -9 12 11 -12 19 -14 -15 24 -17 17 -19 28 -21 -22 26 -24 -25 -26 27 -28 -29 29 -31
leaf_value=0.018201176282018415 -0.0232312361893258 -0.015173539370298385 -0.015968027088731046 0.025278896525502203 -0.01718490949273109 -0.013312228173017505 0.050933358445763584 -0.015462463301207338 0.069449076993124817 0.033685284666717052 0.036791070618412705 0.023290637969970704 0.019982707798480989 0.0081680052280426012 0.015075377353600091 0.016026918167869247 0.032611839473247528 -0.0088457124845849142 -0.0031961839168560594 -0.01814714263785969 -0.020768813980477193 0.0012614215233109204 0.0088084741830825805 -0.0039242230262607333 0.050917151123285299 -0.01474365225993097 0.028544100187718868 0.023489846246583117 0.0020771796721965074 -0.017867757551869281
leaf_weight=8.0000000000000018 67 13.999999999999998 31 4.9999999999999991 20.000000000000004 8.9999999999999947 24.000000000000004 6.9999999999999991 7 18 10.999999999999998 4.9999999999999991 5.9999999999999982 4.9999999999999991 7 8.9999999999999982 4.9999999999999991 27 49 10.999999999999998 6.9999999999999991 11.000000000000005 14.999999999999998 15.999999999999998 7.9999999999999982 4.9999999999999982 11.999999999999998 7 11.999999999999998 59
leaf_count=8 67 14 31 5 20 9 24 7 7 18 11 5 6 5 7 9 5 27 49 11 7 11 15 16 8 5 12 7 12 59
internal_value=-4.63787e-12 0.0178901 -0.00557002 -0.00157569 0.00462955 0.0109146 0.0303304 0.0186159 0.0225917 0.00702964 0.0155742 0.0133734 0.0466184 0.04356 0.0159459 -0.00687779 -0.0147396 -0.00236797 -0.00847592 -0.00519784 1.51808e-05 0.00739359 0.0223776 -0.0195094 0.034191 -0.00940228 0.0154959 0.00755922 -0.00988237 -0.0144968
internal_weight=497 118 379 264 139 96 55 67 60 63 26 49 13 29 47 29 115 32 125 16 15 32 33 83 15 43 23 12 120 71
internal_count=497 118 379 264 139 96 55 67 60 63 26 49 13 29 47 29 115 32 125 16 15 32 33 83 15 43 23 12 120 71
is_linear=0
shrinkage=0.03


Tree=12
num_leaves=31
num_cat=0
split_feature=68 55 66 88 93 82 17 30 79 70 84 17 11 6 10 15 39 32 5 53 42 16 3 2 58 48 79 93 49 15
split_gain=51.7759 16.8179 14.5122 12.724 11.8175 12.8157 13.752 9.49028 10.0159 9.03077 8.98508 8.50548 8.2647 7.748 9.71718 7.39522 7.33122 7.62544 7.27547 6.57544 6.51615 6.32301 6.20399 5.22396 5.00631 4.91752 4.87588 4.49287 4.07704 4.04859
threshold=16.783333333333335 0.028222066744991746 2.7136363636363643 1272.9783392933959 39750.000000000007 9.6068391683551742 -0.097832585187641138 0.14641053079875635 34.984547025824909 49.500000000000007 0.11681535840034486 0.19349208133485077 -0.21648139147927545 -1.1891703427836628 -0.56435637102521785 -0.55066313247887688 -0.02381576945598254 0.55112705957842112 1.7337411959853297 -0.14639835319593411 -0.21267045682252025 -1.4305662061641538 -1.9635153653962176 -1.557840783687096 0.018809056060279536 0.2856284690969198 18.323302945058749 1252.5000000000002 -0.13076784964257226 0.033954657571655479
decision_type=2 2 2 2 2 2 2 2 2 2 2 2 2 2 2 2 2 2 2 2 2 2 2 2 2 2 2 2 2 2
left_child=1 3 16 10 5 24 15 8 13 -3 -1 21 -10 -8 -15 -7 25 20 26 -16 -18 -5 -6 -23 -4 -2 -11 -26 -17 -25
right_child=2 9 4 11 22 6 7 -9 12 18 -12 -13 -14 14 19 28 17 -19 -20 -21 -22 23 -24 29 27 -27 -28 -29 -30 -31
leaf_value=-0.01697111998995145 -0.024312409725454117 0.030454438626766205 -0.015488986326982417 0.041983902103134567 0.024520529106259344 0.022989572286605819 0.050770174026489256 -0.014998589541230883 0.067365602936063487 -0.015976035180299178 0.033186855018138887 0.051413222216069698 0.019383226931095125 -0.024081286713480948 -0.00097616653889417678 0.0095560753047466123 0.040477211594581591 -0.012609480337001556 0.027348549067974088 0.026221945350989696 -0.0031802637269720438 0.037475724667310729 -0.0095859001651115248 -0.0095548392087220942 -0.01438738161697984 0.0067860162556171418 0.01006975124279658 0.022846607054982863 -0.02106611376007398 0.019153648962965234
leaf_weight=8.9999999999999982 54 8.9999999999999982 31 13.999999999999995 4.9999999999999991 6.0000000000000027 4.9999999999999991 6.9999999999999991 7 23 4.9999999999999991 15.999999999999998 5.9999999999999982 5.9999999999999991 11.999999999999995 5.0000000000000062 5 43 5.9999999999999991 24.000000000000004 7.9999999999999982 7.9999999999999956 120 7.0000000000000133 4.9999999999999982 4.9999999999999991 8.9999999999999982 7 17.999999999999996 11.999999999999998
leaf_count=9 54 9 31 14 5 6 5 7 7 23 5 16 6 6 12 5 5 43 6 24 8 8 120 7 5 5 9 7 18 12
internal_value=-3.4257e-11 0.0173534 -0.00540292 0.0265683 -0.00152842 0.00449067 0.0105872 0.0180574 0.0219139 0.0034332 0.000942443 0.0328623 0.0452199 0.0154676 0.0112649 -0.00667146 -0.0142974 -0.00652257 -0.00296657 0.0171559 0.0136111 0.0256229 -0.00822164 0.0171395 -0.00912021 -0.0216769 -0.00865066 0.00733245 -0.0144091 0.00857684
internal_weight=497 118 379 71 264 139 96 67 60 47 14 57 13 47 42 29 115 56 38 36 13 41 125 27 43 59 32 12 23 19
internal_count=497 118 379 71 264 139 96 67 60 47 14 57 13 47 42 29 115 56 38 36 13 41 125 27 43 59 32 12 23 19
is_linear=0
shrinkage=0.03


Tree=13
num_leaves=31
num_cat=0
split_feature=68 55 66 93 82 17 47 20 45 45 8 53 43 43 93 15 14 93 39 66 3 81 39 23 80 48 63 6 61 84
split_gain=48.716 15.9428 13.6546 11.1191 12.0583 12.9393 10.7436 9.11009 10.8302 9.08315 9.01059 8.5441 8.35304 8.06372 7.84335 6.95817 6.91277 7.49096 6.49629 5.85054 5.83734 4.96033 4.79651 4.6978 4.64319 4.43456 4.37538 4.32307 4.04608 3.97458
threshold=16.783333333333335 0.0021929808158951667 2.7136363636363643 39750.000000000007 9.6068391683551742 -0.097832585187641138 0.137086811234015 0.23603743068234048 -0.15304041555283071 1.0211791300112492 -0.46161692482850897 -0.034707890277778673 0.73351372227808953 0.32656411457740797 13913.500000000002 -0.55066313247887688 0.58154848226676992 663.50000000000011 1.5882880184228083 6.6833333333333345 -1.9635153653962176 48.378052193769115 1.117601784371012 0.016982063553730862 76.737217773437507 -0.33402850194572586 0.01724797904839508 0.50776935115639599 0.011057786883164314 0.057024126872420318
decision_type=2 2 2 2 2 2 2 2 2 2 2 2 2 2 2 2 2 2 2 2 2 2 2 2 2 2 2 2 2 2
left_child=1 6 16 4 22 15 11 8 23 19 -3 -1 -13 18 -8 -6 21 -18 25 -10 -5 -2 -4 -7 -9 -12 -23 -24 -15 -22
right_child=2 10 3 20 5 7 14 24 9 -11 13 12 -14 28 -16 -17 17 -19 -20 -21 29 26 27 -25 -26 -27 -28 -29 -30 -31
leaf_value=-0.013701668935162673 0.010531211167573929 -0.021261348525683083 -0.01472110855509527 0.023784913360141217 0.022299885153770432 0.0080488378182053538 0.057338691779545356 0.023484221756458288 0.014560191115098337 -0.014652088673785328 0.021515690069645654 0.038583644284651816 -0.0042093759775161735 0.039198360280557114 0.026116635888814924 -0.013976842892234741 0.031706891834735872 -0.0082689823913905357 0.032284793257713315 0.040748750830397883 0.00083462553719679516 -0.014826213896122513 0.025411272197961809 -0.020623696148395539 0.064368814229965196 -0.0070970278577162657 -0.029528315802072658 -0.012359264373779294 0.0066508931815624228 -0.012240146876147558
leaf_weight=7.0000000000000027 4.9999999999999991 8.9999999999999982 32 4.9999999999999991 6.0000000000000027 12.000000000000002 14.000000000000002 4.9999999999999982 14.000000000000002 4.9999999999999991 5.9999999999999956 13.000000000000002 5.9999999999999991 10.999999999999998 14.999999999999998 23 4.9999999999999991 27 5.9999999999999991 17 27 49 5.9999999999999982 8.9999999999999982 5 26.000000000000004 29 5 4.9999999999999991 93
leaf_count=7 5 9 32 5 6 12 14 5 14 5 6 13 6 11 15 23 5 27 6 17 27 49 6 9 5 26 29 5 5 93
internal_value=6.61951e-12 0.0168328 -0.00524083 -0.00148257 0.00435595 0.0102696 0.0286347 0.0175157 0.0128822 0.0228697 0.00652959 0.0146315 0.0250701 0.0111614 0.0411894 -0.00647131 -0.0138685 -0.00202275 0.00363895 0.0289217 -0.00797499 -0.0184355 -0.00884661 -0.00423939 0.0439265 -0.00173214 -0.0202924 0.00824285 0.0290273 -0.00929832
internal_weight=497 118 379 264 139 96 55 67 57 36 63 26 19 54 29 29 115 32 38 31 125 83 43 21 10 32 78 11 16 120
internal_count=497 118 379 264 139 96 55 67 57 36 63 26 19 54 29 29 115 32 38 31 125 83 43 21 10 32 78 11 16 120
is_linear=0
shrinkage=0.03


Tree=14
num_leaves=31
num_cat=0
split_feature=68 55 66 93 82 17 47 79 16 8 15 6 81 43 93 48 39 32 39 42 54 80 56 53 22 48 58 85 39 0
split_gain=45.8369 15.0006 12.8476 10.462 11.3456 12.1746 10.1087 8.64986 11.7864 8.47807 8.25252 8.14917 9.40518 7.58715 7.37981 6.86889 6.68828 7.04984 6.14293 6.03963 5.61721 5.33195 5.26872 5.01464 5.54091 4.58668 4.57507 4.38898 4.11973 3.98701
threshold=16.783333333333335 0.0021929808158951667 2.7136363636363643 39750.000000000007 9.6068391683551742 -0.097832585187641138 0.137086811234015 34.984547025824909 1.3765360346091196 -0.46161692482850897 -0.12862213627718608 -1.1891703427836628 62.453884954745384 0.32656411457740797 13913.500000000002 0.15071926497936913 -0.02381576945598254 0.55112705957842112 1.6237716184615865 -0.21267045682252025 -0.074238719347795495 83.085477502893539 -0.044678142622745921 -0.14639835319593411 0.12022067489530271 0.2856284690969198 0.018809056060279536 0.079701237380504622 0.61987285272980597 1.9832300408332195
decision_type=2 2 2 2 2 2 2 2 2 2 2 2 2 2 2 2 2 2 2 2 2 2 2 2 2 2 2 2 2 2
left_child=1 6 16 4 26 15 10 11 -9 -3 21 -7 23 18 -8 -6 25 19 29 -18 22 -1 -5 -13 -25 -2 -4 -22 -28 -11
right_child=2 9 3 20 5 7 14 8 -10 13 -12 12 -14 -15 -16 -17 17 -19 -20 -21 27 -23 -24 24 -26 -27 28 -29 -30 -31
leaf_value=0.016449944525957102 -0.023046225578420693 -0.020623507897059124 -0.014669501587688441 0.020015152089975091 -0.0160714358612895 0.047898298144340518 0.055618530852454037 0.058480161825815835 0.0010328593254089356 -0.0055718242762876399 0.033929387236183335 -0.0020855899019674826 -0.016701583767479114 0.028156457813456652 0.025333136305212972 0.015487853108594813 0.039197651267051686 -0.011879004134341727 0.034517479062080379 -0.0028332045860588553 -0.0083419336388250442 -0.019402280215706141 -0.0058338289707899095 0.028835575447550832 -0.0063045821506530044 0.0069878788143396377 -0.013651492103934289 -0.025184069685637949 0.022002853836332045 0.023511090517044069
leaf_weight=8.0000000000000018 54 8.9999999999999982 31 11.000000000000002 20.000000000000004 4.9999999999999991 14.000000000000002 8.9999999999999982 4.9999999999999991 28 10.999999999999998 10.999999999999995 10.999999999999998 15.999999999999998 14.999999999999998 8.9999999999999982 5 43 4.9999999999999991 7.9999999999999982 77 6.9999999999999991 20 21.000000000000007 4.9999999999999991 4.9999999999999991 4.9999999999999982 17 7 4.9999999999999991
leaf_count=8 54 9 31 11 20 5 14 9 5 28 11 11 11 16 15 9 5 43 5 8 77 7 20 21 5 5 5 17 7 5
internal_value=-7.79163e-11 0.0163279 -0.00508361 -0.00143809 0.00422527 0.0099615 0.0277757 0.0169902 0.0379633 0.00633371 0.0141926 0.0114501 0.00765344 0.0108266 0.0399537 -0.00627717 -0.0134524 -0.00602633 0.00352978 0.0133325 -0.00773574 -0.000281094 0.00333839 0.0148941 0.0220779 -0.020501 -0.00858121 -0.0113879 0.00714688 -0.00116532
internal_weight=497 118 379 264 139 96 55 67 14 63 26 53 48 54 29 29 115 56 38 13 125 15 31 37 26 59 43 94 12 33
internal_count=497 118 379 264 139 96 55 67 14 63 26 53 48 54 29 29 115 56 38 13 125 15 31 37 26 59 43 94 12 33
is_linear=0
shrinkage=0.03


Tree=15
num_leaves=31
num_cat=0
split_feature=68 47 66 88 3 93 82 17 65 20 45 45 31 15 14 93 15 56 10 3 66 36 68 89 58 80 11 49 23 0
split_gain=43.1279 14.1672 12.0883 11.797 10.604 9.84369 10.6751 11.455 8.36113 8.23566 9.65607 8.14714 7.26467 6.46296 6.33748 6.96546 5.71804 5.62776 5.72744 5.37279 5.29452 4.75786 4.59557 4.55487 4.44541 4.1802 4.15271 3.73085 3.66503 4.10935
threshold=16.783333333333335 0.137086811234015 2.7136363636363643 1295.22477816887 -0.020653478274051059 39750.000000000007 9.6068391683551742 -0.097832585187641138 9.475353956222536 0.23603743068234048 -0.15304041555283071 1.0211791300112492 -0.11874426032829118 -0.55066313247887688 0.58154848226676992 663.50000000000011 -0.49161595007463049 -0.095462624995192522 -0.59683992373857409 -1.9635153653962176 6.6833333333333345 1.9408049122720847 12.533333333333335 0.10028627142474779 -0.114150848283743 76.737217773437507 -0.72035317638337892 -0.13076784964257226 -0.043468962785354885 -2.3512530679198904
decision_type=2 2 2 2 2 2 2 2 2 2 2 2 2 2 2 2 2 2 2 2 2 2 2 2 2 2 2 2 2 2
left_child=1 3 14 -1 16 6 24 13 -6 10 23 20 -5 -8 21 -16 -3 -14 -19 -7 -12 26 -18 -9 -4 -11 -2 -15 -21 -30
right_child=2 4 5 12 8 19 7 9 -10 25 11 -13 17 27 15 -17 22 18 -20 28 -22 -23 -24 -25 -26 -27 -28 -29 29 -31
leaf_value=-0.014921954554669997 0.0094114141911268243 0.0077769512236118311 -0.025846430003643037 -0.008730115570127964 0.02721775124967097 0.022966290576383469 0.021639641523361192 -0.026183100491762146 -0.01392988905776292 0.022195510804653172 0.013575256967118804 -0.014030345080420375 -0.0097862848788499834 0.0096027736812829816 0.030818324267864228 -0.0077298980392515653 0.034503385081887238 -0.0022976821660995496 0.030001128523477479 -0.0024622175671464323 0.038488316027557146 -0.034893093258142466 0.060317300955454498 0.0047446044385433192 -0.00301387806804004 0.060988193750381454 -0.016673171013593675 -0.019690478673825666 0.0028747023036703469 -0.016383697537673731
leaf_weight=17 5.9999999999999991 4.9999999999999991 9.9999999999999982 9.9999999999999982 10.000000000000002 4.9999999999999991 6.0000000000000027 6.0000000000000027 7.9999999999999991 4.9999999999999982 14.000000000000002 4.9999999999999991 4.9999999999999991 5.0000000000000062 4.9999999999999991 27 20.000000000000004 5.9999999999999956 28.000000000000004 49 17 11.999999999999998 8.9999999999999982 14.999999999999998 33 5 65 17.999999999999996 11.999999999999998 59
leaf_count=17 6 5 10 10 10 5 6 6 8 5 14 5 5 5 5 27 20 6 28 49 17 12 9 15 33 5 65 18 12 59
internal_value=2.03785e-11 0.015838 -0.0049311 0.00661121 0.027549 -0.00139495 0.00409851 0.00966266 0.00892991 0.0164805 0.012075 0.0215056 0.0140819 -0.00608886 -0.0130489 -0.00170674 0.0374061 0.0199311 0.0243013 -0.00750367 0.0272373 -0.0174217 0.0425146 -0.00409188 -0.00832377 0.0415919 -0.0144688 -0.0133224 -0.00877325 -0.0131288
internal_weight=497 118 379 66 52 264 139 96 18 67 57 36 49 29 115 32 34 39 34 125 31 83 29 21 43 10 71 23 120 71
internal_count=497 118 379 66 52 264 139 96 18 67 57 36 49 29 115 32 34 39 34 125 31 83 29 21 43 10 71 23 120 71
is_linear=0
shrinkage=0.03


Tree=16
num_leaves=31
num_cat=0
split_feature=68 55 66 93 67 84 67 47 47 8 15 6 5 75 3 41 71 39 32 44 7 42 61 54 56 9 48 85 62 62
split_gain=40.579 13.6775 11.3739 9.26192 10.0911 13.4486 10.2254 9.05325 8.23961 7.61321 7.57431 7.26033 9.48128 7.04843 6.69948 6.61416 6.11284 6.09256 6.46713 5.79314 5.64413 5.57254 5.38521 5.15843 4.88264 4.87716 4.24751 4.09424 3.72554 3.58318
threshold=16.783333333333335 0.0021929808158951667 2.7136363636363643 39750.000000000007 183.00000000000003 0.29665915668010717 264.50000000000006 0.137086811234015 0.51719499474142061 -0.46161692482850897 -0.12862213627718608 -0.18069997071368235 -0.20462578705691345 0.16204051012753193 0.7042615931066295 -0.29281835845836041 8.5000000000000018 -0.02381576945598254 0.55112705957842112 0.32998283118974431 -0.171208863517708 -0.21267045682252025 0.064899216548693725 -0.074238719347795495 -0.044678142622745921 -0.63029127205489799 0.2856284690969198 0.079701237380504622 -0.068332417763845077 -0.066447233187349158
decision_type=2 2 2 2 2 2 2 2 2 2 2 2 2 2 2 2 2 2 2 2 2 2 2 2 2 2 2 2 2 2
left_child=1 7 17 4 5 11 -6 10 15 -3 25 12 -4 20 29 -8 -15 26 21 -14 28 -19 -10 24 -5 -1 -2 -25 -11 -9
right_child=2 9 3 23 6 -7 8 14 22 13 -12 -13 19 16 -16 -17 -18 18 -20 -21 -22 -23 -24 27 -26 -27 -28 -29 -30 -31
leaf_value=0.023765650033950807 -0.021834044877905398 -0.019725588858127596 -0.016326400942423124 0.019387831376357505 0.054017913222312926 0.039720920622348783 0.004065067684768062 0.030684771180152875 -0.017727534323930736 0.017227551341056819 0.032348131185228175 -0.01473454157172074 0.032025033831596376 0.021956442117691023 0.0062278916090726848 0.028493877423128911 -0.017524870075285436 0.037816634416580196 -0.011175306326774664 -0.006920438826084137 0.025541770984232423 -0.002556210430338979 0.018907984100282191 -0.0078364860121305883 -0.0054960593758150936 -0.012522543668746942 0.0070682705193758008 -0.024103276725201045 -0.016203902885317804 0.054197185635566712
leaf_weight=4.9999999999999991 54 8.9999999999999982 11.000000000000002 11.000000000000002 4.9999999999999991 5.9999999999999991 19 10.000000000000005 13.000000000000002 6 10.999999999999998 43 10.999999999999998 5.0000000000000027 4.9999999999999991 21 11.999999999999998 5 43 4.9999999999999991 25 7.9999999999999982 4.9999999999999991 77 20 10.000000000000002 4.9999999999999991 17 5.9999999999999982 13.999999999999998
leaf_count=5 54 9 11 11 5 6 19 10 13 6 11 43 11 5 5 21 12 5 43 5 25 8 5 77 20 10 5 17 6 14
internal_value=-1.44758e-11 0.0153629 -0.00478317 -0.0013531 0.00397556 -0.00338391 0.0128536 0.0262942 0.00930499 0.00581968 0.0134397 -0.00707861 0.00511418 0.0100772 0.0378189 0.0168902 -0.00591272 -0.0126574 -0.00556973 0.0198546 0.017424 0.0129718 -0.007551 -0.00727856 0.00333371 -0.000426479 -0.0193847 -0.0107784 0.000511824 0.0444003
internal_weight=497 118 379 264 139 76 63 55 58 63 26 70 27 54 29 40 17 115 56 16 37 13 18 125 31 15 59 94 12 24
internal_count=497 118 379 264 139 76 63 55 58 63 26 70 27 54 29 40 17 115 56 16 37 13 18 125 31 15 59 94 12 24
is_linear=0
shrinkage=0.03


Tree=17
num_leaves=31
num_cat=0
split_feature=68 55 47 66 20 7 62 93 82 17 79 16 6 81 48 81 1 77 3 53 22 39 58 88 30 34 13 52 78 93
split_gain=38.1808 12.9938 10.8895 10.7017 8.85807 10.9921 8.94435 8.71454 9.63815 10.429 7.56008 10.4015 6.96624 8.28737 6.00189 5.85474 5.68475 5.01034 4.94503 4.43217 4.82604 4.13008 4.415 4.00336 3.90207 3.5937 3.47114 3.4674 3.16588 3.68357
threshold=16.783333333333335 -0.035429702275910156 -0.24697731858113023 2.7136363636363643 0.49192634118268708 -0.31097531231107872 0.058694073691662303 39750.000000000007 9.6068391683551742 -0.097832585187641138 34.984547025824909 1.3765360346091196 -1.1891703427836628 62.453884954745384 0.15071926497936913 48.378052193769115 -2.3584975044642018 1.5000000000000002 -1.9635153653962176 -0.14639835319593411 0.12022067489530271 0.61987285272980597 0.018809056060279536 1138.9760518485275 0.13132858864660898 -0.63257148888534087 0.87798968848181835 -0.26725257590897367 76.552930609139253 233023.50000000003
decision_type=2 2 2 2 2 2 2 2 2 2 2 2 2 2 2 2 2 2 2 2 2 2 2 2 2 2 2 2 2 2
left_child=1 2 -1 15 5 -3 17 8 21 14 12 -12 -11 19 -10 -2 -17 23 -9 -14 -21 -5 -23 -7 27 -4 28 -18 -20 -30
right_child=3 4 25 7 -6 6 -8 18 9 10 11 -13 13 -15 -16 16 24 -19 26 20 -22 22 -24 -25 -26 -27 -28 -29 29 -31
leaf_value=0.0033881169286641205 0.012477892935276031 -0.012453984793113625 0.030188276407619317 -0.017030980339781805 0.039970571579677712 -0.01275359158962964 0.038014057874679562 0.022171662200242279 -0.015041562750935553 0.044168372154235837 0.054529909690221146 0.00056315249204635617 -0.0022073914923451169 -0.015902991755442186 0.014458842650055885 0.014242141246795655 -0.036142480373382566 -0.014968690294772387 -0.025305652040988207 0.02681616467689828 -0.0059789045294746752 -0.0081575808115303492 0.021022290459700992 0.016652616029977797 -0.035918974913656712 0.051953268267891609 -0.030518633127212525 -0.01256325298599128 -0.00093086955183353576 -0.012245417873064676
leaf_weight=10.999999999999998 7.9999999999999991 23 18 22 6.9999999999999991 5.0000000000000027 9.9999999999999982 4.9999999999999991 20.000000000000004 4.9999999999999991 8.9999999999999982 4.9999999999999991 10.999999999999995 10.999999999999998 8.9999999999999982 5.9999999999999991 5.9999999999999991 7.9999999999999991 7.9999999999999991 21.000000000000007 4.9999999999999991 14.000000000000002 6.9999999999999991 25 7.9999999999999991 11.000000000000002 5.9999999999999991 87 61 45
leaf_count=11 8 23 18 22 7 5 10 5 20 5 9 5 11 11 9 6 6 8 8 21 5 14 7 25 8 11 6 87 61 45
internal_value=9.24764e-12 0.014902 0.0288036 -0.00463967 0.00777296 0.00459855 0.0127696 -0.00131251 0.00385629 0.00914329 0.0156486 0.0352561 0.0104693 0.00695897 -0.00588626 -0.0122777 -0.0141286 0.00612626 -0.0070602 0.0137558 0.0205094 -0.00794725 0.00156904 0.0117516 -0.015814 0.038444 -0.0082782 -0.0140845 -0.00710765 -0.00573422
internal_weight=497 118 40 379 78 71 48 264 139 96 67 14 53 48 29 115 107 38 125 37 26 43 21 30 101 29 120 93 114 106
internal_count=497 118 40 379 78 71 48 264 139 96 67 14 53 48 29 115 107 38 125 37 26 43 21 30 101 29 120 93 114 106
is_linear=0
shrinkage=0.03


Tree=18
num_leaves=31
num_cat=0
split_feature=68 55 66 11 63 47 93 82 17 56 20 45 45 29 14 93 75 42 66 54 56 15 89 58 85 68 80 63 5 32
split_gain=35.9243 12.2529 10.0692 8.96265 9.3712 8.40468 8.19952 9.06854 9.81268 8.07825 7.17134 8.12073 7.13828 5.77868 5.68408 6.39731 5.61789 5.6077 4.76306 4.73443 4.50489 4.31732 4.12849 3.97112 3.72878 3.72614 3.62355 3.43467 3.41898 3.31296
threshold=16.783333333333335 -0.043484476777255636 2.7136363636363643 -0.15885636224143082 0.0096919823680653942 -0.24697731858113023 39750.000000000007 9.6068391683551742 -0.097832585187641138 -0.095462624995192522 0.23603743068234048 -0.15304041555283071 1.0211791300112492 -0.054720616375707187 0.58154848226676992 663.50000000000011 0.057983193277310933 -0.31645159011411506 6.6833333333333345 -0.074238719347795495 -0.044678142622745921 0.53853509250610254 0.10028627142474779 -0.114150848283743 0.079701237380504622 12.346666666666669 76.737217773437507 0.01724797904839508 -0.0042038982679203354 2.2362445100886723
decision_type=2 2 2 2 2 2 2 2 2 2 2 2 2 2 2 2 2 2 2 2 2 2 2 2 2 2 2 2 2 2
left_child=1 5 14 9 -5 28 7 23 13 -3 11 22 18 -9 21 -16 -6 -11 -13 20 -8 27 -10 -4 -21 -19 -12 -2 -1 -23
right_child=2 3 6 4 16 -7 19 8 10 17 26 12 -14 -15 15 -17 -18 25 -20 24 -22 29 -24 -25 -26 -27 -28 -29 -30 -31
leaf_value=-0.011869817733764648 -0.013813685143366455 -0.01135153166949749 -0.02427035477757454 -0.014624026451598514 0.034883723003523673 0.038034625788434188 0.018738966204903337 0.014253533134857808 -0.024789644628763183 0.043621424544941279 0.020553049206733703 0.012123486605206768 -0.013546433564275503 -0.014693120229989289 0.030002552032470702 -0.0069401083369221945 0.0036570610608905553 0.0255568344484676 0.035753103512174943 -0.0073937689362988841 -0.0051629499765112998 0.011601729160174728 0.0046549386382102962 -0.0026901870661161162 -0.022917600602788083 -0.0056773109436035153 0.056670587539672836 -0.027661758280462686 0.023213407337665561 -0.015700562987476588
leaf_weight=5 40 5.9999999999999991 9.9999999999999982 22 7.0000000000000027 26 11.000000000000002 9.0000000000000018 6.0000000000000027 11.000000000000002 4.9999999999999982 14.000000000000002 4.9999999999999991 20 4.9999999999999991 27 20 10.999999999999998 17 77 20 7.9999999999999991 14.999999999999998 33 17 4.9999999999999991 5 27 4.9999999999999982 7.9999999999999991
leaf_count=5 40 6 10 22 7 26 11 9 6 11 5 14 5 20 5 27 20 11 17 77 20 8 15 33 17 5 5 27 5 8
internal_value=-1.79331e-11 0.0144549 -0.00450048 0.00804956 -8.98224e-05 0.029045 -0.00127313 0.0037406 0.00886899 0.0201353 0.0151792 0.0110682 0.0197167 -0.00570968 -0.0119094 -0.00116782 0.0117529 0.0271324 0.0250817 -0.0068484 0.00331838 -0.0160507 -0.0037578 -0.00770883 -0.0102013 0.0157962 0.0386118 -0.0193943 0.00567179 -0.00204942
internal_weight=497 118 379 82 49 36 264 139 96 33 67 57 36 29 115 32 27 27 31 125 31 83 21 43 94 16 10 67 10 16
internal_count=497 118 379 82 49 36 264 139 96 33 67 57 36 29 115 32 27 27 31 125 31 83 21 43 94 16 10 67 10 16
is_linear=0
shrinkage=0.03


Tree=19
num_leaves=31
num_cat=0
split_feature=68 55 66 88 93 67 84 67 47 6 5 84 17 7 31 41 81 44 1 16 61 3 2 48 30 23 0 62 30 9
split_gain=33.8012 11.671 9.47411 9.23881 7.71492 8.63657 11.5907 9.09037 7.23867 6.6134 8.47473 6.50599 6.47332 6.38033 6.04824 5.60135 5.45976 5.2241 5.12386 4.79844 4.69116 4.5514 3.82914 3.73228 3.74001 3.18672 3.75509 3.13502 2.86118 2.84448
threshold=16.783333333333335 0.028222066744991746 2.7136363636363643 1272.9783392933959 39750.000000000007 183.00000000000003 0.29665915668010717 264.50000000000006 0.51719499474142061 -0.18069997071368235 -0.20462578705691345 0.11681535840034486 0.19349208133485077 0.25349442493383489 -0.047523921417256906 -0.29281835845836041 48.378052193769115 0.32998283118974431 -2.3584975044642018 -1.4305662061641538 0.064899216548693725 -1.9635153653962176 -1.557840783687096 0.2856284690969198 0.13132858864660898 -0.0493636510400218 -2.3512530679198904 0.035055283192269117 -0.055861072109145836 0.38758372477856767
decision_type=2 2 2 2 2 2 2 2 2 2 2 2 2 2 2 2 2 2 2 2 2 2 2 2 2 2 2 2 2 2
left_child=1 3 16 11 5 6 9 -7 15 10 -4 -1 19 -3 -15 -9 -2 -12 -18 -5 -10 -6 -21 24 -20 -23 -27 -24 -11 -17
right_child=2 13 4 12 21 7 -8 8 20 28 17 -13 -14 14 -16 29 18 -19 23 22 -22 25 27 -25 -26 26 -28 -29 -30 -31
leaf_value=-0.015381662696599959 0.012353883627802133 -0.007943832197785378 -0.015243747694925822 0.034997941585523752 0.021401347182691096 0.05065417742729187 0.03683669731020927 0.0038030077673886953 -0.016801321059465406 0.0011240921542048454 0.030520111701705242 0.027299454510211943 0.043244592994451519 -0.014796355426311482 0.022738753430107058 0.03326678586006164 0.013595312461256981 -0.006463191121816635 -0.015095567381275552 0.030765851363539709 0.017391990792006255 -0.0018239221931435168 -0.0022547990035337298 0.0024572424665093421 -0.037919446911130632 0.0035165392607450483 -0.014867087388411164 0.023961487524211407 -0.017898406119031065 0.0088262189738452426
leaf_weight=8.9999999999999982 7.9999999999999991 25 11.000000000000002 13.999999999999995 4.9999999999999991 4.9999999999999991 5.9999999999999991 19 13.000000000000002 8.9999999999999982 10.999999999999998 4.9999999999999991 15.999999999999998 5.0000000000000027 17 15.000000000000002 5.9999999999999991 4.9999999999999991 84 7.9999999999999956 4.9999999999999991 48 13.000000000000012 9.9999999999999982 6.9999999999999991 11.999999999999998 60 5.9999999999999991 34 5.9999999999999991
leaf_count=9 8 25 11 14 5 5 6 19 13 9 11 5 16 5 17 15 6 5 84 8 5 48 13 10 7 12 60 6 34 6
internal_value=4.96112e-12 0.0140213 -0.00436547 0.0216976 -0.00123494 0.00362838 -0.00318006 0.0118417 0.00849585 -0.00661007 0.00502682 -0.000138407 0.0270608 0.00242513 0.014208 0.0156054 -0.0115521 0.0189628 -0.0133394 0.0207452 -0.00730318 -0.00664295 0.0133549 -0.0149395 -0.0168513 -0.00781146 -0.0118031 0.00602403 -0.013917 0.0262838
internal_weight=497 118 379 71 264 139 76 63 58 70 27 14 57 47 22 40 115 16 107 41 18 125 27 101 91 120 72 19 43 21
internal_count=497 118 379 71 264 139 76 63 58 70 27 14 57 47 22 40 115 16 107 41 18 125 27 101 91 120 72 19 43 21
is_linear=0
shrinkage=0.03


Tree=20
num_leaves=31
num_cat=0
split_feature=68 55 66 88 93 82 17 79 16 70 84 17 6 81 48 14 93 39 13 54 56 36 53 22 58 85 11 42 6 7
split_gain=31.8036 10.9812 8.91419 8.69279 7.25897 8.14488 8.89679 6.5995 9.20897 6.1226 6.12149 6.09074 5.98303 7.25397 5.34331 5.22271 5.9318 5.12449 4.59869 4.34309 4.17572 4.01473 3.86263 4.1568 3.7425 3.48071 3.4137 3.40964 3.34809 3.33851
threshold=16.783333333333335 0.028222066744991746 2.7136363636363643 1272.9783392933959 39750.000000000007 9.6068391683551742 -0.097832585187641138 34.984547025824909 1.3765360346091196 49.500000000000007 0.11681535840034486 0.19349208133485077 -1.1891703427836628 62.453884954745384 0.15071926497936913 0.58154848226676992 663.50000000000011 1.1003168881436232 0.72057942520125751 -0.074238719347795495 -0.044678142622745921 1.9408049122720847 -0.14639835319593411 0.12022067489530271 0.018809056060279536 0.079701237380504622 -0.72035317638337892 -1.0000000180025095e-35 -0.77751551082198722 0.81639204436075308
decision_type=2 2 2 2 2 2 2 2 2 2 2 2 2 2 2 2 2 2 2 2 2 2 2 2 2 2 2 2 2 2
left_child=1 3 15 10 5 24 14 12 -9 -3 -1 18 -8 22 -7 21 -17 29 28 20 -6 26 -14 -24 -4 -21 -2 -26 -5 -11
right_child=2 9 4 11 19 6 7 8 -10 17 -12 -13 13 -15 -16 16 -18 -19 -20 25 -22 -23 23 -25 27 -27 -28 -29 -30 -31
leaf_value=-0.014920213123162586 0.0091886972635984408 0.024601402878761291 -0.01283769204852081 0.0033470322489738487 0.018140404075384132 -0.014140306748449799 0.040779639959335326 0.050843072334925334 6.4013868570327761e-05 -0.011857436771194141 0.026480470776557921 0.041947255320847032 -0.0022474177723581148 -0.015093207779255781 0.013694573628405728 0.029105734705924986 -0.0064674433693289752 0.022525040507316588 0.002432891607284546 -0.0069424692139803583 -0.0048717172080650923 -0.03122423969209194 0.024812798808727936 -0.0056235828660428522 -0.0066211226795400884 -0.021941013204700807 -0.014461273749287311 0.025815241500735286 0.030152839252572998 0.014829944193363189
leaf_weight=8.9999999999999982 5.9999999999999991 8.9999999999999982 31 4.9999999999999956 11.000000000000002 20.000000000000004 4.9999999999999991 8.9999999999999982 4.9999999999999991 27 4.9999999999999991 15.999999999999998 10.999999999999995 10.999999999999998 8.9999999999999982 4.9999999999999991 27 5.9999999999999991 9.9999999999999982 77 20 11.999999999999998 21.000000000000007 4.9999999999999991 7 17 65 4.9999999999999982 26.000000000000007 4.9999999999999991
leaf_count=9 6 9 31 5 11 20 5 9 5 27 5 16 11 11 9 5 27 6 10 77 20 12 21 5 7 17 65 5 26 5
internal_value=2.81786e-12 0.0136006 -0.0042345 0.0210467 -0.00119789 0.00351953 0.00837974 0.0143882 0.0327077 0.00235238 -0.000134255 0.026249 0.0095491 0.00629592 -0.0055019 -0.0112055 -0.000909134 -0.00291713 0.0201229 -0.00644366 0.00329387 -0.0151752 0.0126548 0.0189596 -0.00733117 -0.00965497 -0.0124627 0.00689403 0.0258293 -0.00768753
internal_weight=497 118 379 71 264 139 96 67 14 47 14 57 53 48 29 115 32 38 41 125 31 83 37 26 43 94 71 12 31 32
internal_count=497 118 379 71 264 139 96 67 14 47 14 57 53 48 29 115 32 38 41 125 31 83 37 26 43 94 71 12 31 32
is_linear=0
shrinkage=0.03


Tree=21
num_leaves=31
num_cat=0
split_feature=68 55 66 14 93 67 84 67 47 8 6 5 84 75 81 41 44 71 14 93 7 61 3 15 64 48 15 62 13 43
split_gain=29.924 10.3726 8.38736 7.09894 6.82997 7.72731 10.4927 8.34858 6.53298 6.30374 6.01916 7.78641 5.99959 5.75327 5.13899 4.92123 4.88583 4.79597 4.49102 6.22413 4.26073 4.24259 4.18896 4.00343 3.89352 3.71924 3.40305 3.10504 3.07731 2.86473
threshold=16.783333333333335 0.0021929808158951667 2.7136363636363643 -0.46833529881271002 39750.000000000007 183.00000000000003 0.29665915668010717 264.50000000000006 0.51719499474142061 -0.46161692482850897 -0.18069997071368235 -0.20462578705691345 0.060961885377764709 0.16204051012753193 41.933467844155494 -0.29281835845836041 0.32998283118974431 8.5000000000000018 0.58154848226676992 663.50000000000011 -0.171208863517708 0.064899216548693725 -1.9635153653962176 -0.12862213627718608 6.3412956371643832 0.26920737168736292 -0.089476505127242575 -0.068332417763845077 0.87798968848181835 0.033481940302257214
decision_type=2 2 2 2 2 2 2 2 2 2 2 2 2 2 2 2 2 2 2 2 2 2 2 2 2 2 2 2 2 2
left_child=1 3 14 23 5 6 10 -7 15 -3 11 -4 -5 20 -2 -9 -13 -15 25 -20 27 -10 -6 -1 -14 26 -16 -11 -24 -22
right_child=2 9 4 12 22 7 -8 8 21 13 -12 16 24 17 18 -17 -18 -19 19 -21 29 -23 28 -25 -26 -27 -28 -29 -30 -31
leaf_value=-0.017718982771039005 0.018876242101192472 -0.018362833162148793 -0.014617814191363069 0.005333400873932987 0.020654162161052224 0.048378084540367128 0.035048088431358336 0.0036678899412876682 -0.016065330230272731 0.015959878861904142 -0.013260526901414228 0.029347057423808356 0.017288356026013692 0.018995190203189839 -0.026375670369182314 0.024739688954183034 -0.0064188379347324374 -0.015975847868248818 0.028232563018798805 -0.0084336711823940272 0.010990024960853832 0.016452100362628699 -0.0062692218746891928 0.016500950641930107 0.040299639129638673 0.002234709213177363 -0.012936526339414509 -0.01456077827140689 -0.028312174975872038 0.031448477804660799
leaf_weight=5 4.9999999999999991 8.9999999999999982 11.000000000000002 7.9999999999999991 4.9999999999999991 4.9999999999999991 5.9999999999999991 19 13.000000000000002 6 43 10.999999999999998 8.9999999999999982 5.0000000000000027 28 21 4.9999999999999991 11.999999999999998 5.0000000000000027 25 11.000000000000002 4.9999999999999991 114 7.9999999999999982 25 8.9999999999999982 43 5.9999999999999982 5.9999999999999991 13.999999999999998
leaf_count=5 5 9 11 8 5 5 6 19 13 6 43 11 9 5 28 21 5 12 5 25 11 5 114 8 25 9 43 6 6 14
internal_value=-2.47915e-11 0.0131926 -0.00410747 0.0227121 -0.00116195 0.00341395 -0.00302614 0.0111829 0.00797646 0.00488197 -0.00628965 0.00481213 0.0287084 0.0087561 -0.0108693 0.0147306 0.0181702 -0.00569025 -0.0122214 -0.00232263 0.0153936 -0.00703271 -0.00625035 0.00333944 0.0342084 -0.0159335 -0.0182365 0.00069955 -0.00737137 0.0224468
internal_weight=497 118 379 55 264 139 76 63 58 63 70 27 42 54 115 40 16 17 110 30 37 18 125 13 34 80 71 12 120 25
internal_count=497 118 379 55 264 139 76 63 58 63 70 27 42 54 115 40 16 17 110 30 37 18 125 13 34 80 71 12 120 25
is_linear=0
shrinkage=0.03


Tree=22
num_leaves=31
num_cat=0
split_feature=68 55 66 11 63 47 56 93 82 17 20 45 45 29 39 32 42 42 75 66 54 56 89 48 58 48 68 5 80 34
split_gain=28.1555 9.88583 7.89167 7.28859 7.94282 6.96491 6.70398 6.42632 7.3519 8.1007 5.99243 6.47496 6.06518 4.95539 4.84556 5.44111 4.79784 4.75649 4.74951 4.16071 4.01955 3.89155 3.67456 3.54417 3.48399 3.28214 3.04955 3.02415 3.0201 3.00843
threshold=16.783333333333335 -0.043484476777255636 2.7136363636363643 -0.15885636224143082 0.0096919823680653942 -0.24697731858113023 -0.095462624995192522 39750.000000000007 9.6068391683551742 -0.097832585187641138 0.23603743068234048 -0.15304041555283071 1.0211791300112492 -0.054720616375707187 -0.02381576945598254 0.55112705957842112 -0.21267045682252025 -0.31645159011411506 0.057983193277310933 6.6833333333333345 -0.074238719347795495 -0.044678142622745921 0.10028627142474779 0.2856284690969198 -0.114150848283743 -0.051958280697844507 12.346666666666669 -0.0042038982679203354 76.737217773437507 -0.63257148888534087
decision_type=2 2 2 2 2 2 2 2 2 2 2 2 2 2 2 2 2 2 2 2 2 2 2 2 2 2 2 2 2 2
left_child=1 5 14 6 -5 27 -3 8 24 13 11 22 19 -10 23 16 -16 -8 -6 -13 21 -9 -11 -2 -4 -22 -19 -1 -12 -7
right_child=2 3 7 4 18 29 17 20 9 10 28 12 -14 -15 15 -17 -18 26 -20 -21 25 -23 -24 -25 -26 -27 -28 -29 -30 -31
leaf_value=-0.011872854709625241 -0.018780112103041674 -0.010741698034107685 -0.022509960561990738 -0.01367739408869635 0.031874379260199391 0.026660469272995695 0.039502399401231229 0.017637413198297668 0.013169574389855061 -0.023176097422838198 0.018595971822738647 0.010461275388619726 -0.013034030122216791 -0.013635860893875361 0.035838101685047141 -0.0093641246196835542 -0.0016234681382775308 0.022706005844202907 0.0031623826799914243 0.032546259410241071 -0.018725907607004044 -0.0045778742213733493 0.0046026363968849184 0.0076210238188505162 -0.0022966730730100112 -0.0058698142955877948 -0.0055504674017429348 0.021122498810291292 0.051569231986999496 0.048110694686571739
leaf_weight=5 54 5.9999999999999991 9.9999999999999982 22 7.0000000000000027 17 11.000000000000002 11.000000000000002 9.0000000000000018 6.0000000000000027 4.9999999999999982 14.000000000000002 4.9999999999999991 20 5 43 7.9999999999999982 10.999999999999998 20 17 24 20 14.999999999999998 4.9999999999999991 33 70 4.9999999999999991 4.9999999999999982 5 9.0000000000000018
leaf_count=5 54 6 10 22 7 17 11 11 9 6 5 14 5 20 5 43 8 11 20 17 24 20 15 5 33 70 5 5 5 9
internal_value=-2.31894e-12 0.0127968 -0.00398424 0.00704336 -0.00029662 0.025902 0.0179421 -0.00112709 0.00331153 0.00792908 0.0136624 0.00990451 0.0176271 -0.00531693 -0.0105433 -0.0042224 0.0127848 0.0243163 0.0106062 0.0225724 -0.00606284 0.00330497 -0.00333414 -0.0165427 -0.00699744 -0.00915222 0.0138759 0.00462482 0.0350826 0.0340855
internal_weight=497 118 379 82 49 36 33 264 139 96 67 57 36 29 115 56 13 27 27 31 125 31 21 59 43 94 16 10 10 26
internal_count=497 118 379 82 49 36 33 264 139 96 67 57 36 29 115 56 13 27 27 31 125 31 21 59 43 94 16 10 10 26
is_linear=0
shrinkage=0.03


Tree=23
num_leaves=31
num_cat=0
split_feature=68 47 88 3 66 93 16 10 51 65 48 88 78 81 81 19 56 19 81 30 52 3 56 43 10 35 30 93 51 46
split_gain=26.4915 9.32916 8.35339 7.56796 7.42527 6.04652 7.02908 10.8331 9.81162 6.02827 5.28256 5.3774 5.26343 5.0732 4.64041 4.43883 5.69439 4.37239 4.20157 4.18894 3.88006 3.8526 3.20995 3.19865 4.25526 3.78311 3.1919 3.73465 3.17063 2.98904
threshold=16.783333333333335 0.137086811234015 1295.22477816887 -0.020653478274051059 2.7136363636363643 39750.000000000007 -0.65770188178737798 -0.3732784953044383 0.030604914754413983 9.475353956222536 -0.33402850194572586 1463.291190658919 114.8913527922454 65.271928796593357 48.378052193769115 -0.1554478792462633 0.089385693749999676 0.1272945166666915 62.867441048636444 0.01192875624320395 0.13384298038000103 -1.9635153653962176 0.26634807145467487 0.86053362570299419 0.12745273707132357 1.5901557421083712 0.13132858864660898 691.50000000000011 -0.08183893502276815 -0.46959215099034418
decision_type=2 2 2 2 2 2 2 2 2 2 2 2 2 2 2 2 2 2 2 2 2 2 2 2 2 2 2 2 2 2
left_child=1 2 -1 20 14 6 -6 8 19 -5 -4 -12 -13 15 -2 -9 18 26 23 -8 28 -7 -18 24 -17 -26 27 -16 -3 -14
right_child=4 3 10 9 5 21 7 13 -10 -11 11 12 29 -15 17 16 22 -19 -20 -21 -22 -23 -24 -25 25 -27 -28 -29 -30 -31
leaf_value=-0.013194297394331762 0.011812303327023982 0.022613529425114385 0.028508418798446657 0.021715169325470917 -0.026083335195268901 0.019920793399214744 0.024886722181524538 -0.0095890741717691227 -9.5381811261177065e-05 -0.013223693445324897 0.034535585403442377 0.019128017462790012 0.0090658251355801318 -0.01364319519450267 0.013432248562574385 -0.0087458618730306623 0.031926035528833219 0.013006596118211746 0.022837187424302099 0.059046916961669908 0.011973345950245858 -0.0069560254420503037 0.0029359933733940123 -0.014081429056823252 0.020678028345108027 -0.0048677456751465798 -0.031536538749933243 -0.013221684070092372 0.044147337600588796 -0.014675417535006997
leaf_weight=17 7.9999999999999991 10.000000000000002 11.999999999999998 10.000000000000002 6.9999999999999991 4.9999999999999991 7.0000000000000018 18 8.9999999999999982 7.9999999999999991 4.9999999999999991 9.9999999999999982 6.9999999999999991 18 4.9999999999999991 14.999999999999998 10.999999999999998 5.9999999999999991 7.9999999999999991 6 7.9999999999999991 120 4.9999999999999991 11.999999999999998 15.000000000000002 7.9999999999999991 7.9999999999999991 88 15.999999999999998 15.000000000000002
leaf_count=17 8 10 12 10 7 5 7 18 9 8 5 10 7 18 5 15 11 6 8 6 8 120 5 12 15 8 8 88 16 15
internal_value=2.28942e-11 0.0124129 0.00492554 0.0219162 -0.00386472 -0.00109328 0.00321218 0.00476573 0.0239832 0.00618679 0.011212 0.00560237 0.00108155 0.00092224 -0.010227 0.003772 0.00702199 -0.0118748 0.00265105 0.040653 0.0302435 -0.00588095 0.0228666 -0.000578732 0.00368528 0.0117925 -0.0133529 -0.0117887 0.0358651 -0.00712139
internal_weight=497 118 66 52 379 264 139 132 22 18 49 37 32 110 115 92 74 107 58 13 34 125 16 50 38 23 101 93 26 22
internal_count=497 118 66 52 379 264 139 132 22 18 49 37 32 110 115 92 74 107 58 13 34 125 16 50 38 23 101 93 26 22
is_linear=0
shrinkage=0.03


Tree=24
num_leaves=31
num_cat=0
split_feature=68 55 66 11 63 47 56 93 16 10 51 43 81 15 39 32 8 42 58 75 30 54 56 48 85 35 89 44 51 5
split_gain=24.9258 8.97221 6.98644 6.64505 7.13768 6.2236 6.08962 5.68917 6.61366 10.1929 9.23175 4.87132 5.192 6.36994 4.43064 5.00906 4.43367 4.42668 4.32327 4.25814 3.94137 3.74398 3.62553 3.29212 3.1494 3.09411 3.26969 2.98372 2.75488 2.73897
threshold=16.783333333333335 -0.043484476777255636 2.7136363636363643 -0.15885636224143082 0.0096919823680653942 -0.24697731858113023 -0.095462624995192522 39750.000000000007 -0.65770188178737798 -0.3732784953044383 0.030604914754413983 1.3202017886075981 57.470335850560097 0.24430756709354925 -0.02381576945598254 0.55112705957842112 0.89709138229124163 -0.31645159011411506 -0.050849079400477816 0.057983193277310933 0.01192875624320395 -0.074238719347795495 -0.044678142622745921 0.2856284690969198 0.079701237380504622 0.86678422794609167 0.1097522431518262 0.21860898629942979 0.019804129541297569 -0.0042038982679203354
decision_type=2 2 2 2 2 2 2 2 2 2 2 2 2 2 2 2 2 2 2 2 2 2 2 2 2 2 2 2 2 2
left_child=1 5 14 6 -5 29 -3 8 -4 10 20 12 13 -11 23 16 -16 -8 -14 -6 -10 22 -9 27 -23 26 -20 -2 -19 -1
right_child=2 3 7 4 19 -7 17 21 9 11 -12 -13 18 -15 15 -17 -18 28 25 -21 -22 24 -24 -25 -26 -27 -28 -29 -30 -31
leaf_value=-0.011288113832473752 -0.010761511700434816 -0.01037205759435892 -0.025300835328442711 -0.013133551339534196 0.030024350370679565 0.032261251113735706 0.037691115601496246 0.017170370759611777 0.02414012068084307 0.00029828857630491255 -9.2520440618197122e-05 -0.023322281752313885 -0.011788283901082145 0.025001104027032851 -0.0014086208492517472 -0.0088093339807765441 0.034603145956993098 0.021361671063033015 -0.00098892394114624325 0.0028381268028169868 0.057275507748126973 -0.0061059473024971484 -0.0042721723563736306 0.0076316741332411765 -0.020372835551114642 -0.0066881402283906939 0.021655005142092704 -0.024865228897995421 -0.0054949596226215357 0.020113007783889771
leaf_weight=5 27 5.9999999999999991 6.9999999999999991 22 7.0000000000000027 26 11.000000000000002 11.000000000000002 7.0000000000000018 21 8.9999999999999982 6.9999999999999991 27 17 7.9999999999999982 43 5 10.999999999999998 11.000000000000002 20 6 77 20 4.9999999999999991 17 14.999999999999998 11.999999999999998 27 4.9999999999999991 4.9999999999999982
leaf_count=5 27 6 7 22 7 26 11 11 7 21 9 7 27 17 8 43 5 11 11 20 6 77 20 5 17 15 12 27 5 5
internal_value=-5.17053e-11 0.0120406 -0.00374877 0.00655937 -0.000449085 0.0245255 0.0169659 -0.00106048 0.00311582 0.00462276 0.0232637 0.000894573 0.00254038 0.0113495 -0.00992016 -0.00387597 0.0124421 0.023041 -0.0026096 0.00988641 0.0394334 -0.00570452 0.00333647 -0.015657 -0.00868613 0.0039121 0.0108253 -0.0178134 0.012969 0.00441245
internal_weight=497 118 379 82 49 36 33 264 139 132 22 110 103 38 115 56 13 27 65 27 13 125 31 59 94 38 23 54 16 10
internal_count=497 118 379 82 49 36 33 264 139 132 22 110 103 38 115 56 13 27 65 27 13 125 31 59 94 38 23 54 16 10
is_linear=0
shrinkage=0.03


Tree=25
num_leaves=31
num_cat=0
split_feature=68 55 66 11 63 47 56 42 34 84 8 14 93 93 17 48 30 89 42 20 79 16 14 52 75 43 15 89 1 7
split_gain=23.4527 8.44195 6.57354 6.25232 6.71584 5.85578 5.72972 5.51772 4.95307 8.10683 4.67382 4.28052 4.89904 4.23004 4.97957 6.43825 4.78474 4.35112 4.16507 4.12523 5.15936 4.31176 4.0973 4.08914 4.52122 3.8386 3.45648 3.34845 3.10283 2.93974
threshold=16.783333333333335 -0.043484476777255636 2.7136363636363643 -0.15885636224143082 0.0096919823680653942 -0.24697731858113023 -0.095462624995192522 -1.6675311169969433 -2.8160283582516343 0.099516551941633238 -1.0344388639825095 0.58154848226676992 663.50000000000011 203811.00000000003 -0.12923501892687597 0.12410976405885117 0.0055459129223898148 0.11609571627755523 -0.31645159011411506 0.14994995471302464 25.514923730491308 1.7108780728482456 -0.4043303522923008 -0.013515489941638653 0.089087301587301604 -0.64232377596887769 0.53853509250610254 0.086300460212924715 -1.1520472562110855 1.021499523241707
decision_type=2 2 2 2 2 2 2 2 2 2 2 2 2 2 2 2 2 2 2 2 2 2 2 2 2 2 2 2 2 2
left_child=1 5 11 6 -5 -1 -3 -4 9 25 -10 26 -13 14 15 -12 -17 -18 -8 21 -21 22 -16 -6 -25 -9 -2 -11 -24 -14
right_child=2 3 7 4 23 -7 18 8 10 27 13 12 29 -15 19 16 17 -19 -20 20 -22 -23 28 24 -26 -27 -28 -29 -30 -31
leaf_value=0.0042800733000040057 -0.016208100896867323 -0.010060895793139934 0.023505664430558681 -0.012739544588733802 -0.0044907091896642321 0.031293413679187115 0.036560382599180381 0.0098085404932498916 -0.017902079044530787 0.014200855135917663 -0.017269449689026387 0.026976048231124875 -0.01007159858603369 -0.010251730112358927 -0.012742824062705039 -0.01653506577014922 0.033399444594979281 0.0010843016356229783 0.012579905027523637 0.005482265744358299 0.039553618729114531 0.021002541080427668 -0.016254508942365645 0.037352801646505077 0.0052059106715023513 0.042509082300322375 -0.0006885155593045056 -0.016418862914045651 0.0048162485346678763 0.015412050738930701
leaf_weight=9.9999999999999982 67 5.9999999999999991 7.9999999999999991 22 11.000000000000002 26 11.000000000000002 6 18 4.9999999999999991 28 4.9999999999999991 22.000000000000004 44 20 7.0000000000000027 5.9999999999999991 9.9999999999999982 15.999999999999998 12.000000000000002 5.9999999999999991 8.9999999999999982 6.9999999999999991 6.9999999999999991 8.9999999999999982 7.0000000000000018 15.999999999999998 8.9999999999999982 62 4.9999999999999991
leaf_count=10 67 6 8 22 11 26 11 6 18 5 28 5 22 44 20 7 6 10 16 12 6 9 7 7 9 7 16 9 62 5
internal_value=2.04558e-11 0.0116793 -0.00363631 0.00636259 -0.000435612 0.0237897 0.0164569 -0.00102867 -0.00179537 0.0103574 -0.00322822 -0.00962255 -0.000301084 -0.00197642 0.000203897 -0.00760883 0.00415192 0.0132025 0.0223497 0.0036388 0.0168394 0.00121421 -0.000786861 0.00958982 0.0192702 0.0274165 -0.0132164 -0.00548325 0.00267864 -0.0053524
internal_weight=497 118 379 82 49 36 33 264 256 27 229 115 32 211 167 51 23 16 27 116 18 98 89 27 16 13 83 14 69 27
internal_count=497 118 379 82 49 36 33 264 256 27 229 115 32 211 167 51 23 16 27 116 18 98 89 27 16 13 83 14 69 27
is_linear=0
shrinkage=0.03


Tree=26
num_leaves=31
num_cat=0
split_feature=68 55 88 66 42 93 84 34 84 45 8 81 78 14 1 93 17 48 30 89 20 79 16 14 43 1 89 30 1 33
split_gain=22.0667 8.06445 6.67296 6.18504 5.19163 4.77039 4.70977 4.66035 7.62771 4.56682 4.39759 4.17625 4.1538 4.05852 4.03091 3.98004 4.68527 6.05775 4.50196 4.09397 3.88143 4.85445 4.05693 3.85515 3.61174 3.24681 3.15056 3.05654 2.91946 2.93046
threshold=16.783333333333335 0.028222066744991746 1272.9783392933959 2.7136363636363643 -1.6675311169969433 46202.000000000007 0.11681535840034486 -2.8160283582516343 0.099516551941633238 -0.075854655780352651 -1.0344388639825095 48.378052193769115 146.15451527536655 -0.46833529881271002 -2.3584975044642018 203811.00000000003 -0.12923501892687597 0.12410976405885117 0.0055459129223898148 0.11609571627755523 0.14994995471302464 25.514923730491308 1.7108780728482456 -0.4043303522923008 -0.64232377596887769 -0.39151380154585996 0.086300460212924715 0.10006682846186031 -1.1520472562110855 -0.42116692491826363
decision_type=2 2 2 2 2 2 2 2 2 2 2 2 2 2 2 2 2 2 2 2 2 2 2 2 2 2 2 2 2 2
left_child=1 2 6 11 -5 13 -1 8 24 -3 -9 -2 -11 -4 -13 16 17 -12 -19 -20 22 -22 23 -18 -6 -15 -10 -16 -25 -30
right_child=3 9 5 4 7 -7 -8 10 26 12 15 14 -14 25 27 -17 20 18 19 -21 21 -23 -24 28 -26 -27 -28 -29 29 -31
leaf_value=-0.013817216902971267 0.011574115008115768 -0.0091758047975599756 0.0066016978664057598 0.022800495363771916 0.0095142842829227438 0.0077455357313156127 0.022497185826301572 -0.01736501660508414 0.013774828970432281 0.0041284057277847412 -0.016751366233719249 0.012992910295724868 0.034420510768890383 0.037404044151306153 -0.010052040530806954 -0.0099441782122647229 -0.012360539378598332 -0.016039013883897228 0.032397461086511613 0.0010517726875841616 0.0053177973628044115 0.038367010056972503 0.020372464818259078 -0.01576687338096755 0.041233809930937608 0.017177858948707572 -0.015926297158002853 -0.024345175484195351 0.018715468916026028 0.0016427259979879154
leaf_weight=8.9999999999999982 7.9999999999999991 20 6.9999999999999991 7.9999999999999991 6 14.999999999999998 4.9999999999999991 18 4.9999999999999991 22.000000000000004 28 5.9999999999999991 4.9999999999999991 24.999999999999996 85 44 20 7.0000000000000027 5.9999999999999991 9.9999999999999982 12.000000000000002 5.9999999999999991 8.9999999999999982 6.9999999999999991 7.0000000000000018 10.000000000000002 8.9999999999999982 15.999999999999998 10.999999999999998 51
leaf_count=9 8 20 7 8 6 15 5 18 5 22 28 6 5 25 85 44 20 7 6 10 12 6 9 7 7 10 9 16 11 51
internal_value=1.80455e-11 0.011329 0.0177099 -0.00352722 -0.000997807 0.022268 -0.000847787 -0.0017415 0.0100467 0.0016896 -0.00313138 -0.00933388 0.00973805 0.0274546 -0.0108971 -0.00191713 0.00019778 -0.00738057 0.00402737 0.0128064 0.00352964 0.0163342 0.00117778 -0.000763255 0.026594 0.0316251 -0.00531875 -0.0123163 0.00259828 0.00467176
internal_weight=497 118 71 379 264 57 14 256 27 47 229 115 27 42 107 211 167 51 23 16 116 18 98 89 13 35 14 101 69 62
internal_count=497 118 71 379 264 57 14 256 27 47 229 115 27 42 107 211 167 51 23 16 116 18 98 89 13 35 14 101 69 62
is_linear=0
shrinkage=0.03


Tree=27
num_leaves=31
num_cat=0
split_feature=68 55 88 66 42 17 84 7 48 16 93 10 51 49 68 49 81 1 20 16 33 25 48 13 6 30 86 2 52 12
split_gain=20.7625 7.58784 6.27859 5.81951 4.8848 4.5421 4.43142 4.41247 4.51059 4.39575 5.71131 7.28213 9.48802 4.1627 4.40857 5.0631 3.96461 3.67988 3.64883 3.59308 3.28187 3.18936 3.11295 3.10914 3.08405 3.03416 3.00899 2.72523 2.48751 2.67467
threshold=16.783333333333335 0.028222066744991746 1272.9783392933959 2.7136363636363643 -1.6675311169969433 0.19349208133485077 0.11681535840034486 0.25349442493383489 0.022303628880425311 -0.65770188178737798 48648.000000000007 -0.3732784953044383 0.030604914754413983 0.24028920805220033 601.99456250000014 -0.28652552998726499 41.933467844155494 -2.3584975044642018 0.19522334638320168 -1.4305662061641538 -0.74088848823801412 0.08707718244946426 0.2856284690969198 0.87798968848181835 0.72914500056579135 0.13132858864660898 0.071217068881798476 -1.557840783687096 -0.20831301938647964 0.60856567193577094
decision_type=2 2 2 2 2 2 2 2 2 2 2 2 2 2 2 2 2 2 2 2 2 2 2 2 2 2 2 2 2 2
left_child=1 2 6 16 -5 19 -1 -3 -9 -6 11 12 26 14 15 -13 -2 -18 -17 -4 -16 -22 25 24 28 -19 -11 -21 -12 -30
right_child=3 7 5 4 9 -7 -8 8 -10 10 23 13 -14 -15 20 18 17 22 -20 27 21 -23 -24 -25 -26 -27 -28 -29 29 -31
leaf_value=-0.013402700374523799 0.017072810143232343 -0.0069840039901435374 0.028642968758940703 0.022116479091346262 -0.021187056921422479 0.035156331583857538 0.021822270512580868 -0.0021462777663360934 0.025021653852679512 0.021983475890010585 -0.022679999638348818 0.011666734237223862 -0.0054527369638284048 0.019654695987701414 -0.010039943978190422 -0.013060025186277925 0.012603123039007187 -0.011798459438520462 0.0077557890613873795 0.024602920711040505 0.018716133262864063 -0.0029636086771885552 0.0035322213613174177 -0.029129224956035614 0.010110992840067907 -0.032337673008441925 0.050087908506393435 0.0037300073316222722 -0.0031301626670048447 -0.018984690931710329
leaf_weight=8.9999999999999982 4.9999999999999991 25 13.999999999999995 7.9999999999999991 9.9999999999999982 15.999999999999998 4.9999999999999991 11.000000000000002 10.999999999999998 8.0000000000000018 7.9999999999999991 11.999999999999998 8.9999999999999982 8.9999999999999982 7.9999999999999991 48 5.9999999999999991 86 8.9999999999999982 7.9999999999999956 19.000000000000004 8.9999999999999982 10.999999999999998 4.9999999999999991 10.999999999999998 6.9999999999999991 5.9999999999999991 19.000000000000011 74 10.999999999999998
leaf_count=9 5 25 14 8 10 16 5 11 11 8 8 12 9 9 8 48 6 86 9 8 19 9 11 5 11 7 6 19 74 11
internal_value=-3.89019e-11 0.0109891 0.0171786 -0.0034214 -0.000967873 0.0215999 -0.000822354 0.00163892 0.0114377 -0.00168926 -0.000896666 0.00318065 0.0185792 7.39339e-05 -0.00160442 -0.00604461 -0.00905386 -0.0102414 -0.00977332 0.0163096 0.00690596 0.0117476 -0.0115594 -0.00602137 -0.00491041 -0.0133444 0.0340282 0.00991457 -0.00668714 -0.00518193
internal_weight=497 118 71 379 264 57 14 47 22 256 246 137 23 114 105 69 115 110 57 41 36 28 104 109 104 93 14 27 93 85
internal_count=497 118 71 379 264 57 14 47 22 256 246 137 23 114 105 69 115 110 57 41 36 28 104 109 104 93 14 27 93 85
is_linear=0
shrinkage=0.03


Tree=28
num_leaves=31
num_cat=0
split_feature=68 48 7 91 39 66 86 84 34 84 8 14 93 93 17 48 30 60 55 43 15 1 58 45 37 15 16 45 63 89
split_gain=19.5355 7.31572 6.58951 6.05606 5.99056 5.47557 5.15317 4.65254 4.74173 6.36422 4.30018 3.86264 4.48134 3.68219 5.05362 4.78527 4.45577 3.42323 3.37157 3.27926 3.27408 3.52648 3.2678 3.35552 3.21297 3.16904 3.03374 2.97282 2.83155 2.78237
threshold=16.783333333333335 -0.24101248099011321 0.25349442493383489 1.0000000180025095e-35 1.6609396490620911 2.7136363636363643 0.047924475041949605 0.29665915668010717 -2.8160283582516343 0.099516551941633238 -1.0344388639825095 0.58154848226676992 663.50000000000011 203811.00000000003 -0.13460612976071754 0.12410976405885117 0.018083155496802512 -0.086551231560926256 -0.027286007843180703 -0.64232377596887769 -0.8146242813296336 -2.1585554214850977 -0.080983047670775299 0.98591490000515491 0.70869935684992635 0.53853509250610254 -0.15090398221309173 0.10075674875472755 0.01724797904839508 0.086300460212924715
decision_type=2 2 2 2 2 2 2 2 2 2 2 2 2 2 2 2 2 2 2 2 2 2 2 2 2 2 2 2 2 2
left_child=1 6 4 27 17 11 24 8 9 19 -10 25 -13 14 15 -12 -17 -3 -8 -7 -16 -22 -23 26 -1 28 -24 -4 -2 -11
right_child=5 2 3 -5 -6 7 18 -9 10 29 13 12 -14 -15 20 16 -18 -19 -20 -21 21 22 23 -25 -26 -27 -28 -29 -30 -31
leaf_value=0.033053067042069 -0.0099938067952170962 0.011776798112051828 0.010143692046403878 -0.014950970292091368 0.027871976494789123 0.0090217555314302429 0.018390295015914097 0.020260059038798014 -0.016732678776606918 0.013166993379592895 -0.01593259198058929 0.026160939574241638 -0.0047586364050706221 -0.0094356911753614749 -0.01781264469027519 -0.015545606631785624 0.012178407624363898 -0.011521823670715093 -0.012256443947553635 0.039246034792491356 0.022935090959072112 -0.0082409713913997006 -0.012374672405421732 -0.011379925968746344 0.012544367730617524 -0.00020050790451932698 0.0099060525609688324 0.03049245028623513 -0.022567380583948558 -0.015360930366441606
leaf_weight=22 40 6.9999999999999991 12.000000000000005 4.9999999999999991 4.9999999999999991 6 7 8.9999999999999982 19 4.9999999999999991 28 4.9999999999999991 27 45 5.9999999999999991 8.0000000000000018 14.999999999999998 30 5.9999999999999982 7.0000000000000018 8.9999999999999982 18 5.9999999999999991 8.9999999999999982 9.9999999999999982 15.999999999999998 66 13.999999999999998 27 7.9999999999999991
leaf_count=22 40 7 12 5 5 6 7 9 19 5 28 5 27 45 6 8 15 30 6 7 9 18 6 9 10 16 66 14 27 8
internal_value=-9.33196e-12 0.0106594 0.00479461 0.0152859 -0.00294898 -0.00331876 0.0201734 -0.000938837 -0.00168703 0.0104539 -0.00306547 -0.00878224 7.25473e-05 -0.00182892 0.000245656 -0.00760395 0.00253527 -0.00711398 0.00424565 0.0252964 0.00375732 0.00495565 0.00332116 0.00589052 0.0266441 -0.0121961 0.00804933 0.0211007 -0.0150608 -0.00438865
internal_weight=497 118 73 31 42 379 45 264 255 26 229 115 32 210 165 51 23 37 13 13 114 108 99 81 32 83 72 26 67 13
internal_count=497 118 73 31 42 379 45 264 255 26 229 115 32 210 165 51 23 37 13 13 114 108 99 81 32 83 72 26 67 13
is_linear=0
shrinkage=0.03


Tree=29
num_leaves=31
num_cat=0
split_feature=68 48 7 48 39 66 86 93 58 4 43 81 2 67 81 19 54 36 58 60 51 37 36 20 52 48 3 36 58 84
split_gain=18.3809 6.88336 6.20007 5.7588 5.66427 5.15197 4.84862 4.4976 6.78052 6.49637 5.65598 4.36947 5.64599 3.95289 3.7312 3.75152 3.6855 4.35519 3.88329 3.4059 3.19241 3.02308 2.86601 2.62198 2.71542 2.56713 2.41372 2.36162 2.35175 2.24176
threshold=16.783333333333335 -0.24101248099011321 0.25349442493383489 0.022303628880425311 1.5882880184228083 2.7136363636363643 0.047924475041949605 29211.500000000004 0.050879428802790359 1.048611537281642 -0.61216520468695845 65.126074808149284 -0.9403116975114697 598.50000000000011 48.378052193769115 0.1272945166666915 -0.061363388855624763 0.45223841461197339 0.058383658024000931 -0.086551231560926256 -0.030493173220133073 0.70869935684992635 -0.78116024983077392 -0.21949488879414011 -0.26725257590897367 -0.042428027667948114 1.4622211853216047 0.2350189559029689 -0.13356704655360055 0.16532567143440249
decision_type=2 2 2 2 2 2 2 2 2 2 2 2 2 2 2 2 2 2 2 2 2 2 2 2 2 2 2 2 2 2
left_child=1 6 4 -4 19 14 21 8 11 10 -10 12 22 28 -2 23 17 18 -9 -3 -8 27 -7 -16 -25 -18 -26 -1 -14 -27
right_child=5 2 3 -5 -6 7 20 16 9 -11 -12 -13 13 -15 15 -17 25 -19 -20 -21 -22 -23 -24 24 26 29 -28 -29 -30 -31
leaf_value=0.026730882630628689 0.011243789456784725 0.011423494092055729 -0.0053887029488881412 0.02309755264358087 0.024125837385654447 0.0068214308470487574 0.017881998143025803 0.0019481231192392959 0.028335092682391389 0.038261332958936689 -0.0019815085083246232 -0.01271688088774681 -0.024114517271518705 0.0090985309746225967 -0.029078426701681953 0.013050846755504608 -0.017102695758539167 0.014296433553099631 -0.022613977454602717 -0.011891758830511365 -0.011939397454261782 0.012168036617338656 0.030002826601266859 -0.029573701322078705 -0.010392031824758535 -0.0035169993328952021 0.0060052106250077491 0.050185489654541011 -0.004601455471581882 -0.021426994545119146
leaf_weight=17.000000000000004 7.9999999999999991 6.9999999999999991 9.0000000000000018 22 5.9999999999999991 12.000000000000002 7 21.000000000000004 8.0000000000000018 7.9999999999999991 18 22 6.9999999999999991 17 6.9999999999999991 5.9999999999999991 22 17 7.9999999999999991 29 5.9999999999999982 9.9999999999999982 7.9999999999999991 5.9999999999999991 79 62 8.9999999999999982 4.9999999999999991 27 6.9999999999999991
leaf_count=17 8 7 9 22 6 12 7 21 8 8 18 22 7 17 7 6 22 17 8 29 6 10 8 6 79 62 9 5 27 7
internal_value=-2.97105e-11 0.0103396 0.00465077 0.0148273 -0.00286051 -0.0032192 0.0195682 -0.000910672 0.00315627 0.0146207 0.00734668 -0.00103503 0.0025847 -0.00271306 -0.00851878 -0.00999635 -0.00468076 0.00223996 -0.00482763 -0.00735824 0.00411828 0.0258448 0.016094 -0.0113655 -0.0100464 -0.00817915 -0.00871504 0.0320615 -0.00861885 -0.00533396
internal_weight=497 118 73 31 42 379 45 264 127 34 26 93 71 51 115 107 137 46 29 36 13 32 20 101 94 91 88 22 34 69
internal_count=497 118 73 31 42 379 45 264 127 34 26 93 71 51 115 107 137 46 29 36 13 32 20 101 94 91 88 22 34 69
is_linear=0
shrinkage=0.03


Tree=30
num_leaves=31
num_cat=0
split_feature=68 47 88 3 66 65 42 48 88 78 16 49 93 52 30 39 32 42 8 62 79 40 48 48 39 93 49 44 33 21
split_gain=17.2946 6.62252 6.2524 5.65301 4.84749 4.7154 4.30804 4.04693 3.98308 4.10395 3.85259 5.0333 6.01047 8.73036 3.94915 3.61628 4.21576 3.85136 3.37436 3.11645 2.98893 2.98465 2.85383 2.83496 2.70437 2.6768 2.62724 2.54878 2.50017 2.35022
threshold=16.783333333333335 0.137086811234015 1295.22477816887 -0.020653478274051059 2.7136363636363643 9.475353956222536 -1.6675311169969433 -0.33402850194572586 1463.291190658919 114.8913527922454 -0.65770188178737798 0.031481819059623183 45917.000000000007 0.13384298038000103 0.076982930329478713 -0.02381576945598254 0.55112705957842112 -0.21267045682252025 -1.0344388639825095 0.093395736568672852 34.984547025824909 -0.48756450305351912 0.2856284690969198 0.4013813131499801 0.88082090352929676 245488.50000000003 -0.13466096152254994 0.21860898629942979 -2.4367348426153845 0.12930182177507377
decision_type=2 2 2 2 2 2 2 2 2 2 2 2 2 2 2 2 2 2 2 2 2 2 2 2 2 2 2 2 2 2
left_child=1 2 -1 19 15 -5 -6 -4 -9 -10 -8 18 13 14 20 22 17 -17 -12 24 -13 -14 27 26 -3 -23 -20 -2 -28 -15
right_child=4 3 7 5 6 -7 10 8 9 -11 11 12 21 29 -16 16 -18 -19 23 -21 -22 25 -24 -25 -26 -27 28 -29 -30 -31
leaf_value=-0.011955389310331906 -0.0089361431159906916 0.014079671149762964 0.024298732802271843 0.018175573065876954 0.02079538933932781 -0.012725371420383453 -0.019814282957464454 0.029150988578796385 0.01629425637423992 -0.0068842705923386595 -0.023081084936857222 0.021389160633087153 -0.017722160942852498 -0.01659376705686251 0.0023590206541121007 0.032822126805782309 -0.0073285548254674255 -0.00074158235918730508 -9.5043462836959708e-05 0.044854121804237361 0.047321952939033504 0.0097937900153920055 0.0082369884923100475 0.014291721835616044 0.033537614196538924 -0.0073024926827672653 0.010128870718181133 -0.021971438303589819 -0.010166769349550615 0.0076457928866148
leaf_weight=17 27 18.000000000000004 11.999999999999998 10.000000000000002 7.9999999999999991 7.9999999999999991 9.9999999999999982 4.9999999999999991 9.9999999999999982 22 7.9999999999999991 20.000000000000004 9.9999999999999982 8.9999999999999982 7.9999999999999991 5 43 7.9999999999999982 72 5.9999999999999991 4.9999999999999991 15.999999999999998 4.9999999999999991 7.9999999999999991 9.9999999999999982 17 5.9999999999999991 27 61 5.9999999999999991
leaf_count=17 27 18 12 10 8 8 10 5 10 22 8 20 10 9 8 5 43 8 72 6 5 16 5 8 10 17 6 27 61 6
internal_value=2.67029e-13 0.0100294 0.00372101 0.0180363 -0.00312262 0.00444182 -0.000883352 0.00915976 0.00424983 0.000359019 -0.00156081 -0.000818801 0.00478168 0.0120791 0.020705 -0.00826321 -0.00280268 0.0121675 -0.00410682 0.0252334 0.0265757 -0.00336426 -0.0134461 -0.00307421 0.0210289 0.000986614 -0.00407369 -0.0154538 -0.00834925 -0.00689794
internal_weight=497 118 66 52 379 18 264 49 37 32 256 246 91 48 33 115 56 13 155 34 25 43 59 147 28 33 139 54 67 15
internal_count=497 118 66 52 379 18 264 49 37 32 256 246 91 48 33 115 56 13 155 34 25 43 59 147 28 33 139 54 67 15
is_linear=0
shrinkage=0.03


Tree=31
num_leaves=31
num_cat=0
split_feature=68 55 47 11 63 62 1 48 50 79 33 47 8 55 66 77 93 35 57 9 75 56 35 0 60 51 27 20 37 33
split_gain=16.2725 6.37672 4.67143 4.66451 5.20015 4.63862 4.61997 5.23566 4.74738 8.39823 4.47884 4.24223 4.11765 5.30626 4.67505 3.93726 4.26549 3.73663 3.40054 3.34539 3.58753 2.8931 2.8739 3.07454 2.87991 2.6642 2.644 2.64325 2.63532 2.53289
threshold=16.783333333333335 -0.043484476777255636 -0.24697731858113023 -0.15885636224143082 0.0096919823680653942 0.093395736568672852 -3.0002042136765881 0.15071926497936913 0.058695217821224839 38.053486836754452 0.84141251860237776 -0.47623592793752639 -0.88860520107677321 -0.054597616267950837 8.7773745463646637 1.5000000000000002 223771.50000000003 1.2202537930144766 -0.0048806113135731527 0.9081499770862218 0.072817249911629564 -0.095462624995192522 -1.4542769933079478 -1.0160728302008299 0.12681620993370704 0.056297072575278051 -0.15618384004495359 0.069921008960802375 -0.39115470076777042 -0.94316302900800075
decision_type=2 2 2 2 2 2 2 2 2 2 2 2 2 2 2 2 2 2 2 2 2 2 2 2 2 2 2 2 2 2
left_child=1 2 -1 5 -5 21 17 8 12 11 -11 27 28 14 -14 16 22 -2 -16 20 -6 -3 23 -9 -24 -23 -13 -10 -8 -28
right_child=6 3 -4 4 19 -7 7 15 9 10 -12 26 13 -15 18 -17 -18 -19 -20 -21 -22 25 24 -25 -26 -27 29 -29 -30 -31
leaf_value=0.0028285050094127651 0.035429752349853523 -0.0093918624334037252 0.02695592546692261 -0.011591007154096255 0.033307803571224169 0.040443126797676088 -0.038723605275154088 0.031841445565223676 0.00010989538952708244 0.045401130437850962 0.0052466662377119054 0.012804168283939361 -0.0046964181174657177 -0.011348850078350726 0.00011333316564559934 -0.015272112600505353 -0.007803555445538627 -0.0012470496296882625 0.033612255752086644 -0.011698215520009398 0.0058600142006762319 0.019771388374707273 0.0014810657080157961 0.0071807449783843295 0.025037181079387665 -0.0051405097246170041 0.0043354696811487309 0.025296793580055238 -0.014959938142980847 -0.013239764463519902
leaf_weight=9.9999999999999982 4.9999999999999982 6.0000000000000027 26 22 6.0000000000000062 4.9999999999999991 6.0000000000000027 7.0000000000000027 9.9999999999999982 4.9999999999999982 5 4.9999999999999991 28 94 5 11.999999999999998 27 5 5.9999999999999982 5.9999999999999991 14.999999999999998 17.000000000000004 71 12.999999999999998 4.9999999999999991 4.9999999999999991 8.9999999999999911 5.9999999999999991 13.999999999999998 41.000000000000007
leaf_count=10 5 6 26 22 6 5 6 7 10 5 5 5 28 94 5 12 27 5 6 6 15 17 71 13 5 5 9 6 14 41
internal_value=-1.34077e-11 0.00972856 0.0202539 0.0051077 -0.000764172 0.0138265 -0.00302895 -0.00357421 -0.00628848 -0.000415698 0.0253239 -0.00404099 -0.0093976 -0.00748911 0.00181386 0.00113052 0.00273078 0.0170914 0.0183855 0.00805769 0.0137022 0.00907357 0.00569356 0.015812 0.00303081 0.0141096 -0.00799619 0.00955498 -0.022089 -0.0100762
internal_weight=497 118 36 82 49 33 379 369 234 81 10 71 153 133 39 135 123 10 11 27 21 28 96 20 76 22 55 16 20 50
internal_count=497 118 36 82 49 33 379 369 234 81 10 71 153 133 39 135 123 10 11 27 21 28 96 20 76 22 55 16 20 50
is_linear=0
shrinkage=0.03


Tree=32
num_leaves=31
num_cat=0
split_feature=68 55 47 11 63 66 62 84 34 84 8 14 93 81 93 4 17 48 52 75 36 56 43 7 51 16 89 34 11 5
split_gain=15.3108 5.99986 4.39535 4.38884 4.89282 4.36567 4.36447 4.04356 3.79524 5.45964 3.66099 3.30273 3.91215 3.15644 3.28589 3.76761 3.69508 3.70051 3.1528 3.3607 2.80252 2.72211 2.64081 2.52372 2.50675 2.48483 2.3975 2.37896 2.33844 2.26773
threshold=16.783333333333335 -0.043484476777255636 -0.24697731858113023 -0.15885636224143082 0.0096919823680653942 2.7136363636363643 0.093395736568672852 0.29665915668010717 -2.8160283582516343 0.099516551941633238 -1.0344388639825095 0.58154848226676992 663.50000000000011 67.952299748029574 233023.50000000003 1.3750101227153007 -0.12023392056064718 0.12410976405885117 -0.013515489941638653 0.097567424643046019 1.9408049122720847 -0.095462624995192522 -0.64232377596887769 1.021499523241707 0.056297072575278051 1.7819216041981474 0.086300460212924715 -0.63257148888534087 -0.72035317638337892 -0.0042038982679203354
decision_type=2 2 2 2 2 2 2 2 2 2 2 2 2 2 2 2 2 2 2 2 2 2 2 2 2 2 2 2 2 2
left_child=1 2 29 6 -5 11 21 8 9 22 -10 20 -13 14 15 16 17 -12 -6 -20 28 -3 -7 -14 -23 -18 -11 -4 -2 -1
right_child=5 3 27 4 18 7 -8 -9 10 26 13 12 23 -15 -16 -17 25 -19 19 -21 -22 24 -24 -25 -26 -27 -28 -29 -30 -31
leaf_value=-0.011542572140693663 0.0092129331082105633 -0.0091101064160466136 0.019544493411393724 -0.011243276905945756 -0.0045478207143870254 0.008493902012705801 0.03922983384132385 0.018949875930945076 -0.015354329263301271 0.011900300323963164 -0.015315337362275883 0.024746756494045258 -0.0085150964591990796 -0.010791402446298764 -0.008690739776939153 0.021801734128966927 0.0025631860977098826 0.0027587262737123587 0.030065224841237068 0.0025669053266756236 -0.024382256320677698 0.01917824654018177 0.03561683458941322 0.015096616297960282 -0.0049862939715385442 0.022482298761606217 -0.014581156829372048 0.038619116346041343 -0.010361134841178472 0.017029871821403506
leaf_weight=5 5.9999999999999991 6.0000000000000027 17 22 11.000000000000002 6 4.9999999999999991 8.9999999999999982 19 4.9999999999999991 22 4.9999999999999991 22.000000000000004 29 33 7.9999999999999991 93 19 7.9999999999999991 7.9999999999999991 11.999999999999998 17.000000000000004 7.0000000000000018 4.9999999999999991 4.9999999999999991 5.9999999999999991 7.9999999999999991 9.0000000000000018 65 4.9999999999999982
leaf_count=5 6 6 17 22 11 6 5 9 19 5 22 5 22 29 33 8 93 19 8 8 12 17 7 5 5 6 8 9 65 5
internal_value=3.99138e-12 0.0094367 0.0196462 0.00495447 -0.000741246 -0.00293808 0.0134117 -0.000813002 -0.00151052 0.00935129 -0.00274373 -0.00781651 0.000371398 -0.00160277 -0.000130564 0.00177812 0.000633918 -0.00693955 0.00781596 0.0163161 -0.0109733 0.00880136 0.0230986 -0.00414256 0.0136863 0.00377041 -0.00439598 0.0261472 -0.00870699 0.00274365
internal_weight=497 118 36 82 49 379 33 264 255 26 229 115 32 210 181 148 140 41 27 16 83 28 13 27 22 99 13 26 71 10
internal_count=497 118 36 82 49 379 33 264 255 26 229 115 32 210 181 148 140 41 27 16 83 28 13 27 22 99 13 26 71 10
is_linear=0
shrinkage=0.03


Tree=33
num_leaves=31
num_cat=0
split_feature=68 55 1 0 8 8 10 20 7 47 62 20 1 68 93 35 20 79 75 12 1 70 5 27 1 4 34 45 84 5
split_gain=14.4059 5.64526 4.15145 4.82048 6.22384 4.55061 4.37169 4.14116 5.13452 4.13559 4.07714 3.98844 4.40473 3.89317 4.98785 3.36564 3.31018 3.24979 3.2466 3.24249 2.72111 2.65296 2.55916 2.26598 4.33616 2.33566 2.23837 2.22465 2.17625 2.13371
threshold=16.783333333333335 -0.043484476777255636 -3.0002042136765881 0.70649691344745602 1.07510268137137 -1.6851702134958371 -1.2570466761875507 0.49192634118268708 -0.31097531231107872 -0.24697731858113023 0.058694073691662303 0.027111255955337563 0.56616812088699719 601.99456250000014 34533.500000000007 1.2202537930144766 -0.21949488879414011 39.457584079465811 0.16204051012753193 0.20743912312154394 2.0096941756970401 54.500000000000007 -1.0000000180025095e-35 -0.0095949810901015831 -0.16240719461605976 0.53833582975455319 -0.63257148888534087 0.22465023465456416 0.11641436815261842 -0.0042038982679203354
decision_type=2 2 2 2 2 2 2 2 2 2 2 2 2 2 2 2 2 2 2 2 2 2 2 2 2 2 2 2 2 2
left_child=1 9 15 4 5 -4 -5 8 -3 29 18 13 17 20 19 -2 -8 -13 -10 -15 -7 -20 -6 24 27 -25 -11 -18 -26 -1
right_child=2 7 3 6 22 11 16 -9 10 26 -12 12 -14 14 -16 -17 23 -19 21 -21 -22 -23 -24 25 28 -27 -28 -29 -30 -31
leaf_value=-0.011196294665336606 0.033627116560935977 -0.0086962951160967344 -0.025351133005959647 0.014201238323003053 0.0074827219247817984 -0.011054053102353854 -0.028703902704375128 0.02687351231064115 0.010695337843894958 0.018958158287055351 0.025306233465671537 0.010671159490942952 -0.0017996107511730355 0.018045472562313074 -0.0040566140721584182 -0.0011813628673553464 0.026103736460208894 0.038598725974559787 0.011508469641208649 -0.00223276403139938 0.0059351094737648963 -0.014846677937629548 0.037835621953010559 -0.0077707384903491893 -0.0031316030062735079 -0.019257681803511721 0.037460543711980168 0.00026973678730428217 -0.018731103512373837 0.016518975555896761
leaf_weight=5 4.9999999999999982 24 6.9999999999999991 7.9999999999999991 5 56 6.9999999999999991 6.9999999999999991 25 17 9.9999999999999982 15.000000000000002 22 20.000000000000004 58 5 5.9999999999999982 4.9999999999999991 4.9999999999999991 10.999999999999998 9.9999999999999982 10.999999999999998 4.9999999999999982 66 30 21 9.0000000000000018 6 10.999999999999998 4.9999999999999982
leaf_count=5 5 24 7 8 5 56 7 7 25 17 10 15 22 20 58 5 6 5 5 11 10 11 5 66 30 21 9 6 11 5
internal_value=-3.82273e-12 0.0091536 -0.00284993 -0.00336681 -0.000448631 -0.00158137 -0.00739579 0.00480583 0.00274618 0.0190569 0.00813088 -0.000736756 0.00746356 -0.00295878 0.00113557 0.0162229 -0.00857113 0.0176531 0.00394176 0.01085 -0.00847994 -0.00661069 0.0226592 -0.0075645 -0.00267452 -0.0105434 0.0253628 0.0131867 -0.00731683 0.00266134
internal_weight=497 118 379 369 214 204 155 82 75 36 51 197 42 155 89 10 147 20 41 31 66 16 10 140 53 87 26 12 41 10
internal_count=497 118 379 369 214 204 155 82 75 36 51 197 42 155 89 10 147 20 41 31 66 16 10 140 53 87 26 12 41 10
is_linear=0
shrinkage=0.03


Tree=34
num_leaves=31
num_cat=0
split_feature=68 48 7 48 39 1 48 50 79 33 86 47 8 55 66 77 93 35 24 51 35 0 17 64 37 81 89 86 24 27
split_gain=13.5545 5.37439 4.76131 4.71168 4.37473 3.9061 4.57023 4.24818 7.42344 4.01143 3.87607 3.87528 3.58219 4.17588 4.51577 3.47559 3.70783 3.16673 3.07964 2.65838 2.62594 2.76622 2.58705 2.57334 2.52661 2.52121 2.84217 2.8321 2.38076 2.34433
threshold=16.783333333333335 -0.24101248099011321 0.25349442493383489 0.022303628880425311 1.6609396490620911 -3.0002042136765881 0.15071926497936913 0.058695217821224839 38.053486836754452 0.84141251860237776 0.047924475041949605 -0.47623592793752639 -0.95683605169376917 -0.054597616267950837 11.180555555555557 1.5000000000000002 223771.50000000003 1.2202537930144766 -0.057032217322310362 -0.030493173220133073 -1.4542769933079478 -1.0160728302008299 0.1300082904279932 7.7618826183492446 0.70869935684992635 64.417367467237099 0.071131682592975212 0.037654463847394633 -0.097469583025300482 -0.15618384004495359
decision_type=2 2 2 2 2 2 2 2 2 2 2 2 2 2 2 2 2 2 2 2 2 2 2 2 2 2 2 2 2 2
left_child=1 10 4 -4 22 17 7 12 11 -10 24 -9 -7 14 18 16 20 -2 -14 -12 21 -8 28 -20 -1 26 -22 -28 -3 -13
right_child=5 2 3 -5 -6 6 15 8 9 -11 19 29 13 -15 -16 -17 -18 -19 23 -21 25 -23 -24 -25 -26 -27 27 -29 -30 -31
leaf_value=0.028328761140053921 0.032618304491043096 0.018212983131408692 -0.0055157819390296908 0.020250829139893702 0.023608229041099545 -0.021314146903653939 0.030272209218570149 0.0093399544036947193 0.042954194426536571 0.0049526698216795914 0.015779586892042837 0.012151185303926467 0.0096209497749805434 -0.010551296395888711 0.027637879908084868 -0.014281202554702757 -0.0071882983172933254 -0.0011459219455718993 0.0048999897390603992 -0.011433444023132325 0.025352995693683624 0.0068806698832374344 -0.016457040277974944 -0.015938684495631603 0.010142052054405212 -0.007329017846461605 0.022977296784520148 0.0010901567442937099 -0.0051873327962433284 -0.0093935922972857959
leaf_weight=22 4.9999999999999982 4.9999999999999991 9.0000000000000018 22 4.9999999999999991 18 7.0000000000000027 15.999999999999998 4.9999999999999982 5 7 4.9999999999999991 11.999999999999998 94 4.9999999999999991 11.999999999999998 27 5 8.0000000000000018 5.9999999999999982 5.9999999999999991 12.999999999999998 13.999999999999998 15.999999999999998 9.9999999999999982 17 5.9999999999999991 47 18.000000000000004 50
leaf_count=22 5 5 9 22 5 18 7 16 5 5 7 5 12 94 5 12 27 5 8 6 6 13 14 16 10 17 6 47 18 50
internal_value=-6.60546e-13 0.008879 0.00385222 0.0127702 -0.00273011 -0.00276444 -0.00326581 -0.00580173 -0.000246297 0.0239534 0.0170335 -0.00365471 -0.00874284 -0.00706667 0.000922482 0.00112979 0.0026333 0.0157362 -0.00278799 0.00321973 0.00539562 0.0150677 -0.00628934 -0.00899246 0.0226454 0.00285034 0.00578337 0.00356795 -0.000100308 -0.00743498
internal_weight=497 118 73 31 42 379 369 234 81 10 45 71 153 135 41 135 123 10 36 13 96 20 37 24 32 76 59 53 23 55
internal_count=497 118 73 31 42 379 369 234 81 10 45 71 153 135 41 135 123 10 36 13 96 20 37 24 32 76 59 53 23 55
is_linear=0
shrinkage=0.03


Tree=35
num_leaves=31
num_cat=0
split_feature=68 47 88 3 65 34 62 36 39 84 15 3 6 81 45 48 88 78 15 48 64 52 51 22 61 78 46 81 60 89
split_gain=12.7535 5.14368 5.06127 4.50688 3.88037 3.6957 5.30679 4.65076 3.8365 4.85051 4.4869 5.21203 5.15835 3.52775 3.32331 3.2683 3.13021 3.29875 3.06134 2.95655 2.77799 2.59477 2.37794 2.32629 2.28231 2.26296 2.33446 2.1958 2.29136 2.75178
threshold=16.783333333333335 0.137086811234015 1295.22477816887 -0.020653478274051059 9.475353956222536 -2.8160283582516343 0.044415535612195793 2.4895092230674094 1.0777768827841976 0.28079034388065344 0.24430756709354925 -1.8514506012235079 -1.4783142566470684 56.587325124846771 0.15513989784637366 -0.33402850194572586 1463.291190658919 114.8913527922454 0.68516993539314364 -0.02190704725502433 9.6170588536116934 0.13384298038000103 -0.08183893502276815 -0.11673972188249314 0.15744958481580554 119.31657603481362 0.15610502353696684 64.417367467237099 -0.035679746984856632 0.089576438470574518
decision_type=2 2 2 2 2 2 2 2 2 2 2 2 2 2 2 2 2 2 2 2 2 2 2 2 2 2 2 2 2 2
left_child=1 2 -1 21 -5 6 20 8 10 18 12 -12 -7 14 -13 -4 -17 -18 24 23 -2 22 -3 -14 25 26 -10 28 -21 -30
right_child=5 3 15 4 -6 7 -8 -9 9 -11 11 13 19 -15 -16 16 17 -19 -20 27 -22 -23 -24 -25 -26 -27 -28 -29 29 -31
leaf_value=-0.011051349315573188 0.0069795304875482165 0.015216346903704102 0.021551181655377148 0.015989230737090104 -0.012042435798794032 0.014885502556959787 0.024026551544666288 -0.024820781499147414 0.006067176857455208 0.032456861615180972 0.030427112460136414 -0.0027644232474267482 -0.00079796317118135365 -0.0050343045427209947 0.015731667772245904 0.025608736395835874 0.014371452379971741 -0.006409218617482111 -0.016931747879300799 -0.010772513415988373 -0.017196078108889717 0.0071545379608869549 0.03386503390967846 -0.015910853264345361 -0.014592188179492949 2.3412225767970083e-05 0.028228972511632103 -0.012851276099681853 -0.0088060901212309913 0.0052396540036676702
leaf_weight=17 11.000000000000005 10.000000000000002 11.999999999999998 10.000000000000002 7.9999999999999991 8.9999999999999982 10.999999999999998 8.9999999999999982 11.000000000000002 4.9999999999999991 4.9999999999999991 17 10.999999999999998 66 18 4.9999999999999991 9.9999999999999982 22 6.9999999999999991 23 6.9999999999999991 7.9999999999999991 15.999999999999998 55 4.9999999999999991 20 6.9999999999999991 26 19 37
leaf_count=17 11 10 12 10 8 9 11 9 11 5 5 17 11 66 18 5 10 22 7 23 7 8 16 55 5 20 7 26 19 37
internal_value=2.02099e-11 0.00861263 0.00305298 0.0156691 0.00353071 -0.0026815 0.00761015 -0.00353424 -0.00297243 0.00428384 -0.00436786 0.000528739 -0.00725141 -0.000951379 0.00674785 0.00794632 0.00353393 8.47411e-05 0.00146654 -0.00841651 -0.0024221 0.0220953 0.0266925 -0.013392 0.00446161 0.00696868 0.0146857 -0.00528904 -0.00280021 0.000474134
internal_weight=497 118 66 52 18 379 29 350 341 55 286 106 180 101 35 49 37 32 50 171 18 34 26 66 43 38 18 105 79 56
internal_count=497 118 66 52 18 379 29 350 341 55 286 106 180 101 35 49 37 32 50 171 18 34 26 66 43 38 18 105 79 56
is_linear=0
shrinkage=0.03


Tree=36
num_leaves=31
num_cat=0
split_feature=68 55 11 63 62 47 1 0 8 8 10 20 1 68 93 20 12 35 79 9 75 1 5 56 51 34 27 1 4 84
split_gain=11.9997 4.88212 3.72496 4.11697 3.67971 3.62483 3.51623 4.11499 5.38766 3.92194 3.82516 3.60294 3.88948 3.38292 4.32902 2.97306 2.89474 2.8946 2.8635 2.72085 2.77934 2.38253 2.22535 2.20078 2.07543 1.99238 1.98719 3.89881 2.12335 2.00447
threshold=16.783333333333335 -0.043484476777255636 -0.15885636224143082 0.0096919823680653942 0.093395736568672852 -0.24697731858113023 -3.0002042136765881 0.70649691344745602 1.07510268137137 -1.6851702134958371 -1.2570466761875507 0.019940955480730858 0.56616812088699719 601.99456250000014 34533.500000000007 -0.21949488879414011 0.20743912312154394 1.2202537930144766 39.457584079465811 0.9081499770862218 0.072817249911629564 2.0096941756970401 -1.0000000180025095e-35 -0.095462624995192522 0.056297072575278051 -0.63257148888534087 -0.0095949810901015831 -0.16240719461605976 0.53833582975455319 0.11641436815261842
decision_type=2 2 2 2 2 2 2 2 2 2 2 2 2 2 2 2 2 2 2 2 2 2 2 2 2 2 2 2 2 2
left_child=1 5 4 -4 23 -1 17 8 9 -8 -9 13 18 21 16 -12 -15 -2 -13 20 -5 -11 -10 -3 -25 -7 27 -17 -28 -29
right_child=6 2 3 19 -6 25 7 10 22 11 15 12 -14 14 -16 26 -18 -19 -20 -21 -22 -23 -24 24 -26 -27 28 29 -30 -31
leaf_value=0.0022141106128692623 0.031092460155487067 -0.0082360625080764235 -0.010569731789556416 0.029260200262069668 0.035808801412582393 0.017425054386805961 -0.023501322524888176 0.013402749560773372 0.0069669250845909103 -0.010338253305942218 -0.026978717616626194 0.010113169640302655 -0.0010826053971424699 0.016824403546750542 -0.0038442529032104889 0.012674723286181688 -0.0029440055117011068 -0.0011884131431579587 0.036328419148921966 -0.010903418804518877 0.0051011046133935447 0.0062913503870368004 0.035271073937416082 0.017258646387387718 -0.004728912681341171 0.034881203571955344 -0.0070906606303866608 -0.0027506955427816135 -0.018043079812611849 -0.01772187665104866
leaf_weight=9.9999999999999982 4.9999999999999982 6.0000000000000027 22 6.0000000000000062 4.9999999999999991 17 6.9999999999999991 7.9999999999999991 5 56 6.9999999999999991 15.000000000000002 25 20.000000000000004 57 11.999999999999998 9.9999999999999982 5 4.9999999999999991 5.9999999999999991 14.999999999999998 8.9999999999999982 4.9999999999999982 17.000000000000004 4.9999999999999991 9.0000000000000018 66 30 21 10.999999999999998
leaf_count=10 5 6 22 6 5 17 7 8 5 56 7 15 25 20 57 12 10 5 5 6 15 9 5 17 5 9 66 30 21 11
internal_value=-1.8685e-11 0.00835425 0.00431101 -0.000936262 0.0121024 0.0175638 -0.00260106 -0.00307675 -0.000380557 -0.00143446 -0.00679924 -0.000650355 0.0068061 -0.00285786 0.00101064 -0.00789867 0.0102349 0.014952 0.016667 0.00691323 0.0120037 -0.00803569 0.021119 0.00786914 0.0122615 0.0234676 -0.00694467 -0.00236537 -0.00973435 -0.00676735
internal_weight=497 118 82 49 33 36 379 369 214 204 155 197 45 152 87 147 30 10 20 27 21 65 10 28 22 26 140 53 87 41
internal_count=497 118 82 49 33 36 379 369 214 204 155 197 45 152 87 147 30 10 20 27 21 65 10 28 22 26 140 53 87 41
is_linear=0
shrinkage=0.03


Tree=37
num_leaves=31
num_cat=0
split_feature=68 51 9 86 8 48 1 36 81 34 15 54 84 6 16 35 17 15 56 58 30 60 43 0 34 10 42 16 38 42
split_gain=11.2905 4.67342 4.82885 3.95773 3.56931 3.32627 3.67611 4.17199 4.13144 4.74632 4.45714 5.58957 3.81317 3.25631 3.10709 2.72353 2.61289 2.59914 2.58021 2.55811 2.5148 2.3053 2.1992 3.12854 2.08379 1.88472 1.82272 1.79388 1.75924 1.66709
threshold=16.783333333333335 0.019804129541297569 1.2247230176479216 0.0024221739728411463 0.49023662980514221 0.32954061906590831 -3.0002042136765881 2.4895092230674094 56.977197574238012 -2.2791810659222658 0.24430756709354925 0.055355514255183411 0.29665915668010717 -1.4257552727318339 0.33269513258194344 1.2202537930144766 0.21046272397509697 -0.27849220344517028 -0.16085350225942116 0.030492496430962104 0.15732899174916357 0.069731368821092141 1.5291250999779666 1.6713940804699923 1.0268186524674561 0.20881948217906501 0.082586957855358425 1.7108780728482456 0.68656303759575621 -0.64048749158179485
decision_type=2 2 2 2 2 2 2 2 2 2 2 2 2 2 2 2 2 2 2 2 2 2 2 2 2 2 2 2 2 2
left_child=1 2 18 4 -3 6 15 8 9 -8 24 28 13 14 -10 -2 19 22 -1 -5 -20 -7 23 25 29 -15 -23 -19 -12 -11
right_child=5 3 -4 16 -6 21 7 -9 12 10 11 -13 -14 17 -16 -17 -18 27 20 -21 -22 26 -24 -25 -26 -27 -28 -29 -30 -31
leaf_value=-0.0041676718890666957 0.030159686207771305 0.035609396338462836 -0.0052008417610671705 -0.0055828164983540759 -0.00023684518039226529 0.0014185199540108441 0.023735076449811456 -0.021324396207928659 0.026985995650291448 -0.022257157393864222 -0.0045986227757346459 0.024782155267894266 0.016072366322789872 -0.01007362576725427 -0.0064587882310152044 -0.0011527608633041379 -0.016688739717006681 -0.0059346499478947507 0.016069847412873057 0.013341631427407264 0.036670167446136472 0.031269623637199408 -0.031848152697086331 -0.021848146598786113 0.0030684583256707378 0.0060244690875212352 0.0056536378562450397 0.0096353963948786255 0.014035155056044458 -0.0062566060790171223
leaf_weight=4.9999999999999991 4.9999999999999982 4.9999999999999982 10.999999999999998 18.000000000000004 5 25 7.9999999999999991 11.999999999999998 4.9999999999999982 6.9999999999999991 19.000000000000004 11.999999999999998 6.9999999999999991 24 5 5 9.9999999999999982 137 48 9.9999999999999982 5.9999999999999991 4.9999999999999982 4.9999999999999991 15.999999999999998 19 8.9999999999999982 5 6.9999999999999991 5.9999999999999991 36
leaf_count=5 5 5 11 18 5 25 8 12 5 7 19 12 7 24 5 5 10 137 48 10 6 5 5 16 19 9 5 7 6 36
internal_value=7.46276e-12 0.00810362 0.0130475 0.00089377 0.0176863 -0.00252303 -0.0034195 -0.00395611 -0.00330885 0.0015081 -0.000288023 0.00795197 -0.00570611 -0.00643904 0.0102636 0.0145035 -0.00352531 -0.00728261 0.0164498 0.00117591 0.0183588 0.00628798 -0.0128955 -0.0109616 -0.00520544 -0.00568324 0.0184616 -0.00517777 -0.000126516 -0.00886135
internal_weight=497 118 70 48 10 379 344 334 322 107 99 37 215 208 10 10 38 198 59 28 54 35 54 49 62 33 10 144 25 43
internal_count=497 118 70 48 10 379 344 334 322 107 99 37 215 208 10 10 38 198 59 28 54 35 54 49 62 33 10 144 25 43
is_linear=0
shrinkage=0.03


Tree=38
num_leaves=31
num_cat=0
split_feature=68 48 7 48 39 86 93 48 4 32 55 77 36 35 85 20 50 48 67 17 39 31 8 60 55 37 62 57 36 50
split_gain=10.6233 4.47277 3.89724 4.04303 3.57836 3.27343 3.22223 9.95239 5.20056 4.86816 3.95726 3.84393 3.58996 3.36868 2.96595 2.91437 2.69133 2.58766 2.69458 2.52074 2.51065 2.46651 2.39376 2.36251 2.31925 2.18124 2.11942 2.0189 1.82295 1.79751
threshold=16.783333333333335 -0.24101248099011321 0.25349442493383489 0.022303628880425311 1.5882880184228083 0.047924475041949605 6710.5000000000009 -0.32439641051316881 0.21909305873618659 0.12766422500450217 -0.063588481751798501 1.5000000000000002 2.5853180986843478 0.16188545379333988 0.050093259662389762 -0.059475356579702453 0.047548546570328816 0.33483596359835643 21.500000000000004 -0.41715652743780074 0.96298621445563082 -0.086904701842487372 -1.0524537932504792 -0.086551231560926256 -0.027286007843180703 0.70869935684992635 0.079274582562455148 0.17506719006286858 1.0000000180025095e-35 0.058695217821224839
decision_type=2 2 2 2 2 2 2 2 2 2 2 2 2 2 2 2 2 2 2 2 2 2 2 2 2 2 2 2 2 2
left_child=1 5 4 -4 23 25 7 -2 10 11 -9 13 19 15 -12 -8 -17 18 -10 -11 27 -22 -15 -3 -7 28 -24 -21 -1 -16
right_child=6 2 3 -5 -6 24 9 8 17 12 14 -13 -14 22 29 16 -18 -19 -20 20 21 -23 26 -25 -26 -27 -28 -29 -30 -31
leaf_value=0.020449247919023032 0.043268396615982051 0.0093871796556881503 -0.0055958248674869513 0.018272557163780383 0.01876890391111374 0.014336442947387694 0.00013790062163025142 0.023127425421367989 0.010340140275657177 -0.017162474232415358 -0.0055150974561509331 -0.017788204128543535 -0.032381119251251214 -0.017055949419736861 0.0052363340734419492 0.010340630277991291 0.034114120006561277 0.01095555738412908 -0.011091243517373435 -0.0081369462350682747 0.01511633522808551 -0.0054698756912892514 -0.0031059655655796326 -0.010031119768732581 -0.011081577092409135 0.0088394475085660801 0.011026058500775924 0.0048106562532484526 0.039839519262313841 0.026930126309394835
leaf_weight=16.000000000000004 4.9999999999999991 6.9999999999999991 9.0000000000000018 22 5.9999999999999991 7 15.999999999999998 10.999999999999998 5.9999999999999991 18 19 8.9999999999999982 4.9999999999999991 7.9999999999999991 10.999999999999998 15.000000000000002 5.9999999999999991 6.9999999999999991 44 112 10.000000000000002 10.999999999999998 36 29 5.9999999999999982 9.9999999999999982 12.999999999999998 11.999999999999998 5.9999999999999991 4.9999999999999991
leaf_count=16 5 7 9 22 6 7 16 11 6 18 19 9 5 8 11 15 6 7 44 112 10 11 36 29 6 10 13 12 6 5
internal_value=3.76652e-11 0.00786051 0.00327473 0.011343 -0.00268045 0.0152997 -0.00244734 0.00193446 -7.20373e-05 -0.00419359 0.00743185 0.000941584 -0.00734194 0.00273486 0.00249896 0.0097838 0.0171331 -0.00612781 -0.00851948 -0.00657386 -0.00525942 0.00433308 -0.00184076 -0.00625534 0.00260505 0.0204569 0.000643347 -0.00688395 0.0257375 0.0120156
internal_weight=497 118 73 31 42 45 379 108 103 271 46 103 168 94 35 37 21 57 50 163 145 21 57 36 13 32 49 124 22 16
internal_count=497 118 73 31 42 45 379 108 103 271 46 103 168 94 35 37 21 57 50 163 145 21 57 36 13 32 49 124 22 16
is_linear=0
shrinkage=0.03


Tree=39
num_leaves=31
num_cat=0
split_feature=68 55 47 11 63 62 66 16 42 81 18 70 6 10 87 63 52 75 23 22 70 36 8 7 75 43 31 68 53 34
split_gain=9.99543 4.24654 3.27532 3.16589 3.59008 3.17804 3.08646 4.17121 3.08115 3.04733 4.63221 4.61594 3.47835 3.63442 3.28383 2.76375 2.40438 2.39236 2.2937 2.45494 3.29247 2.26373 2.13477 2.07968 1.98613 2.62743 1.93187 1.89388 1.84375 1.79361
threshold=16.783333333333335 -0.043484476777255636 -0.24697731858113023 -0.15885636224143082 0.0096919823680653942 0.093395736568672852 1.5500000000000003 -1.3878706278463995 -1.6675311169969433 56.977197574238012 -0.081099724778314911 51.500000000000007 -1.2242717553270328 -0.55024358082493585 139.07967032967034 -0.016518144211552722 -0.013515489941638653 0.089087301587301604 -0.11941445673647265 -0.11673972188249314 39.500000000000007 2.2899042537946799 0.20119207321410373 -0.35111898285416182 0.086335403726708088 -0.12602354310629557 0.014085208935577088 1011.3520520520523 -0.048633308169052085 -0.63257148888534087
decision_type=2 2 2 2 2 2 2 2 2 2 2 2 2 2 2 2 2 2 2 2 2 2 2 2 2 2 2 2 2 2
left_child=1 2 -1 5 -5 26 7 15 -8 10 11 -10 13 -11 21 -2 -6 -18 22 20 -20 -12 -14 -9 25 -21 -3 -26 -13 -4
right_child=6 3 29 4 16 -7 8 23 9 12 14 28 18 -15 -16 -17 17 -19 19 24 -22 -23 -24 -25 27 -27 -28 -29 -30 -31
leaf_value=0.0016229636371135712 0.022559411287307724 -0.00023333434760570518 0.016092638739329927 -0.0099796072292056941 -0.0044506978141990563 0.033067960560321803 0.017373146843165158 -0.0064297957532107831 -0.0015047595570130007 0.025586152502468641 -0.0038592771328119341 0.0085716485518675545 0.0060069411527365448 -0.0016142879053950309 0.017459445707499979 -0.0025082923743971865 0.026922942740576605 0.0035386699500183265 0.018579850718379011 0.015743045359849921 -0.0053257565894164142 -0.025186552226543427 -0.0078220095892902464 -0.018204564054807026 -0.015718080912835809 -0.0079850234570247782 0.015567216626726664 -0.0064602896953756738 0.023782006362453104 0.03265514771143594
leaf_weight=9.9999999999999982 5.0000000000000027 15.000000000000002 17 22 11.000000000000002 4.9999999999999991 7.9999999999999991 27 21 7.0000000000000027 43 13.000000000000002 27 11.999999999999998 5.9999999999999991 19 6.9999999999999991 8.9999999999999982 7.0000000000000027 6.0000000000000027 20 4.9999999999999991 15.999999999999998 27 43 13.999999999999998 12.999999999999998 37 15.999999999999998 9.0000000000000018
leaf_count=10 5 15 17 22 11 5 8 27 21 7 43 13 27 12 6 19 7 9 7 6 20 5 16 27 43 14 13 37 16 9
internal_value=2.23461e-12 0.0076247 0.0162139 0.00385382 -0.000983682 0.0110368 -0.00237392 -0.00769216 -0.000995767 -0.00149731 0.0026271 0.00920687 -0.00376682 0.00840693 -0.00346528 0.00271415 0.00634633 0.0137693 -0.00512742 -0.00715509 0.000871993 -0.00608087 0.000861285 -0.0123172 -0.0093224 -0.000866603 0.00710264 -0.0114364 0.0169636 0.0218258
internal_weight=497 118 36 82 49 33 379 78 301 293 104 50 189 19 54 24 27 16 170 127 27 48 43 54 100 20 28 80 29 26
internal_count=497 118 36 82 49 33 379 78 301 293 104 50 189 19 54 24 27 16 170 127 27 48 43 54 100 20 28 80 29 26
is_linear=0
shrinkage=0.03


Tree=40
num_leaves=31
num_cat=0
split_feature=68 48 7 48 39 86 93 48 4 32 55 77 36 35 85 20 50 48 67 17 39 31 8 51 60 53 37 57 36 50
split_gain=9.4047 4.07518 3.53042 3.72259 3.24573 2.95865 2.91749 9.07994 4.76095 4.40106 3.58339 3.49865 3.27274 3.06018 2.68125 2.66469 2.49096 2.37385 2.50755 2.30733 2.31848 2.26272 2.21588 2.18376 2.03865 1.98832 1.93521 1.77179 1.66726 1.63982
threshold=16.783333333333335 -0.24101248099011321 0.25349442493383489 0.022303628880425311 1.6609396490620911 0.047924475041949605 6710.5000000000009 -0.32439641051316881 0.21909305873618659 0.12766422500450217 -0.063588481751798501 1.5000000000000002 2.5853180986843478 0.16188545379333988 0.050093259662389762 -0.059475356579702453 0.047548546570328816 0.33483596359835643 21.500000000000004 -0.41715652743780074 0.96298621445563082 -0.086904701842487372 -1.0524537932504792 -0.030493173220133073 -0.086551231560926256 -0.03664441540016819 0.70869935684992635 0.17506719006286858 1.0000000180025095e-35 0.058695217821224839
decision_type=2 2 2 2 2 2 2 2 2 2 2 2 2 2 2 2 2 2 2 2 2 2 2 2 2 2 2 2 2 2
left_child=1 5 4 -4 24 26 7 -2 10 11 -9 13 19 15 -12 -8 -17 18 -10 -11 27 -22 -15 -7 -3 -24 28 -21 -1 -16
right_child=6 2 3 -5 -6 23 9 8 17 12 14 -13 -14 22 29 16 -18 -19 -20 20 21 -23 25 -25 -26 -27 -28 -29 -30 -31
leaf_value=0.019316269727423781 0.041347417294979094 0.0088631799817085258 -0.0055557940403620377 0.01734720511192625 0.020037301898002624 0.013811527801943675 0.00012408272596076131 0.022065698992122303 0.010058619007468224 -0.016354947732761502 -0.00518386345062601 -0.016950534520049888 -0.030865149736404418 -0.016370914075523615 0.005009141043675217 0.0098402521163225131 0.032711647152900696 0.010518437964575631 -0.010615579222582959 -0.0077018298588726409 0.014579352378845209 -0.0051380796391855589 -0.0055097375507466503 -0.010852897465229036 -0.0091165931746363636 0.0065791635274887071 0.0084571082945913076 0.0044275326840579514 0.037860091626644131 0.025729528427124022
leaf_weight=16.000000000000004 4.9999999999999991 6.9999999999999991 9.0000000000000018 22 4.9999999999999991 7 15.999999999999998 10.999999999999998 5.9999999999999991 18 19 8.9999999999999982 4.9999999999999991 7.9999999999999991 10.999999999999998 15.000000000000002 5.9999999999999991 6.9999999999999991 44 112 10.000000000000002 10.999999999999998 23.999999999999996 5.9999999999999982 30 25.000000000000004 9.9999999999999982 11.999999999999998 5.9999999999999991 4.9999999999999991
leaf_count=16 5 7 9 22 5 7 16 11 6 18 19 9 5 8 11 15 6 7 44 112 10 11 24 6 30 25 10 12 6 5
internal_value=-8.65736e-12 0.00739595 0.00301873 0.0106979 -0.00264926 0.0144968 -0.0023027 0.00186676 -4.97789e-05 -0.00396433 0.00712995 0.000918274 -0.00695783 0.00262912 0.00243585 0.00934754 0.0163749 -0.00584394 -0.00813468 -0.00622447 -0.0049669 0.00425117 -0.00173196 0.00242795 -0.00571501 0.000658069 0.0193997 -0.00652802 0.0243737 0.0114843
internal_weight=497 118 73 31 42 45 379 108 103 271 46 103 168 94 35 37 21 57 50 163 145 21 57 13 37 49 32 124 22 16
internal_count=497 118 73 31 42 45 379 108 103 271 46 103 168 94 35 37 21 57 50 163 145 21 57 13 37 49 32 124 22 16
is_linear=0
shrinkage=0.03


Tree=41
num_leaves=31
num_cat=0
split_feature=68 55 47 11 17 56 66 16 84 50 81 93 67 67 53 5 68 42 63 25 42 47 84 15 54 64 7 70 88 34
split_gain=8.84889 3.86421 3.02118 2.84483 3.15427 3.08434 2.80832 3.77611 2.84117 5.24597 3.02766 3.36601 3.85011 4.13443 2.73052 3.07547 2.66793 2.61134 2.45305 2.40618 2.23818 2.18357 2.13634 2.05853 2.54296 2.00237 1.89168 1.86564 1.68736 1.66746
threshold=16.783333333333335 -0.043484476777255636 -0.24697731858113023 -0.30494668623319704 0.21046272397509697 -0.095462624995192522 1.5500000000000003 -1.3878706278463995 0.29665915668010717 0.099803489642793494 68.468436771640953 39750.000000000007 183.00000000000003 264.50000000000006 0.14768851646725648 1.5863514909151755 601.99456250000014 -0.44345264362730924 -0.016518144211552722 0.097879325977453982 -0.31645159011411506 0.49891482304035889 0.057024126872420318 -0.30638972597601966 -0.011109620267258131 11.754852959533567 -0.35111898285416182 59.500000000000007 1901.2505336434313 -0.63257148888534087
decision_type=2 2 2 2 2 2 2 2 2 2 2 2 2 2 2 2 2 2 2 2 2 2 2 2 2 2 2 2 2 2
left_child=1 2 -1 5 14 -3 7 18 10 -10 11 12 17 -14 15 -5 -15 -8 -2 -19 -7 27 25 24 -24 -13 -9 -18 -20 -4
right_child=6 3 29 4 -6 20 8 26 9 -11 -12 22 13 16 -16 -17 21 19 28 -21 -22 -23 23 -25 -26 -27 -28 -29 -30 -31
leaf_value=0.0013540606945753096 0.021291148960590346 -0.0077290394157171196 0.015229416940744747 -0.0055510785924987151 -0.014782198775898326 0.02701884403824804 -0.011343370595652807 -0.0060921178013086316 -0.0069248180687427529 0.036532606959342954 -0.010485178664326668 -0.00013200417347252369 0.034682085335254666 -0.0078338092714548106 0.020364478060177393 0.01402571951597929 0.0064456381517298076 -0.0014230213936089592 -0.0076683138508815297 0.016863274723291397 0.0078016614913940458 -0.0011505178956744762 -0.0041412395577935957 -0.0035221495441402546 -0.024110787050290537 0.02037403357028961 -0.017322079733324548 0.020718399309553204 0.012634363085031509 0.031198863784472137
leaf_weight=9.9999999999999982 5.0000000000000027 6.0000000000000027 17 26 10.999999999999998 10.000000000000005 19 27 4.9999999999999982 5 30 30 4.9999999999999991 9.9999999999999982 6.9999999999999991 9.9999999999999982 17 34 14.000000000000002 7.9999999999999991 11.999999999999995 12.999999999999998 12.000000000000002 81 10.999999999999998 4.9999999999999991 27 15.999999999999998 4.9999999999999991 9.0000000000000018
leaf_count=10 5 6 17 26 11 10 19 27 5 5 30 30 5 10 7 10 17 34 14 8 12 13 12 81 11 5 27 16 5 9
internal_value=1.0242e-11 0.00717408 0.0153675 0.00357696 -0.000446735 0.0113369 -0.00223362 -0.00730657 -0.000919032 0.0148039 -0.00145934 -0.000421886 0.00321463 0.00854403 0.00322048 -0.000113079 0.00621028 -0.00211476 0.00259463 0.00206008 0.0165367 0.00926334 -0.00361365 -0.00577123 -0.0136919 0.00279743 -0.0117071 0.0133658 -0.0023255 0.0207573
internal_weight=497 118 36 82 54 28 379 78 301 10 291 261 122 61 43 36 56 61 24 42 22 46 139 104 23 35 54 33 19 26
internal_count=497 118 36 82 54 28 379 78 301 10 291 261 122 61 43 36 56 61 24 42 22 46 139 104 23 35 54 33 19 26
is_linear=0
shrinkage=0.03


Tree=42
num_leaves=31
num_cat=0
split_feature=68 51 9 86 8 8 93 45 10 51 38 0 49 15 17 79 54 49 44 1 56 70 17 58 47 57 16 60 36 87
split_gain=8.32592 3.71841 3.87867 3.30378 2.97887 2.72705 3.24371 3.67743 3.87913 3.44342 3.94274 3.25349 3.06096 2.98033 2.86879 3.31826 2.96903 2.89232 2.5903 2.14967 2.04381 2.57587 2.01619 2.14515 1.81288 2.21013 1.70586 1.64798 1.62051 1.59019
threshold=16.783333333333335 0.019804129541297569 1.2247230176479216 0.0024221739728411463 0.49023662980514221 -1.6851702134958371 39750.000000000007 -0.37161042155220275 -1.0861701055192263 -0.08183893502276815 0.89712476629631877 -2.3512530679198904 0.2985180658265088 -0.52657039336807288 -0.12023392056064718 32.333111042784104 -0.10951439277630684 -0.28652552998726499 0.28199636601837563 0.56616812088699719 0.030895117218820631 93.500000000000014 0.21046272397509697 0.030492496430962104 -0.5985488694812604 0.15257554471778162 0.55984922695548189 0.18361970930449989 2.2899042537946799 107.23039215686276
decision_type=2 2 2 2 2 2 2 2 2 2 2 2 2 2 2 2 2 2 2 2 2 2 2 2 2 2 2 2 2 2
left_child=1 2 20 4 -3 -2 7 9 -9 10 -7 26 14 18 17 16 -16 -10 -13 -17 21 27 23 -5 -18 -26 -8 -1 -15 -19
right_child=5 3 -4 22 -6 6 11 8 12 -11 -12 13 -14 28 15 19 24 29 -20 -21 -22 -23 -24 -25 25 -27 -28 -29 -30 -31
leaf_value=0.01144648192760845 -0.019496282078325749 0.032244008660316466 -0.0049859544871882957 -0.0055693246424198132 -0.00050342407822608938 -0.005137761421501635 0.017009679302573195 0.029339267671108244 0.010070904987864195 -0.012928521467173205 0.026570262730121613 -0.0045143322910492596 0.019340405327578386 -0.0039396913964818746 0.014551194992202986 0.026803151567776996 0.0098198309764266078 0.0062714341562241311 -0.025805252678692343 0.0036209115386009213 0.022519529399118922 -0.0046562029863707723 -0.015072900295257569 0.011760448448359967 -0.0075430246527222033 0.012250802349299192 4.3115455191582442e-05 0.030196638822555539 -0.021332058191299436 -0.010480322481735664
leaf_weight=27 7.9999999999999991 4.9999999999999982 10.999999999999998 18.000000000000004 5 12.000000000000002 8.0000000000000018 4.9999999999999991 9.9999999999999982 28 4.9999999999999991 9.0000000000000018 8.9999999999999982 135 12.999999999999991 8.9999999999999982 9.9999999999999911 5.9999999999999991 11.999999999999998 5.9999999999999991 19 7.9999999999999991 9.9999999999999982 9.9999999999999982 33.000000000000014 5.9999999999999991 15.999999999999998 4.9999999999999991 4.9999999999999991 34
leaf_count=27 8 5 11 18 5 12 8 5 10 28 5 9 9 135 13 9 10 6 12 6 19 8 10 10 33 6 16 5 5 34
internal_value=1.21006e-11 0.00695885 0.0113688 0.00052772 0.0158703 -0.00216661 -0.00179292 0.00100467 0.00338773 -0.00646223 0.00418813 -0.00460564 0.00243363 -0.00614168 0.00123551 0.00486887 0.00180563 -0.00435987 -0.0166806 0.0175303 0.014418 0.0105697 -0.0035098 0.00061988 -0.00157585 -0.00449782 0.00569864 0.0143762 -0.00456085 -0.00796756
internal_weight=497 118 70 48 10 379 371 186 141 45 17 185 136 161 127 77 62 50 21 15 59 40 38 28 49 39 24 32 140 40
internal_count=497 118 70 48 10 379 371 186 141 45 17 185 136 161 127 77 62 50 21 15 59 40 38 28 49 39 24 32 140 40
is_linear=0
shrinkage=0.03


Tree=43
num_leaves=31
num_cat=0
split_feature=68 48 7 48 39 86 8 93 45 10 51 38 48 49 17 79 54 49 24 2 1 27 85 51 20 36 43 52 93 47
split_gain=7.83385 3.52127 3.01114 3.30245 2.74025 2.58522 2.56588 3.05201 3.4601 3.64987 3.23991 3.70972 3.11944 2.88005 2.69924 3.12215 2.79356 2.72139 2.37176 2.24179 2.02262 1.9768 2.48255 1.93171 1.89063 1.7211 1.7087 1.69676 1.55276 1.52447
threshold=16.783333333333335 -0.24101248099011321 0.25349442493383489 0.022303628880425311 1.5882880184228083 0.047924475041949605 -1.6851702134958371 39750.000000000007 -0.37161042155220275 -1.0861701055192263 -0.08183893502276815 0.89712476629631877 0.095054369777890724 0.2985180658265088 -0.12023392056064718 32.333111042784104 -0.10951439277630684 -0.28652552998726499 -0.0113209272604311 1.3177071963836313 0.56616812088699719 0.026241096404541375 0.031608209013938911 -0.030493173220133073 0.17021890860328068 1.0643077327030819 -0.45838953843533875 -0.090286583182899047 511425.00000000006 -0.5985488694812604
decision_type=2 2 2 2 2 2 2 2 2 2 2 2 2 2 2 2 2 2 2 2 2 2 2 2 2 2 2 2 2 2
left_child=1 5 4 -4 24 25 -2 8 10 -10 11 -8 18 14 17 16 -16 -11 21 28 -17 22 -9 -7 -3 -1 -18 -20 -14 -28
right_child=6 2 3 -5 -6 23 7 12 9 13 -12 -13 19 -15 15 20 26 -19 27 -21 -22 -23 -24 -25 -26 -27 29 -29 -30 -31
leaf_value=0.014939823858439921 -0.018911393992602825 -0.008442791627059059 -0.0055358527600765199 0.01603601072999564 0.016216778978705406 0.012775687338518244 -0.004983628578484057 0.021644180059432968 0.02845908987522125 0.0097687777010723939 -0.012540665963253039 0.025773154914379121 0.0012208631271138214 0.018760193300743896 0.014114659285316107 0.025999057094256085 0.0065169208659790478 -0.0077285322644747795 -0.020916820373386144 0.016213063767978125 0.0035122842341661449 -0.0082563629851997444 -0.0022511239924157657 -0.010421692132949831 0.011436907622963189 0.034101445734500885 0.0059691104572266391 -0.008747151977832204 -0.0084446235692926808 -0.0090769522220827559
leaf_weight=27 7.9999999999999991 31 9.0000000000000018 22 5.9999999999999991 7 12.000000000000002 5.0000000000000027 4.9999999999999991 9.9999999999999982 28 4.9999999999999991 52 8.9999999999999982 12.999999999999991 8.9999999999999982 15.999999999999991 40 15.999999999999998 6.9999999999999991 5.9999999999999991 37 18 5.9999999999999982 4.9999999999999991 4.9999999999999991 7.999999999999992 29 21 25.000000000000021
leaf_count=27 8 31 9 22 6 7 12 5 5 10 28 5 52 9 13 9 16 40 16 7 6 37 18 6 5 5 8 29 21 25
internal_value=2.6211e-11 0.00675009 0.00268121 0.00977321 -0.00255336 0.0133507 -0.00210161 -0.00173914 0.000974532 0.00328609 -0.00626836 0.00406248 -0.00446747 0.00236062 0.00119844 0.0047228 0.00175146 -0.00422907 -0.00786782 -4.50957e-06 0.0170043 -0.00396308 0.00294351 0.0020692 -0.00568172 0.0179338 -0.00152858 -0.0130741 -0.00155962 -0.00542942
internal_weight=497 118 73 31 42 45 379 371 186 141 45 17 185 136 127 77 62 50 105 80 15 60 23 13 36 32 49 45 73 33
internal_count=497 118 73 31 42 45 379 371 186 141 45 17 185 136 127 77 62 50 105 80 15 60 23 13 36 32 49 45 73 33
is_linear=0
shrinkage=0.03


Tree=44
num_leaves=31
num_cat=0
split_feature=68 55 47 42 45 25 39 85 14 34 84 15 6 81 49 90 45 62 7 15 8 40 23 38 8 44 23 89 5 34
split_gain=7.37087 3.34603 2.71006 2.46219 2.92066 2.8076 2.45953 3.54553 3.19264 3.01091 3.81165 3.37169 3.94879 3.69026 2.61262 2.52968 2.46582 2.4149 2.34369 2.13113 2.09389 2.07471 1.93546 1.92359 1.79587 1.7867 1.66058 1.60933 1.50761 1.50412
threshold=16.783333333333335 -0.043484476777255636 -0.24697731858113023 0.47767638336341584 0.015369156823301632 -0.0035149845192792482 1.0777768827841976 0.079182397574186339 0.1656581759575613 -2.8160283582516343 0.099516551941633238 0.24430756709354925 -1.4783142566470684 56.587325124846771 -0.12738339025492723 1.0000000180025095e-35 0.15513989784637366 0.058694073691662303 -0.76104839105969113 0.68516993539314364 0.91943956847296859 -0.87793913314080152 -0.029382614548818388 0.36445643584799525 -1.6851702134958371 -0.86858202288229014 -0.11214292205783168 0.13275483308617705 -0.0042038982679203354 -0.63257148888534087
decision_type=2 2 2 2 2 2 2 2 2 2 2 2 2 2 2 2 2 2 2 2 2 2 2 2 2 2 2 2 2 2
left_child=1 2 28 4 5 -3 9 19 -9 10 25 12 -11 16 -14 18 23 -6 -16 -8 26 -5 -12 -13 -17 -2 -15 -26 -1 -4
right_child=6 3 29 21 17 -7 7 8 -10 11 22 13 14 20 15 24 -18 -19 -20 -21 -22 -23 -24 -25 27 -27 -28 -29 -30 -31
leaf_value=-0.01074880242347717 0.0062307280302047715 -0.0087953369133174399 0.014026463134762118 0.0096596873551607065 0.0073841326609253863 0.0092707550525665278 0.0030691336078972026 0.033787369728088379 0.0013285834193229671 0.012961602487290898 0.011850041896104807 -0.0063613492393722881 -0.0021981916610344216 0.0047046110103838145 -0.004449450086802244 -0.021398152336478231 0.015026071708649395 0.026096726308266319 -0.018308312991497721 -0.014006895571947097 0.013149678409099579 -0.011026279188226908 -0.010660811876031486 0.015534247398376465 -0.007064673032811177 0.028540426662990011 -0.0076542793817923598 0.0046802233585289546 0.012547984331846238 0.029193608562151578
leaf_weight=5 6 16.000000000000004 17 6.0000000000000027 20.000000000000004 14.999999999999998 37 5.9999999999999982 5 8.9999999999999982 5.0000000000000009 13.000000000000002 58 11.999999999999998 14.999999999999998 5.9999999999999991 20 8.9999999999999982 41 7.9999999999999991 5.9999999999999991 15.999999999999998 10.999999999999996 4.9999999999999991 42 7.0000000000000018 53 13.999999999999998 4.9999999999999982 9.0000000000000018
leaf_count=5 6 16 17 6 20 15 37 6 5 9 5 13 58 12 15 6 20 9 41 8 6 16 11 5 42 7 53 14 5 9
internal_value=-3.15094e-11 0.00654759 0.0141719 0.00320033 0.00634815 -5.36795e-05 -0.00203856 0.00376553 0.0190334 -0.00304485 0.00617754 -0.00395454 -0.00642057 0.000230933 -0.0074117 -0.00997428 0.00777619 0.0131915 -0.0145961 3.33951e-05 -0.00380737 -0.00538465 -0.00362617 -0.000279239 -0.00579971 0.0182436 -0.00537264 -0.00412845 0.000899591 0.0192766
internal_weight=497 118 36 82 60 31 379 56 11 323 29 294 185 109 176 118 38 29 56 45 71 22 16 18 62 13 65 56 10 26
internal_count=497 118 36 82 60 31 379 56 11 323 29 294 185 109 176 118 38 29 56 45 71 22 16 18 62 13 65 56 10 26
is_linear=0
shrinkage=0.03


Tree=45
num_leaves=31
num_cat=0
split_feature=68 51 9 28 33 52 48 50 48 43 26 18 81 55 13 36 89 2 3 86 56 70 60 37 47 43 16 53 60 49
split_gain=6.93526 3.22246 3.37696 2.94251 2.57808 2.39143 2.34334 2.87163 5.7199 3.14758 4.28892 2.90724 3.84024 4.42319 2.73843 2.30593 2.34245 2.27375 2.16481 2.0653 1.82412 2.25256 1.78794 1.74975 1.62109 1.57786 1.60925 1.54333 1.49022 1.31293
threshold=16.783333333333335 0.019804129541297569 1.2247230176479216 0.10806524007056999 -1.3678942722920511 -0.013515489941638653 0.32954061906590831 0.058695217821224839 -0.34878495067121307 -0.59610449072130822 0.052027860384990826 -0.081099724778314911 55.841195280484762 0.014215894030783762 -0.65466270812982419 2.4895092230674094 0.078704598044688101 -0.91707128943007465 0.44191999101910057 0.033591042388696354 0.030895117218820631 93.500000000000014 0.060251391077574941 0.28444182994078065 -0.46085970322265363 1.5033584820521535 0.55984922695548189 -0.18243958778191074 0.18361970930449989 0.055148626228710668
decision_type=2 2 2 2 2 2 2 2 2 2 2 2 2 2 2 2 2 2 2 2 2 2 2 2 2 2 2 2 2 2
left_child=1 2 20 4 5 -3 7 11 -9 10 18 12 13 29 -11 16 17 -13 -10 -5 21 28 -8 27 -16 26 -18 -14 -1 -2
right_child=6 3 -4 19 -6 -7 22 8 9 14 -12 15 23 -15 24 -17 25 -19 -20 -21 -22 -23 -24 -25 -26 -27 -28 -29 -30 -31
leaf_value=0.010439700227644708 0.0055678939570983233 -0.0089169540894882982 -0.0048039024763486598 0.028477353572845462 -0.010859201705083251 0.013513636968352578 0.00082759237615391611 0.029847671985626219 0.0075677687447408505 0.017632815152406691 0.030580846816301341 0.018096272200345983 0.0076516335457563417 -0.010034980252385138 0.004549689851701259 -0.022706971541047095 -0.01029747099179076 -0.0028443190428827491 -0.013392431028187273 0.0012099935263395307 0.020955393741789615 -0.0045722534414380789 0.015433554825457659 -0.014233558901718684 -0.0076613703508914078 -0.022974301651120185 -0.003030865142936818 -0.005610327070129901 0.028269827485084532 0.020061658501625061
leaf_weight=27 9.0000000000000018 7.0000000000000027 10.999999999999998 4.9999999999999982 20 10.999999999999998 24 5.9999999999999991 17.000000000000007 4.9999999999999991 5.9999999999999991 6.0000000000000027 10.999999999999995 8.9999999999999982 11.999999999999998 7.9999999999999991 64 21 5.9999999999999991 5 19 7.9999999999999991 10.999999999999998 13.999999999999998 53 5.9999999999999991 48 28.000000000000004 4.9999999999999991 14.999999999999998
leaf_count=27 9 7 11 5 20 11 24 6 17 5 6 6 11 9 12 8 64 21 6 5 19 8 11 14 53 6 48 28 5 15
internal_value=1.6345e-11 0.00635116 0.0104565 0.000364251 -0.00344612 0.00479063 -0.00197741 -0.00272985 0.00140549 -0.00031828 0.0079925 -0.00454663 -0.000133371 0.00790064 -0.00376132 -0.00702728 -0.0061622 0.00180915 0.00209989 0.0148437 0.0133016 0.00966608 0.00541804 -0.00513568 -0.00540702 -0.00798615 -0.00718321 -0.00186977 0.0132257 0.0146265
internal_weight=497 118 70 48 38 18 379 344 105 99 29 239 86 33 70 153 145 27 23 10 59 40 35 53 65 118 112 39 32 24
internal_count=497 118 70 48 38 18 379 344 105 99 29 239 86 33 70 153 145 27 23 10 59 40 35 53 65 118 112 39 32 24
is_linear=0
shrinkage=0.03


Tree=46
num_leaves=31
num_cat=0
split_feature=68 48 7 48 56 86 93 48 4 32 55 93 6 16 36 85 17 17 54 39 31 55 39 37 13 12 36 57 64 51
split_gain=6.52538 3.07783 2.57836 2.87315 2.377 2.27511 2.2649 7.27047 3.76149 3.34733 2.89136 2.81633 2.91061 3.10635 2.60892 2.15263 1.94667 1.88655 2.24633 1.84996 1.89046 1.71068 1.5642 1.56377 1.52971 1.4055 1.38692 1.35648 1.29477 1.2452
threshold=16.783333333333335 -0.24101248099011321 0.25349442493383489 0.022303628880425311 0.21042693704343171 0.047924475041949605 6710.5000000000009 -0.32439641051316881 0.21909305873618659 0.12766422500450217 -0.063588481751798501 8353.0000000000018 0.97677278023058367 0.15585361878378648 2.5853180986843478 0.050093259662389762 -0.41715652743780074 -0.55206117900534535 -0.10951439277630684 0.96298621445563082 -0.086904701842487372 -0.027286007843180703 1.5389089781422809 0.70869935684992635 0.63439328285401175 -0.52496053542358501 1.0000000180025095e-35 0.17506719006286858 8.6680950789163127 -0.035855579452834831
decision_type=2 2 2 2 2 2 2 2 2 2 2 2 2 2 2 2 2 2 2 2 2 2 2 2 2 2 2 2 2 2
left_child=1 5 4 -4 22 23 7 -2 10 11 -9 -8 13 -13 16 -12 -11 -10 -19 27 -21 -7 25 26 -15 -3 -1 -18 -29 -17
right_child=6 2 3 -5 -6 21 9 8 17 14 15 12 -14 24 -16 29 19 18 -20 20 -22 -23 -24 -25 -26 -27 -28 28 -30 -31
leaf_value=0.016489624399691816 0.037084002614021297 0.0043327249679714439 -0.0053602368757128694 0.01476071842692115 0.016927299857139585 0.011823746684406482 -0.012784704864025116 0.019838632074269381 0.0094770094539437973 -0.014643119561175505 -0.0046215608206234479 0.015542438775300978 0.024928834497928615 0.00024886375698058503 -0.027338266253471372 0.019803098099572317 -0.0066044564089887507 0.0055658220872282982 -0.010331111820414662 0.013491698831319805 -0.0045309180376881903 -0.010006191730499268 0.010493925958871841 0.0067945076376199724 -0.016935446016490462 -0.010875987870991231 0.033402695357799529 0.013862882107496264 -0.0058457391709089267 0.0029324666441728673
leaf_weight=16.000000000000004 4.9999999999999991 6.9999999999999991 9.0000000000000018 22 4.9999999999999991 7 11.999999999999998 10.999999999999998 6.9999999999999991 18 19 11.999999999999998 4.9999999999999991 69 4.9999999999999991 6.9999999999999991 112 9.9999999999999982 40 10.000000000000002 10.999999999999998 5.9999999999999982 4.9999999999999991 9.9999999999999982 4.9999999999999991 25 5.9999999999999991 5.9999999999999982 6 8.9999999999999982
leaf_count=16 5 7 9 22 5 7 12 11 7 18 19 12 5 69 5 7 112 10 40 10 11 6 5 10 5 25 6 6 6 9
internal_value=3.73841e-12 0.00616062 0.00235656 0.00891915 -0.00248725 0.0123317 -0.00191808 0.00175557 4.06019e-05 -0.00338212 0.00642237 0.000876033 0.00267745 0.00138376 -0.00599278 0.00220584 -0.00533801 -0.0051096 -0.00715173 -0.00418289 0.00405128 0.00174839 -0.00511084 0.0166311 -0.000912238 -0.00754908 0.0211023 -0.00557739 0.00400857 0.0103134
internal_weight=497 118 73 31 42 45 379 108 103 271 46 103 91 86 168 35 163 57 50 145 21 13 37 32 74 32 22 124 12 16
internal_count=497 118 73 31 42 45 379 108 103 271 46 103 91 86 168 35 163 57 50 145 21 13 37 32 74 32 22 124 12 16
is_linear=0
shrinkage=0.03


Tree=47
num_leaves=31
num_cat=0
split_feature=68 47 88 3 65 66 16 78 81 18 93 79 60 93 89 48 50 48 88 78 63 52 17 55 51 44 58 38 27 26
split_gain=6.13973 2.8998 3.13766 2.66562 2.46622 2.1593 3.00008 2.18478 2.53769 3.05836 3.54675 2.50782 2.24354 3.90164 2.17336 2.12574 2.04432 2.25532 2.01088 2.08228 1.97672 1.77662 1.67753 1.67372 1.6661 1.44744 1.57325 1.65624 1.42647 1.42558
threshold=16.783333333333335 0.137086811234015 1295.22477816887 -0.020653478274051059 9.475353956222536 1.5500000000000003 -1.3878706278463995 68.64163896122686 56.977197574238012 0.013279731314906956 11296.500000000002 39.457584079465811 -0.078551876433322579 10671.500000000002 0.087997757889562794 -0.33402850194572586 0.2327252381846156 0.32954061906590831 1463.291190658919 114.8913527922454 -0.016518144211552722 0.13384298038000103 0.06033509194710663 0.0058069723295097022 -0.077951586938938597 0.93175848871665423 0.076951881514439158 1.1815092818890054 -0.0063698535902063915 0.01280547186031992
decision_type=2 2 2 2 2 2 2 2 2 2 2 2 2 2 2 2 2 2 2 2 2 2 2 2 2 2 2 2 2 2
left_child=1 2 -1 21 -5 6 20 -7 9 10 11 29 13 -10 -12 -4 17 25 -17 -20 -2 24 -19 -8 -3 26 27 -14 -11 -9
right_child=5 3 15 4 -6 7 23 8 12 28 14 -13 16 -15 -16 18 -18 22 19 -21 -22 -23 -24 -25 -26 -27 -28 -29 -30 -31
leaf_value=-0.0093037813912857977 0.019299888074398027 0.011152027957141396 0.01662629233673215 0.011871124371886249 -0.010476341675966977 -0.016175713241100311 -0.018747533336281774 -0.0016622586697339987 0.028618817836046216 0.0038895807027195892 -0.0066311112344264976 0.035967780232429504 -0.0050224682656319249 0.00042836224770565563 0.0083203317381308553 0.019788782000541686 0.0090196252539753909 -0.0071007956404771089 0.010681994855403899 -0.0058282922411506824 -0.0019001799488538188 0.0038533244607970116 0.011378858312964439 -0.006955698979302094 0.026523522198200224 -0.015620972146945338 -0.011920818261802196 0.0075120406394655042 -0.0071863694407045837 0.01718707849199955
leaf_weight=17 5.0000000000000027 11.000000000000002 11.999999999999998 10.000000000000002 7.9999999999999991 7.9999999999999991 14.999999999999998 5.0000000000000062 4.9999999999999991 18 14.999999999999998 4.9999999999999991 69 38 21 4.9999999999999991 9.9999999999999982 7.0000000000000027 9.9999999999999982 22 19 7.9999999999999991 11.999999999999998 39 14.999999999999998 13.999999999999998 25 10.999999999999998 25 12.999999999999998
leaf_count=17 5 11 12 10 8 8 15 5 5 18 15 5 69 38 21 5 10 7 10 22 19 8 12 39 15 14 25 11 25 13
internal_value=1.13698e-11 0.0059758 0.0018014 0.0112741 0.00193892 -0.00186054 -0.00630884 -0.000707826 -0.000285495 0.00353503 0.00796983 0.0171722 -0.00232578 0.00370632 0.00209056 0.00565422 -0.00407834 -0.00502747 0.00209571 -0.000668828 0.0025165 0.0162162 0.00457056 -0.0102312 0.0200202 -0.00655993 -0.00535179 -0.00329897 -0.00254993 0.0119512
internal_weight=497 118 66 52 18 379 78 301 293 102 59 23 191 43 36 49 148 138 37 32 24 34 19 54 26 119 105 80 43 18
internal_count=497 118 66 52 18 379 78 301 293 102 59 23 191 43 36 49 148 138 37 32 24 34 19 54 26 119 105 80 43 18
is_linear=0
shrinkage=0.03


Tree=48
num_leaves=31
num_cat=0
split_feature=68 51 9 28 33 39 85 14 29 82 93 7 47 67 55 52 22 7 22 3 15 41 86 81 56 60 24 70 33 48
split_gain=5.77687 2.78443 2.92881 2.60093 2.22153 2.09314 3.0041 2.65673 2.56535 2.39692 3.13212 3.31242 2.51302 2.49602 2.19452 2.08631 1.9614 2.13268 1.90181 1.94084 1.86817 1.80921 1.77855 1.74617 1.62517 1.97466 1.54323 1.53144 1.45555 1.42979
threshold=16.783333333333335 0.019804129541297569 1.2247230176479216 0.10806524007056999 -1.3678942722920511 1.0777768827841976 0.079182397574186339 0.1656581759575613 0.22598844508294011 10.107235139304974 29211.500000000004 0.8874953804102339 -1.3473543479677859 385.00000000000006 -0.21506472846516358 -0.013515489941638653 0.16255516997717459 1.3366482199224539 0.083315991671699244 0.34036555178142308 0.68516993539314364 -0.11643712119180956 0.033591042388696354 65.126074808149284 0.030895117218820631 0.18361970930449989 0.0073788705280591555 56.500000000000007 -0.83451291561938035 0.23986973272627121
decision_type=2 2 2 2 2 2 2 2 2 2 2 2 2 2 2 2 2 2 2 2 2 2 2 2 2 2 2 2 2 2
left_child=1 2 24 4 15 8 20 -8 9 16 11 14 -12 -13 -11 -3 17 18 -2 -20 -7 -19 -5 27 25 -1 -14 29 -28 -16
right_child=5 3 -4 22 -6 6 7 -9 -10 10 12 13 26 -15 23 -17 -18 21 19 -21 -22 -23 -24 -25 -26 -27 28 -29 -30 -31
leaf_value=0.0063113656927432328 -0.0068692419167247507 -0.0085082967792238472 -0.0045991085537455297 0.026496356248855595 -0.010232414681464434 0.0029565424555157488 0.031062309443950657 0.0014528549909591673 -0.022166375815868378 0.02106801138818264 -0.022553734201937913 0.035279398083686832 0.00075528192387607233 0.0065794860944151864 -0.0064948320187007379 0.012442541298541155 -0.013929282870143651 -0.0023023319989442822 0.010280805157067681 -0.0084997953241690988 -0.013031310439109801 0.022132040396332747 0.0011926194280385968 -0.0085345505028963081 0.019486611556065708 0.026466171741485595 0.0073706430494785312 0.0079818207000951387 -0.010201631473111254 0.01163942974805832
leaf_weight=35 93 7.0000000000000027 10.999999999999998 4.9999999999999982 20 37 5.9999999999999982 5 5.9999999999999991 4.9999999999999991 5.9999999999999991 4.9999999999999982 52 6 18.000000000000004 10.999999999999998 20 6 13.000000000000002 7.9999999999999991 7.9999999999999991 4.9999999999999982 5 14.999999999999998 19 4.9999999999999991 4.9999999999999991 27 28 4.9999999999999991
leaf_count=35 93 7 11 5 20 37 6 5 6 5 6 5 52 6 18 11 20 6 13 8 8 5 5 15 19 5 5 27 28 5
internal_value=-1.13206e-11 0.00579653 0.00961263 0.000231385 -0.00335101 -0.00180472 0.00354964 0.0176035 -0.00273303 -0.00236521 2.99699e-05 0.00432093 -0.00378945 0.0196249 0.00191602 0.00429499 -0.00520639 -0.00381073 -0.00502796 0.00312629 0.000114257 0.0088042 0.0138445 0.000442786 0.0122623 0.00883072 -0.00246492 0.00313599 -0.00753917 -0.0025526
internal_weight=497 118 70 48 38 379 56 11 323 317 172 81 91 11 70 18 145 125 114 21 45 11 10 65 59 40 85 50 33 23
internal_count=497 118 70 48 38 379 56 11 323 317 172 81 91 11 70 18 145 125 114 21 45 11 10 65 59 40 85 50 33 23
is_linear=0
shrinkage=0.03


Tree=49
num_leaves=31
num_cat=0
split_feature=68 48 7 48 39 1 48 8 57 44 22 44 32 56 86 60 70 45 54 15 93 35 60 49 47 51 37 51 24 45
split_gain=5.43546 2.67558 2.20715 2.54221 2.04541 2.02366 2.39423 2.98338 2.68492 3.9244 2.2474 2.23998 2.46333 2.26542 2.00954 1.95555 1.81298 1.82848 2.36957 1.90731 1.79473 1.63337 1.55782 1.54529 1.53152 1.5269 1.41123 1.33408 1.29893 1.24302
threshold=16.783333333333335 -0.24101248099011321 0.25349442493383489 0.022303628880425311 1.5882880184228083 -3.0002042136765881 0.073465894428467446 1.07510268137137 0.14568664285123045 -0.33061286190643424 -0.020545748063231242 0.33845506080952986 0.51228799507063472 0.071465365163703123 0.047924475041949605 -0.099054966517773513 28.500000000000004 -0.3537048062754245 -0.020539027495165226 -0.33108521872360591 4144.0000000000009 1.2202537930144766 -0.086551231560926256 -0.033031870087203694 -0.48303496630031129 -0.030493173220133073 0.70869935684992635 0.077445645885107536 -0.14633943315203393 -0.095820573139571888
decision_type=2 2 2 2 2 2 2 2 2 2 2 2 2 2 2 2 2 2 2 2 2 2 2 2 2 2 2 2 2 2
left_child=1 14 4 -4 22 21 8 16 11 10 -10 12 15 27 26 -7 -8 19 20 -18 23 -2 -3 -19 -20 -16 -1 -13 -17 -22
right_child=5 2 3 -5 -6 6 7 -9 9 -11 -12 13 -14 -15 25 28 17 18 24 -21 29 -23 -24 -25 -26 -27 -28 -29 -30 -31
leaf_value=0.019664528764445674 0.023690206289291384 0.0075936803647450035 -0.0052841739977399485 0.013642529130659319 0.013810982927680014 -0.012660445779561985 0.014423918915646417 0.017188918491204578 -0.018586583286523815 0.020602594713370004 0.0073791659995913464 -0.016899625575812212 -0.0059011527371923113 0.008367806911468505 0.010948670197810442 -0.0027383034569876514 -0.019900289811193943 0.007446535720955578 0.0049882685195188963 -0.0034702758800478715 0.01080889993160963 -0.00055879980325698839 -0.0081745667151849836 0.02729722559452057 -0.0056020526870874301 -0.0096753528714180002 0.0060725325252860779 -0.0066724062870305613 0.012755896942690016 -0.0014043213706463574
leaf_weight=22 4.9999999999999982 6.9999999999999991 9.0000000000000018 22 5.9999999999999991 5.0000000000000027 6.9999999999999991 8.9999999999999982 6 8.9999999999999982 6.0000000000000018 29 86 4.9999999999999991 7 7.0000000000000044 7.9999999999999991 12.000000000000002 15.999999999999998 31 9.9999999999999982 5 29 4.9999999999999991 53 5.9999999999999982 9.9999999999999982 19 15.999999999999996 30
leaf_count=22 5 7 9 22 6 5 7 9 6 9 6 29 86 5 7 7 8 12 16 31 10 5 29 5 53 6 10 19 16 30
internal_value=-7.24492e-12 0.00562263 0.00207585 0.00814768 -0.00240573 -0.00175058 -0.00211146 0.000351349 -0.00448256 0.00562756 -0.00560371 -0.0057539 -0.00338487 -0.0108495 0.0113763 0.00434371 -0.000529686 -0.00116408 0.000592916 -0.00684054 0.00511937 0.0115657 -0.00510852 0.013285 -0.00314633 0.00142989 0.015417 -0.0128514 0.00804027 0.00164898
internal_weight=497 118 73 31 42 379 369 181 188 21 12 167 114 53 45 28 172 165 126 39 57 10 36 17 69 13 32 48 23 40
internal_count=497 118 73 31 42 379 369 181 188 21 12 167 114 53 45 28 172 165 126 39 57 10 36 17 69 13 32 48 23 40
is_linear=0
shrinkage=0.03


Tree=50
num_leaves=31
num_cat=0
split_feature=68 55 47 8 93 45 10 38 0 15 81 43 5 59 48 44 11 55 17 53 5 53 39 68 71 93 34 36 62 9
split_gain=5.11422 2.52368 2.17745 1.9495 2.11308 2.73147 2.8325 2.48938 2.31188 2.29717 2.22189 2.6005 3.51119 2.5321 2.1443 2.03215 1.86753 2.31475 2.03336 1.94007 2.06862 1.7362 1.35775 1.3302 1.31751 1.24226 1.22807 1.18636 1.1832 1.16266
threshold=16.783333333333335 -0.043484476777255636 -0.24697731858113023 -1.9603947928755392 39750.000000000007 -0.37161042155220275 -1.0861701055192263 0.89712476629631877 -2.3512530679198904 -0.52657039336807288 64.593243264958204 -0.45838953843533875 -0.040670700014635346 -0.12696567877316464 0.29526424654722178 0.28199636601837563 -0.30494668623319704 0.011766282216584724 0.21046272397509697 0.14768851646725648 1.5863514909151755 0.034283213494365729 -0.46042666078054012 13.983333333333336 8.5000000000000018 13913.500000000002 0.18263384962575094 2.2899042537946799 -0.010889932319864222 -0.30397204531317912
decision_type=2 2 2 2 2 2 2 2 2 2 2 2 2 2 2 2 2 2 2 2 2 2 2 2 2 2 2 2 2 2
left_child=1 2 29 -2 5 7 -7 -5 24 15 11 12 -8 -13 22 -10 17 -3 19 20 28 -12 26 -19 -6 -4 -15 -11 -18 -1
right_child=3 16 25 4 8 6 10 -9 9 27 21 13 -14 14 -16 -17 18 23 -20 -21 -22 -23 -24 -25 -26 -27 -28 -29 -30 -31
leaf_value=0.010407910287380216 -0.018662601783871649 0.02247271084226667 0.022722192534378592 -0.0089806334130667353 0.010925269817068638 0.025051635324954986 0.0035545607648142007 0.0086117020746072134 -0.0034727116177479412 -0.0030768869994935812 -0.011483726174954103 0.017902034659470829 0.023060373572202829 0.010594885043799884 0.012534556419899066 -0.022330782525241372 0.004561092113144696 0.0078458049967885003 -0.012222948683933777 0.016682254544326237 0.01101705195195973 0.0038123186068101359 -0.0059896050789393467 -0.010021683633327484 -0.0033320888020098205 0.0095681503042578699 -0.0076144035905599591 -0.017958216190338133 -0.0093050323054194427 -0.010050741671584549
leaf_weight=5 5.9999999999999991 8.0000000000000018 14.000000000000002 37 14.000000000000002 4.9999999999999991 23 8.9999999999999982 9.0000000000000018 135 17.000000000000004 6.9999999999999991 12.999999999999998 9.9999999999999911 8.9999999999999982 11.999999999999998 7.9999999999999991 15.000000000000002 10.999999999999998 6.9999999999999991 9.9999999999999982 10.999999999999998 42.000000000000007 4.9999999999999991 9.9999999999999982 11.999999999999998 4.9999999999999991 4.9999999999999991 18.000000000000004 4.9999999999999982
leaf_count=5 6 8 14 37 14 5 23 9 9 135 17 7 13 10 9 12 8 15 11 7 10 11 42 5 10 12 5 5 18 5
internal_value=1.45403e-11 0.00545396 0.0120754 -0.00169807 -0.00142518 0.000814737 0.00287288 -0.00553865 -0.00370141 -0.00499624 0.00206343 0.0039998 0.0105983 0.000745735 -0.00107387 -0.0142488 0.00254698 0.0088343 -0.000713111 0.00223127 -0.000578648 -0.00547457 -0.00322257 0.00337893 0.0049847 0.0166511 0.00452512 -0.00360836 -0.00503853 0.000178584
internal_weight=497 118 36 379 373 188 142 46 185 161 137 109 36 73 66 21 82 28 54 43 36 28 57 20 24 26 15 140 26 10
internal_count=497 118 36 379 373 188 142 46 185 161 137 109 36 73 66 21 82 28 54 43 36 28 57 20 24 26 15 140 26 10
is_linear=0
shrinkage=0.03


Tree=51
num_leaves=31
num_cat=0
split_feature=68 48 7 91 1 48 8 57 44 22 44 76 56 32 17 56 86 81 93 79 21 8 35 55 39 65 36 34 3 51
split_gain=4.81197 2.41329 1.97247 2.33831 1.85915 2.14485 2.706 2.40158 3.63715 2.08776 2.01849 2.36212 2.09237 1.9917 2.54977 1.84066 1.78798 1.69281 1.75205 2.11711 2.10356 1.82595 1.51439 1.40823 1.36965 1.36401 1.36071 1.23017 1.22861 1.20353
threshold=16.783333333333335 -0.24101248099011321 0.25349442493383489 1.0000000180025095e-35 -3.0002042136765881 0.073465894428467446 1.07510268137137 0.14568664285123045 -0.33061286190643424 -0.020545748063231242 0.33845506080952986 5.5000000000000009 0.071465365163703123 0.14700340072468565 0.024314842092208303 0.21042693704343171 0.047924475041949605 64.417367467237099 223771.50000000003 35.295996356892367 -0.040687791080405031 -1.1539416707489152 1.2202537930144766 -0.027286007843180703 1.1003168881436232 4.3175352513790139 1.0643077327030819 -1.3568918638977778 -0.11993643349842852 0.0096074754149968831
decision_type=2 2 2 2 2 2 2 2 2 2 2 2 2 2 2 2 2 2 2 2 2 2 2 2 2 2 2 2 2 2
left_child=1 16 15 25 22 7 17 10 9 -9 11 13 29 14 -6 28 26 18 19 21 -21 -7 -2 -18 -19 -4 27 -1 -3 -12
right_child=4 2 3 -5 5 6 -8 8 -10 -11 12 -13 -14 -15 -16 -17 23 24 -20 20 -22 -23 -24 -25 -26 -27 -28 -29 -30 -31
leaf_value=0.0041810386924242427 0.022791006088256838 0.0016394761204719542 -4.5616943389177275e-05 -0.011126704037189484 -0.0082780702784657437 -0.012711422592401505 0.016373728811740876 -0.018001129236072298 0.019741108467181523 0.0070254102721810305 -0.017364838461984288 0.015130527392029762 0.0081919848918914785 -0.006090982242361799 0.013981001566756855 0.014769630208611488 0.010514025986194608 -0.0084676135936751964 -0.0053368151430040591 0.022504774083693814 0.0019935049116611482 0.002329230703224864 -0.00055812630057334881 -0.0092923797667026527 0.0084160334765911102 0.015445800454992996 0.028941811323165891 0.017213600606191898 -0.0093952105300767075 -0.0078309017042808519
leaf_weight=10.999999999999998 4.9999999999999982 15.999999999999998 7.0000000000000062 4.9999999999999991 8.0000000000000018 7.9999999999999991 8.9999999999999982 6 8.9999999999999982 6.0000000000000018 22 5.9999999999999991 4.9999999999999991 89 10.999999999999998 4.9999999999999991 7 32 30 9.0000000000000018 8.9999999999999982 79 5 5.9999999999999982 4.9999999999999991 19 4.9999999999999991 16.000000000000004 21 26
leaf_count=11 5 16 7 5 8 8 9 6 9 6 22 6 5 89 11 5 7 32 30 9 9 79 5 6 5 19 5 16 21 26
internal_value=2.48759e-12 0.00529034 0.00192189 0.00766185 -0.00164712 -0.00199302 0.000338 -0.00423725 0.00532456 -0.00548786 -0.00543963 -0.00319077 -0.0102768 -0.00420862 0.00460876 -0.00231475 0.0107547 -0.000501079 0.00105702 0.00288383 0.0122491 0.000946182 0.0111164 0.00137261 -0.00618604 0.011275 0.0145662 0.011904 -0.00462345 -0.0122006
internal_weight=497 118 73 31 379 369 181 188 21 12 167 114 53 108 19 42 45 172 135 105 18 87 10 13 37 26 32 27 37 48
internal_count=497 118 73 31 379 369 181 188 21 12 167 114 53 108 19 42 45 172 135 105 18 87 10 13 37 26 32 27 37 48
is_linear=0
shrinkage=0.03


Tree=52
num_leaves=31
num_cat=0
split_feature=68 51 9 28 33 8 93 7 1 67 45 62 70 0 15 6 12 44 7 19 52 4 86 89 26 37 12 56 16 33
split_gain=4.52759 2.27989 2.42856 2.28634 1.82156 1.77852 1.92672 2.52604 3.02143 2.56435 2.16726 2.32895 2.55834 2.10939 2.07991 2.05848 2.04115 1.86187 1.85685 1.89587 1.74754 1.53032 1.4896 1.39284 1.44091 1.33629 1.3147 1.38334 1.22012 1.19544
threshold=16.783333333333335 0.019804129541297569 1.2247230176479216 0.10806524007056999 -1.3678942722920511 -1.9603947928755392 39750.000000000007 0.8874953804102339 0.39763152926224266 598.50000000000011 -0.37161042155220275 0.043180513403449916 47.500000000000007 -2.3512530679198904 -0.52657039336807288 -0.64640539144009324 -0.45468272139214566 0.28199636601837563 0.31240534482454435 0.037911893072745485 -0.013515489941638653 0.29766696674358878 0.033591042388696354 0.17813691414523203 0.22500415539585727 -1.0000000180025095e-35 0.9275439799191102 -0.095462624995192522 0.55984922695548189 2.0017148287779611
decision_type=2 2 2 2 2 2 2 2 2 2 2 2 2 2 2 2 2 2 2 2 2 2 2 2 2 2 2 2 2 2
left_child=1 2 23 4 20 -2 7 10 9 -9 18 15 25 28 17 29 -14 -15 19 -7 -3 -18 -5 24 26 -13 27 -1 -8 -12
right_child=5 3 -4 22 -6 6 13 8 -10 -11 11 12 16 14 -16 -17 21 -19 -20 -21 -22 -23 -24 -25 -26 -27 -28 -29 -30 -31
leaf_value=-0.0012106455738345786 -0.017801240980625153 -0.0080571246360029453 -0.0043565303933891381 0.024437763690948487 -0.0094941039606928831 -0.0060684579145163283 0.014352435395121568 0.030083351433277117 -0.001121005294128106 0.0041383590921759607 0.011918203893762365 0.0071135621890425658 0.027610237747430783 -0.0032368632095555448 -0.0034268163188659983 -0.004677880363346174 0.014166725054383274 -0.02128754198551178 -0.015096200764179231 0.014813346996903419 0.011117432787167755 -0.0016891876111427941 0.0012805316895246504 0.022635692032054067 0.022981653362512587 -0.011615424044430259 -0.0071729101650416854 0.012149592335486122 3.3585161872906611e-06 -0.0023052193100253741
leaf_weight=8.9999999999999947 5.9999999999999991 7.0000000000000027 10.999999999999998 4.9999999999999982 20 18.000000000000004 8.0000000000000018 8.0000000000000018 12.999999999999998 5.9999999999999991 13.000000000000002 6.0000000000000009 6.0000000000000027 9.0000000000000018 140 58 14.000000000000002 11.999999999999998 14.999999999999998 4.9999999999999991 10.999999999999998 8.9999999999999982 5 7.9999999999999991 5.9999999999999991 7.9999999999999973 4.9999999999999991 31.000000000000004 15.999999999999998 8.9999999999999982
leaf_count=9 6 7 11 5 20 18 8 8 13 6 13 6 6 9 140 58 14 12 15 5 11 9 5 8 6 8 5 31 16 9
internal_value=-2.18753e-11 0.00513163 0.00858472 9.58601e-05 -0.0032629 -0.00159771 -0.00133706 0.000801802 0.00929348 0.0189641 -0.000622267 0.00131239 0.00694304 -0.00351061 -0.00474743 -0.00171409 0.0120273 -0.0135515 -0.00688443 -0.00152894 0.00366066 0.00796224 0.0128591 0.0109975 0.0091719 -0.00358872 0.0073306 0.00914354 0.00478638 0.00609953
internal_weight=497 118 70 48 38 379 373 188 27 14 161 123 43 185 161 80 29 21 38 23 18 23 10 59 51 14 45 40 24 22
internal_count=497 118 70 48 38 379 373 188 27 14 161 123 43 185 161 80 29 21 38 23 18 23 10 59 51 14 45 40 24 22
is_linear=0
shrinkage=0.03


Tree=53
num_leaves=31
num_cat=0
split_feature=68 47 88 62 39 88 1 48 8 57 44 3 44 76 56 32 17 48 88 78 70 39 77 54 23 1 12 93 59 1
split_gain=4.26001 2.19088 2.37205 2.25803 1.74 1.91873 1.73094 1.95029 2.3684 2.16183 3.37127 1.98772 1.80842 2.15326 1.88839 1.81539 2.36193 1.67095 1.61778 1.62811 1.56361 1.63326 1.80119 2.07852 1.40512 1.33272 1.26784 1.18471 1.18491 1.29153
threshold=16.783333333333335 0.137086811234015 1295.22477816887 0.093395736568672852 0.66167144282608192 1619.9568713300416 -3.0002042136765881 0.073465894428467446 1.07510268137137 0.14568664285123045 -0.33061286190643424 1.0043877733352427 0.33845506080952986 5.5000000000000009 0.071465365163703123 0.14700340072468565 0.024314842092208303 -0.33402850194572586 1463.291190658919 114.8913527922454 28.500000000000004 1.5039016464068868 1.5000000000000002 -0.020539027495165226 -1.0000000180025095e-35 -0.28153380284768409 0.621142633201199 558870.00000000012 0.022706490418284053 0.51369738702124335
decision_type=2 2 2 2 2 2 2 2 2 2 2 2 2 2 2 2 2 2 2 2 2 2 2 2 2 2 2 2 2 2
left_child=1 2 -1 4 5 -3 24 9 20 12 11 -11 13 15 -14 16 -8 -4 -19 -20 -9 22 23 26 -2 -25 27 28 -22 -30
right_child=6 3 17 -5 -6 -7 7 8 -10 10 -12 -13 14 -15 -16 -17 -18 18 19 -21 21 -23 -24 25 -26 -27 -28 -29 29 -31
leaf_value=-0.0083064769205692061 -0.00047968000173568713 0.0090834600850939733 0.014427008721977471 0.024244065620005129 0.013760606188106497 -0.0076597016406330194 -0.0079925465583801231 0.013441458003861562 0.015341362406810123 0.0049578479411346551 0.018928037782510121 -0.019808130294084545 -0.011570538373198359 0.014456825032830238 0.0078025775849819186 -0.0058046391027131942 0.013430964296514337 0.017413949489593506 0.0091014854013919816 -0.0054976548068225379 0.002157684981984158 0.010716043114196508 -0.012056164258558835 -0.014463646709918985 0.022011307060718539 -0.0026744938300301627 -0.0058492194116115575 -0.0066484715643205811 0.020372014368573815 0.0058056366350501777
leaf_weight=17 5 14.000000000000002 11.999999999999998 7.9999999999999991 19 10.999999999999998 8.0000000000000018 6.9999999999999991 8.9999999999999982 7.0000000000000018 8.9999999999999982 5 48 5.9999999999999991 4.9999999999999991 89 10.999999999999998 4.9999999999999991 9.9999999999999982 22 26 9.9999999999999982 13.999999999999998 9.9999999999999911 4.9999999999999982 63.000000000000007 11.999999999999998 6.9999999999999991 9.0000000000000018 13.999999999999998
leaf_count=17 5 14 12 8 19 11 8 7 9 7 9 5 48 6 5 89 11 5 10 22 26 10 14 10 5 63 12 7 9 14
internal_value=1.48693e-11 0.00497768 0.00134925 0.009583 0.00691735 0.00171647 -0.00154978 -0.00188353 0.000339248 -0.00402355 0.00504841 -0.00536131 -0.00516434 -0.00303572 -0.00974289 -0.00400752 0.00441054 0.00469919 0.00154422 -0.000935423 -0.000445746 -0.0010349 -0.00179303 -0.000773991 0.0107658 -0.00428945 0.00299995 0.00489621 0.00654545 0.0115055
internal_weight=497 118 66 52 44 25 379 369 181 188 21 12 167 114 53 108 19 49 37 32 172 165 155 141 10 73 68 56 49 23
internal_count=497 118 66 52 44 25 379 369 181 188 21 12 167 114 53 108 19 49 37 32 172 165 155 141 10 73 68 56 49 23
is_linear=0
shrinkage=0.03


Tree=54
num_leaves=31
num_cat=0
split_feature=68 55 47 1 48 8 57 44 22 50 29 15 65 11 20 5 53 30 81 59 5 34 1 44 35 8 51 39 51 5
split_gain=4.00824 2.10054 1.84509 1.62864 1.83502 2.22843 2.03406 3.17203 1.89273 1.72123 2.91216 2.02248 1.76993 1.57075 1.61327 1.55224 1.95833 1.52812 1.52508 1.59713 1.94739 1.81717 1.69997 1.38551 1.34126 1.30343 1.2366 1.23414 1.10636 1.08899
threshold=16.783333333333335 -0.043484476777255636 -0.24697731858113023 -3.0002042136765881 0.073465894428467446 1.07510268137137 0.14568664285123045 -0.33061286190643424 -0.020545748063231242 0.058695217821224839 0.13224814414682123 0.48109602640568644 8.7944263219833392 -0.68437548337929599 -0.045208387879787613 1.8021631461376024 0.13104040474286446 -0.11679205052141227 64.417367467237099 0.008895748710728308 0.48172171106821676 -0.15545728879822648 0.24538243250491978 0.39016834959425067 1.2202537930144766 -1.0524537932504792 -0.085414263351612771 1.1003168881436232 0.0601583524697889 0.53620094549614783
decision_type=2 2 2 2 2 2 2 2 2 2 2 2 2 2 2 2 2 2 2 2 2 2 2 2 2 2 2 2 2 2
left_child=1 2 -1 24 6 18 9 8 -8 23 11 -11 -13 14 -3 16 17 -15 19 25 22 -22 -21 26 -2 -6 -5 -20 -25 -4
right_child=3 13 29 4 5 -7 7 -9 -10 10 -12 12 -14 15 -16 -17 -18 -19 27 20 21 -23 -24 28 -26 -27 -28 -29 -30 -31
leaf_value=-8.2064797170460223e-05 0.021429798960685736 0.0010831195162609218 0.018807939243944062 0.0027657979521900412 -0.016525374323129654 0.014881120820840199 -0.017114937212318181 0.018360196749369301 0.0067139962315559357 -0.0073713925550691782 0.021166474699974059 -0.0032154299318790424 0.015716291936114429 0.0081115576252341354 0.020135303288698194 0.011019263232126831 0.0089302245154976832 -0.0071738220771422239 -0.0079941119818249719 -0.0077412111219018693 0.02548096622739519 0.0029817885719239717 0.0055573623531287707 -0.016458703354001042 -0.0005441206097602843 -0.00069910653401166194 -0.0068042504937329794 0.0080325755774974805 -0.0050397775322198867 0.0049660824345690857
leaf_weight=9.9999999999999982 4.9999999999999982 7.9999999999999991 19.000000000000004 14.999999999999998 4.9999999999999991 8.9999999999999982 6 8.9999999999999982 6.0000000000000018 32 4.9999999999999991 10.000000000000002 7.9999999999999991 6.999999999999992 7.9999999999999991 9.9999999999999982 11.999999999999998 37.000000000000007 32 11.999999999999998 7 5.9999999999999982 31 21 5 74 64 4.9999999999999991 11.999999999999998 6.9999999999999991
leaf_count=10 5 8 19 15 5 9 6 9 6 32 5 10 8 7 8 10 12 37 32 12 7 6 31 21 5 74 64 5 12 7
internal_value=-1.45039e-11 0.00482835 0.0108692 -0.00150328 -0.00182703 0.000329071 -0.00390285 0.00489696 -0.00520047 -0.00500941 -0.000663203 -0.00284617 0.00519867 0.00217625 0.0106092 0.000131891 -0.00181228 -0.00474206 -0.000432374 0.00104652 0.00492216 0.0150967 0.00184613 -0.00714371 0.0104428 -0.00170077 -0.00498715 -0.00582834 -0.0123064 0.0150813
internal_weight=497 118 36 379 369 181 188 21 12 167 55 50 18 82 16 66 56 44 172 135 56 13 43 112 10 79 79 37 33 26
internal_count=497 118 36 379 369 181 188 21 12 167 55 50 18 82 16 66 56 44 172 135 56 13 43 112 10 79 79 37 33 26
is_linear=0
shrinkage=0.03


Tree=55
num_leaves=31
num_cat=0
split_feature=68 25 53 75 8 23 8 93 7 1 67 62 39 9 49 30 29 48 24 2 36 93 27 85 16 4 52 93 42 6
split_gain=3.77135 1.99245 2.22227 1.82034 2.18615 1.89407 1.57528 1.73153 2.22156 2.65572 2.25543 1.92277 3.49638 1.94445 1.86104 1.99912 1.984 1.83171 1.81106 1.58437 1.43833 1.30977 1.29212 1.76838 1.18549 1.28955 1.10973 1.06217 1.05446 1.00279
threshold=16.783333333333335 0.033761436953535832 0.029489089365291234 0.15737874097007226 -0.70973768840866047 -0.056669964851914854 -1.9603947928755392 39750.000000000007 0.8874953804102339 0.39763152926224266 598.50000000000011 0.043180513403449916 1.0777768827841976 -0.21426389830919443 -0.28652552998726499 -0.04926606045188605 -0.024234618598494736 0.095054369777890724 -0.0113209272604311 1.3177071963836313 -0.032319316640260241 6306.5000000000009 0.026241096404541375 0.031608209013938911 0.47063455893755229 0.35154902157280216 -0.090286583182899047 424960.00000000006 0.40820247228942647 -0.47414251157502724
decision_type=2 2 2 2 2 2 2 2 2 2 2 2 2 2 2 2 2 2 2 2 2 2 2 2 2 2 2 2 2 2
left_child=1 3 -3 4 -1 -5 -2 8 11 10 -10 14 13 -13 -8 16 -16 18 22 27 -6 -4 23 -9 -15 -26 -20 -19 -23 -17
right_child=6 2 21 5 20 -7 7 17 9 -11 -12 12 -14 24 15 29 -18 19 26 -21 -22 28 -24 -25 25 -27 -28 -29 -30 -31
leaf_value=-0.01148071639239788 -0.016707793176174161 0.0019591384008526801 0.025814874619245518 0.0094667979010513801 0.0012313345710144323 -0.0084498965757136991 0.0060469817479743672 0.018900184929370865 0.028272722102701649 -0.00098567430073252089 0.0039406264573335643 -0.0065541773512959485 0.021003395418326059 -0.0017819218710064882 -0.0073187847957015004 0.00058660203760320482 0.010455169757971398 0.0014507567699183709 -0.016771053350530564 0.013780324874179704 0.012636795053258537 0.0057556253062053158 -0.0059379722751878401 -0.0012672954363127549 0.016796807755123482 0.00032537800925118578 -0.0069292029523258577 -0.0061751242322847242 0.022371185928583143 -0.0094005131907761094
leaf_weight=5.9999999999999991 5.9999999999999991 18 8.0000000000000018 7.0000000000000027 17 22 17 5.0000000000000027 8.0000000000000018 12.999999999999998 5.9999999999999991 20 8.9999999999999982 12.000000000000002 10.000000000000002 10.999999999999998 12.999999999999998 48 15.999999999999998 6.9999999999999991 24 10.999999999999998 37 18 11.000000000000002 6.9999999999999991 29 25 4.9999999999999991 51
leaf_count=6 6 18 8 7 17 22 17 5 8 13 6 20 9 12 10 11 13 48 16 7 24 11 37 18 11 7 29 25 5 51
internal_value=7.36438e-12 0.0046835 0.00992741 0.00178554 0.00543258 -0.00412518 -0.00145819 -0.00121288 0.000814749 0.00877821 0.0178447 -0.000520739 0.00378994 0.000691518 -0.00301417 -0.0048264 0.00272736 -0.0032734 -0.00587904 0.000146506 0.0079077 0.0159036 -0.00246692 0.00311694 0.00552198 0.0103913 -0.0104285 -0.00116085 0.010948 -0.00762861
internal_weight=497 118 42 76 47 29 379 373 188 27 14 161 59 50 102 85 23 185 105 80 41 24 60 23 30 18 45 73 16 62
internal_count=497 118 42 76 47 29 379 373 188 27 14 161 59 50 102 85 23 185 105 80 41 24 60 23 30 18 45 73 16 62
is_linear=0
shrinkage=0.03


Tree=56
num_leaves=31
num_cat=0
split_feature=68 48 56 80 7 1 66 7 58 93 3 4 71 81 43 0 16 15 37 86 24 34 35 48 51 36 22 34 15 12
split_gain=3.54847 1.92813 1.63473 2.11202 1.75061 1.50638 1.6543 2.12625 1.69235 2.53004 1.91777 2.41475 3.65458 1.63151 1.52306 1.4896 1.99125 1.74834 1.90445 1.44504 1.38734 1.22664 1.22265 1.16359 1.16173 1.14333 1.13388 1.2496 1.13103 1.09298
threshold=16.783333333333335 -0.24101248099011321 0.25708157169127377 80.78328435536541 0.25349442493383489 -3.0002042136765881 1.5500000000000003 1.284973913397178 -0.080983047670775299 29211.500000000004 1.5591882254689098 1.048611537281642 11.500000000000002 64.936200605905142 -0.45838953843533875 1.9048468203286899 0.061069896881086556 -0.34339917322494634 -1.4071934490955786 0.047924475041949605 0.095555532717120181 -1.5855823181558417 1.2202537930144766 -0.24101248099011321 -0.030493173220133073 1.0643077327030819 0.23795007947658328 1.211795414866174 0.58035357034073864 -0.52496053542358501
decision_type=2 2 2 2 2 2 2 2 2 2 2 2 2 2 2 2 2 2 2 2 2 2 2 2 2 2 2 2 2 2
left_child=1 19 3 4 29 22 7 21 23 10 11 13 -13 14 -10 16 -11 18 -18 25 -15 -7 -2 -8 -21 -1 27 -23 -16 -3
right_child=5 2 -4 -5 -6 6 8 -9 9 15 -12 12 -14 20 28 -17 17 -19 -20 24 -22 26 -24 -25 -26 -27 -28 -29 -30 -31
leaf_value=0.010413548154756426 0.020564467012882236 0.0099853702075779378 0.01653394615277648 -0.0071784152041958725 0.010903733633458614 0.0071183228641748426 0.007849557083100079 0.011426763152703643 0.011150134221233173 0.011343149827285246 -0.0075023622539910403 0.03779156434535981 0.0015197120904922481 -0.010487869266759266 -0.0012769569922238581 -0.0094857104162552521 -0.026539042890071869 -0.00033512452832871564 -0.0042092590237205671 0.0092957172542810426 0.0085707125903572885 -0.011584036730762038 -0.00041534668207168568 -0.0059671586737749744 -0.0086938649415969852 0.026031180381774901 -0.020725585222244262 -0.0027719165924936532 0.014407420635223387 -0.0047020407079866053
leaf_weight=27 4.9999999999999982 6.0000000000000027 5.9999999999999991 23 19 4.9999999999999991 5.9999999999999991 5.9999999999999991 28.999999999999993 10.999999999999998 10.999999999999998 4.9999999999999982 5 10.999999999999998 24.000000000000011 21 4.9999999999999991 81 10.999999999999998 7 4.9999999999999991 28 5 64 5.9999999999999982 4.9999999999999991 5.9999999999999991 30 4.9999999999999991 19
leaf_count=27 5 6 6 23 19 5 6 6 29 11 11 5 5 11 24 21 5 81 11 7 5 28 5 64 6 5 6 30 5 19
internal_value=-6.03626e-12 0.00454299 0.00153212 0.000188669 0.00403965 -0.00141444 -0.0017258 -0.00570282 -0.000711248 0.000561134 0.00427644 0.0058189 0.0196556 0.00394907 0.00628869 -0.00217494 -0.000753403 -0.00212518 -0.0111873 0.0094273 -0.00453206 -0.00719235 0.0100746 -0.00478287 0.000992833 0.0128538 -0.00831038 -0.00702604 0.00142725 -0.00117706
internal_weight=497 118 73 67 44 379 369 75 294 224 95 84 10 74 58 129 108 97 16 45 16 69 10 70 13 32 64 58 29 25
internal_count=497 118 73 67 44 379 369 75 294 224 95 84 10 74 58 129 108 97 16 45 16 69 10 70 13 32 64 58 29 25
is_linear=0
shrinkage=0.03


Tree=57
num_leaves=31
num_cat=0
split_feature=68 55 47 8 81 60 15 80 45 75 0 48 60 51 62 23 11 20 5 53 30 48 11 11 22 53 21 11 34 10
split_gain=3.33875 1.85045 1.63252 1.46237 1.56541 3.22096 1.8742 3.11621 2.19325 1.48964 3.45982 1.87112 1.58313 1.63 1.48641 1.47584 1.37999 1.42633 1.35596 1.64838 1.36464 1.12376 1.10744 1.09548 1.08853 1.08261 1.0936 1.07694 1.00218 0.994405
threshold=16.783333333333335 -0.043484476777255636 -0.24697731858113023 -1.9603947928755392 56.977197574238012 -0.1069585303015482 0.24430756709354925 98.013011429398148 0.1211605265186781 0.081799933087989302 1.8453554068097393 0.32954061906590831 -0.077255445968963873 -0.072143046243069373 0.049288794516885018 -0.043468962785354885 -0.68437548337929599 -0.045208387879787613 1.8021631461376024 0.13104040474286446 -0.11679205052141227 0.095054369777890724 0.29734200601479516 0.27910053183664602 -0.27746751228529604 -0.05612004498873515 0.12930182177507377 0.41305026424154051 -0.63257148888534087 0.35584034353751576
decision_type=2 2 2 2 2 2 2 2 2 2 2 2 2 2 2 2 2 2 2 2 2 2 2 2 2 2 2 2 2 2
left_child=1 2 -1 -2 5 15 7 14 22 10 25 12 13 -11 -7 -5 17 -3 19 20 -18 -15 -8 24 -14 -6 -27 -25 -4 -26
right_child=3 16 28 4 9 6 8 -9 -10 11 -12 -13 23 21 -16 -17 18 -19 -20 -21 -22 -23 -24 27 29 26 -28 -29 -30 -31
leaf_value=-0.0002245628354139626 -0.016064963415265084 0.00086460247635841367 0.0097530435683096141 0.0025060854000704615 -0.0076398578978010582 -0.005590672309111271 -0.0031273416206240644 0.022787931203842163 0.014828584283266378 0.013311377077230385 0.025612281203269961 0.0054205715780456859 0.0088471808731555943 -0.0054777549851107703 0.0050179342052433639 -0.014176282279193399 0.0076428827111210216 0.018778974339365959 0.010177053954452276 0.0080399814434349536 -0.0068017726894971471 0.005783645830709826 0.010183973511060079 -0.01995019237200419 -0.0070939734451905155 -0.00014659298956394196 0.013883669227361678 -0.0079097380188222106 0.022133469879627218 0.0011958092905115336
leaf_weight=9.9999999999999982 5.9999999999999991 7.9999999999999991 17 7.0000000000000027 13.999999999999998 35 15.000000000000002 4.9999999999999991 23 6.9999999999999991 4.9999999999999991 18 4.9999999999999991 29 18 14.999999999999998 6.999999999999992 7.9999999999999991 9.9999999999999982 11.999999999999998 37.000000000000007 10.999999999999998 8.9999999999999982 8.9999999999999982 70 30 5.9999999999999991 26 9.0000000000000018 15.999999999999998
leaf_count=10 6 8 17 7 14 35 15 5 23 7 5 18 5 29 18 15 7 8 10 12 37 11 9 9 70 30 6 26 9 16
internal_value=2.52624e-11 0.0044067 0.0100766 -0.00137201 -0.00113566 0.00156922 0.00375611 0.000148085 0.00820858 -0.00253208 0.00181832 -0.00378481 -0.0047426 -4.37266e-05 -0.00198775 -0.00886826 0.00191748 0.00982179 1.28646e-06 -0.00181581 -0.00450376 -0.00238087 0.0018644 -0.00649535 -0.00476054 -0.000561076 0.00219178 -0.0110059 0.0140386 -0.00555169
internal_weight=497 118 36 379 373 127 105 58 47 246 55 191 173 47 53 22 82 16 66 56 44 40 24 126 91 50 36 35 26 86
internal_count=497 118 36 379 373 127 105 58 47 246 55 191 173 47 53 22 82 16 66 56 44 40 24 126 91 50 36 35 26 86
is_linear=0
shrinkage=0.03


Tree=58
num_leaves=31
num_cat=0
split_feature=68 25 29 55 75 8 23 70 10 27 81 15 61 5 81 21 8 48 75 33 8 22 8 36 54 86 37 10 7 58
split_gain=3.14143 1.78537 1.99112 2.00472 1.59846 1.91296 1.66775 1.3881 1.72284 1.53524 1.60633 2.23326 2.33618 2.26431 1.65389 1.83054 1.62391 1.3062 1.41172 1.71104 1.37964 1.67332 1.30822 1.27666 1.23095 1.2582 1.18212 1.25251 1.09991 1.02645
threshold=16.783333333333335 0.033761436953535832 0.15080320005246164 -0.043484476777255636 0.15737874097007226 -0.70973768840866047 -0.056669964851914854 99.500000000000014 -1.3293734940316806 0.21375103047624575 56.977197574238012 0.24430756709354925 0.10101274963363098 1.1684667846097294 56.675670077043613 -0.064338349436994638 1.2372477391768009 0.32954061906590831 0.081799933087989302 -0.94316302900800075 -1.0091823997192371 -0.36334255629913786 0.13240915711418469 -0.93944442198631795 0.055355514255183411 0.079687000958160351 0.24090936075633798 0.57441766355856494 -0.9128266966910622 -0.025095580790771642
decision_type=2 2 2 2 2 2 2 2 2 2 2 2 2 2 2 2 2 2 2 2 2 2 2 2 2 2 2 2 2 2
left_child=1 4 3 -3 5 -1 -6 8 -2 10 11 13 24 14 15 -10 17 18 19 -12 -20 -22 -21 -7 25 -13 27 -23 -25 -19
right_child=7 2 -4 -5 6 23 -8 -9 9 -11 16 12 -14 -15 -16 -17 -18 29 20 22 21 26 -24 28 -26 -27 -28 -29 -30 -31
leaf_value=-0.010872468948364257 0.013660643015589032 0.017244371435689656 0.025238466858863828 0.0018758204855024811 0.0087465701145785155 -0.0027179382989803952 -0.008065648940815167 -0.014566166422196795 -0.01242051687464118 -0.012957042016088962 0.017536404490470885 0.010860892959559955 -0.0051589434593915934 0.014538753288132804 0.010381642773780704 -0.0012572968350006983 0.012876666039228438 -0.0070709870755672416 -0.014055474097175258 0.0042511838525533677 0.012862186610698699 -0.0037999947039160605 -0.0067414472654069718 -0.0028531289398670214 0.017517758189485623 -0.0028770178680618602 -0.0086012999420108822 0.0094205734453030997 0.012465071075906354 0.0072569460421800609
leaf_weight=5.9999999999999991 6.9999999999999991 10.999999999999998 5.9999999999999991 25 7.0000000000000027 8.9999999999999982 22 6.9999999999999991 20 9.9999999999999982 4.9999999999999991 18.000000000000004 11.999999999999998 6.9999999999999991 6.9999999999999991 39 5.9999999999999991 6.0000000000000027 13.999999999999998 20 4.9999999999999991 82 19 4.9999999999999956 12.999999999999998 8.9999999999999982 48 6.9999999999999991 27.000000000000004 18
leaf_count=6 7 11 6 25 7 9 22 7 20 10 5 18 12 7 7 39 6 6 14 20 5 82 19 5 13 9 48 7 27 18
internal_value=3.64091e-12 0.0042745 0.00923844 0.00657177 0.00153127 0.00494883 -0.00400753 -0.00133085 -0.0010818 -0.00136453 -0.00103798 0.00169939 0.00645051 -0.00168496 -0.00340566 -0.00504144 -0.00252568 -0.00293824 -0.00373183 0.00101405 -0.00507041 -0.00418456 -0.0011042 0.00726414 0.00993334 0.00628159 -0.0048067 -0.00276017 0.0100716 0.00367496
internal_weight=497 118 42 36 76 47 29 379 372 365 355 125 52 73 66 59 230 224 200 44 156 142 39 41 40 27 137 89 32 24
internal_count=497 118 42 36 76 47 29 379 372 365 355 125 52 73 66 59 230 224 200 44 156 142 39 41 40 27 137 89 32 24
is_linear=0
shrinkage=0.03


Tree=59
num_leaves=31
num_cat=0
split_feature=68 51 9 28 22 8 25 49 27 81 35 48 12 44 9 23 71 58 66 75 70 10 77 49 14 89 26 14 86 12
split_gain=2.95577 1.71606 1.89573 1.73437 1.39671 1.31836 1.4552 2.14252 1.84588 1.74264 1.76265 2.77512 2.32322 1.97272 1.6766 1.64466 1.37842 1.28821 1.36572 1.27631 1.27224 1.27727 1.1322 1.74606 1.32208 1.12295 1.1729 1.04902 1.0272 1.01524
threshold=16.783333333333335 0.019804129541297569 1.2247230176479216 0.10806524007056999 -0.047976182782927826 -1.9603947928755392 0.01152792734393648 0.2985180658265088 0.23510979336564797 48.378052193769115 1.4524164997786302 -0.32439641051316881 0.86986809857592828 -0.57044248133046704 -0.048761610902506573 0.22960514370253157 9.5000000000000018 -0.075800264987951504 27.650000000000002 0.11342195540308748 39.500000000000007 0.35584034353751576 1.5000000000000002 1.0000000180025095e-35 -0.64808823035140706 0.17813691414523203 0.22500415539585727 0.086520345255452394 0.033591042388696354 0.9275439799191102
decision_type=2 2 2 2 2 2 2 2 2 2 2 2 2 2 2 2 2 2 2 2 2 2 2 2 2 2 2 2 2 2
left_child=1 2 25 4 -3 -2 8 14 9 19 11 13 17 -11 15 -8 -17 -13 22 -7 -16 -22 23 24 -19 26 29 -9 -5 -1
right_child=5 3 -4 28 -6 6 7 27 -10 10 -12 12 -14 -15 20 16 -18 18 -20 -21 21 -23 -24 -25 -26 -27 -28 -29 -30 -31
leaf_value=0.0075664991374360391 -0.015241690948605537 0.003596245986409485 -0.0042916824634779581 0.020508673310279849 -0.0080529391511597413 -0.00087607886642217584 -0.010964846693995323 0.019903806298971177 -0.014612734871251242 0.0024603894352912899 -0.0047437931815511539 -0.0049958992776061801 -0.014019483427206676 0.027975017428398138 0.0050500877089798444 -0.0078639374779803407 0.011731669083237646 0.014521408490836636 0.018453296989202499 0.01632487551732497 -0.0059482373550865577 0.0031406975066975542 -0.0066871932148933411 0.011055030168167182 -0.00025961926086584764 0.019723787005059421 0.020094023048877713 0.00047063693404197682 0.0012787418514490125 -0.0067717684060335159
leaf_weight=40 5.9999999999999991 15.999999999999998 10.999999999999998 4.9999999999999982 22 6.0000000000000027 44 4.9999999999999982 6.9999999999999991 5 48 21 8.9999999999999982 5.9999999999999982 20 6.9999999999999982 6 5.999999999999992 4.9999999999999991 10.999999999999998 52 19 10.999999999999998 21 59.000000000000007 7.9999999999999991 5.9999999999999991 5 5 4.9999999999999991
leaf_count=40 6 16 11 5 22 6 44 5 7 5 48 21 9 6 20 7 6 6 5 11 52 19 11 21 59 8 6 5 5 5
internal_value=-4.3849e-12 0.00414627 0.0071421 -0.000222659 -0.00314802 -0.00129092 -0.00106651 -0.00325235 0.000539826 0.00104977 0.000230548 0.00190026 0.000693823 0.0163775 -0.00416043 -0.00819493 0.00118019 0.00177041 0.00316347 0.010254 -0.00163333 -0.00351599 0.00237533 0.00353449 0.00110478 0.00927382 0.00763461 0.0101872 0.0108937 0.00597336
internal_weight=497 118 70 48 38 379 373 158 215 208 191 143 132 11 148 57 13 123 102 17 91 71 97 86 65 59 51 10 10 45
internal_count=497 118 70 48 38 379 373 158 215 208 191 143 132 11 148 57 13 123 102 17 91 71 97 86 65 59 51 10 10 45
is_linear=0
shrinkage=0.03


Tree=60
num_leaves=31
num_cat=0
split_feature=68 48 7 48 87 12 70 10 34 85 36 63 65 63 52 66 70 33 8 65 49 37 47 75 63 27 13 39 54 85
split_gain=2.78109 1.65049 1.39012 1.66576 1.40045 1.54778 1.29114 1.57665 1.36194 2.30699 1.97323 1.60236 2.59664 1.32182 1.90143 1.61437 1.32665 1.3163 1.42965 1.38582 1.26735 1.2313 1.10921 1.04471 1.27918 1.02668 1.02415 0.983302 0.964943 0.903982
threshold=16.783333333333335 -0.24101248099011321 0.25349442493383489 0.022303628880425311 101.42543859649125 -0.52496053542358501 99.500000000000014 -1.3293734940316806 -2.8160283582516343 0.062135884538292892 2.4895092230674094 -0.15731906564720899 11.648198604583742 -0.033917463980981152 -0.19748544945083762 1.2500000000000002 29.500000000000004 -2.2554488846350216 0.91943956847296859 5.1274600028991708 -0.044258383385539474 1.0309668864292074 -0.37334348935250555 0.027222222222222228 -0.077943829179408022 -1.0000000180025095e-35 0.65375380644553249 1.5039016464068868 -1.0000000180025095e-35 0.049973918125033386
decision_type=2 2 2 2 2 2 2 2 2 2 2 2 2 2 2 2 2 2 2 2 2 2 2 2 2 2 2 2 2 2
left_child=1 20 4 -4 -3 -6 7 -2 9 -9 11 12 22 26 -15 16 -16 -17 19 21 -1 -19 -10 -22 -25 -14 -13 -21 -11 -18
right_child=6 2 3 -5 5 -7 -8 8 10 28 -12 13 25 14 15 17 29 18 -20 27 23 -23 -24 24 -26 -27 -28 -29 -30 -31
leaf_value=-0.0056990675032138815 0.013091093110186712 0.011098120221868157 -0.0048177813117702781 0.010502793956428913 0.0048208470651033251 -0.0086830909274518489 -0.014016910812684467 0.014986910521984096 0.0094798827543854623 0.006155690569430587 -0.015649418259660403 -0.0042735786874191425 0.0080841435492038701 -0.0083612829695145288 -0.019593235373497008 0.012068957671523094 0.00096396257236067736 0.0082822173171573209 0.011760738730430603 -0.0026962072233372666 0.00062426959164440631 -0.0040409284383058552 -0.0061141037045476521 0.00025903880596160888 0.015626398601497594 0.027309270858764653 -0.015612669792026281 0.0089721075871161057 -0.0097596293315291415 -0.0085012954333797096
leaf_weight=4.9999999999999991 6.9999999999999991 5.9999999999999991 9.0000000000000018 22 10.999999999999998 25 6.9999999999999991 12.000000000000002 6.0000000000000044 6.0000000000000009 8.9999999999999982 69 5 27 4.9999999999999991 9.9999999999999982 21 27 9.9999999999999982 91 7.9999999999999991 9.9999999999999982 13 5.9999999999999991 26 4.9999999999999982 7.9999999999999991 6.9999999999999991 7.9999999999999973 15.999999999999998
leaf_count=5 7 6 9 22 11 25 7 12 6 6 9 69 5 27 5 10 21 27 10 91 8 10 13 6 26 5 8 7 8 16
internal_value=1.85673e-11 0.00402188 0.00123619 0.00605489 -0.00232046 -0.00455689 -0.00125219 -0.001012 -0.00128247 0.00533462 -0.00178997 -0.00141199 0.00532286 -0.00206086 -0.000895272 0.000127989 -0.00508914 0.00154166 0.00081564 4.89244e-06 0.00854088 0.00495164 -0.00118969 0.0103209 0.012745 0.0176967 -0.00545167 -0.00186276 -0.00293878 -0.00312912
internal_weight=497 118 73 31 42 36 379 372 365 26 339 330 29 301 224 197 42 155 145 135 45 37 19 40 32 10 77 98 14 37
internal_count=497 118 73 31 42 36 379 372 365 26 339 330 29 301 224 197 42 155 145 135 45 37 19 40 32 10 77 98 14 37
is_linear=0
shrinkage=0.03


Tree=61
num_leaves=31
num_cat=0
split_feature=68 47 62 75 61 30 93 70 10 27 81 60 15 62 10 61 8 37 48 50 33 43 37 34 28 21 23 10 59 26
split_gain=2.61672 1.55793 2.00629 1.91292 1.4155 1.36446 1.29218 1.21484 1.48347 1.30439 1.41791 2.01359 1.89179 1.89833 1.71703 1.70405 1.39867 1.16718 1.16182 1.29409 2.41928 1.47682 1.31059 1.0832 1.0791 1.04106 1.0279 1.01633 1.20007 1.0037
threshold=16.783333333333335 -0.64627959399184509 0.093395736568672852 0.15155865463494669 0.068690532584283676 0.042027461313468385 8151.5000000000009 99.500000000000014 -1.3293734940316806 0.21375103047624575 56.977197574238012 -0.1069585303015482 0.24430756709354925 0.044415535612195793 -0.090386990771302952 0.10101274963363098 1.2372477391768009 1.4878353357731249 0.32954061906590831 0.050649078572910781 -1.0102258458380846 1.5291250999779666 0.32451991828491339 1.0268186524674561 0.16458439914585393 -0.0090087982117126233 -0.043468962785354885 0.39552765760117203 0.12295496344613069 0.054881889668186683
decision_type=2 2 2 2 2 2 2 2 2 2 2 2 2 2 2 2 2 2 2 2 2 2 2 2 2 2 2 2 2 2
left_child=1 24 3 4 17 -5 -4 8 -2 10 11 26 13 23 25 29 18 -3 19 21 -21 22 27 -13 -1 -15 -10 28 -12 -14
right_child=7 2 6 5 -6 -7 -8 -9 9 -11 16 12 15 14 -16 -17 -18 -19 -20 20 -22 -23 -24 -25 -26 -27 -28 -29 -30 -31
leaf_value=-0.0069028634966953693 0.0126983599790505 0.00057990070078521962 0.024916147163936069 0.0024472364271059628 0.014978372037410736 -0.010707190185785294 0.0077302225927511859 -0.013596403918095997 0.002172899448445864 -0.011929426931601483 -0.0027941765604919053 -0.0084660163108745343 0.0076214938447810698 0.025512809425592416 -0.00044301209324787899 -0.002981319084763527 0.011953601613640785 0.013178940626482168 0.0035134006780572235 0.013558561921119689 -0.0024607063368395237 -0.021162778526544572 -0.009313772171232344 0.0023680313536897299 0.008951723489910364 0.0061535224020481073 -0.012086152895711934 0.0035526175444063387 -0.014493871927261353 0.018564954603260211
leaf_weight=17.000000000000004 6.9999999999999991 25 6.9999999999999991 20.000000000000004 14.999999999999998 10.999999999999998 8.9999999999999982 6.9999999999999991 7.0000000000000027 9.9999999999999982 64 23 24 5 13.999999999999998 9.9999999999999982 5.9999999999999991 8.9999999999999982 24 9.9999999999999982 56 4.9999999999999991 37 12.999999999999998 4.9999999999999991 5.0000000000000018 12.999999999999998 19 8.9999999999999982 10.999999999999998
leaf_count=17 7 25 7 20 15 11 9 7 7 10 64 23 24 5 14 10 6 9 24 10 56 5 37 13 5 5 13 19 9 11
internal_value=2.24691e-12 0.00390122 0.0055514 0.00361187 0.00730171 -0.00222046 0.0152491 -0.00121463 -0.000981638 -0.00124399 -0.000942996 0.00162882 0.0032906 -0.000196741 0.00633873 0.00794038 -0.00234072 0.00391494 -0.00272361 -0.00347205 -3.35445e-05 -0.00516564 -0.0045456 -0.00455372 -0.00329955 0.0158332 -0.00709548 -0.00262796 -0.0042366 0.0110609
internal_weight=497 118 96 80 49 31 16 379 372 365 355 125 105 60 24 45 230 34 224 200 66 134 129 36 22 10 20 92 73 35
internal_count=497 118 96 80 49 31 16 379 372 365 355 125 105 60 24 45 230 34 224 200 66 134 129 36 22 10 20 92 73 35
is_linear=0
shrinkage=0.03


Tree=62
num_leaves=31
num_cat=0
split_feature=68 25 29 60 75 8 23 8 49 80 19 46 37 28 1 57 59 3 15 65 58 26 16 14 36 36 26 25 37 7
split_gain=2.46208 1.5088 1.70836 1.726 1.32906 1.65686 1.45228 1.1473 1.30172 2.04364 1.74625 1.66764 1.51455 1.21218 1.37721 1.20596 1.15332 1.11501 1.36883 1.18253 1.15131 1.1673 1.54355 1.51848 1.13473 1.08892 1.0111 1.00863 0.938686 0.936823
threshold=16.783333333333335 0.033761436953535832 0.15080320005246164 0.11012580014085975 0.15737874097007226 -0.70973768840866047 -0.056669964851914854 -1.9603947928755392 0.2985180658265088 50.389573243966304 0.40740951776781131 -0.19732364539304728 0.43607928295257853 -0.10594205530833464 -3.0002042136765881 -0.067889088486607768 0.029674204082300166 -1.9635153653962176 -0.8146242813296336 4.6273596882820138 -0.047555860047248301 0.062223268535378275 0.60035571637151552 0.022423051771762213 -0.93944442198631795 -0.93944442198631795 0.027087383036468547 0.040237251515135956 0.73388056741630514 -0.9128266966910622
decision_type=2 2 2 2 2 2 2 2 2 2 2 2 2 2 2 2 2 2 2 2 2 2 2 2 2 2 2 2 2 2
left_child=1 4 3 -3 5 -1 -6 -2 9 12 13 -10 16 -11 -15 -14 -9 -16 19 -19 -20 22 26 24 -23 -7 -22 -24 -13 -27
right_child=7 2 -4 -5 6 25 -8 8 11 10 -12 28 15 14 17 -17 -18 18 20 -21 21 23 27 -25 -26 29 -28 -29 -30 -31
leaf_value=-0.010345524102449417 -0.014192413818091155 0.002650098134602966 0.023167931139469144 0.01924767500587872 0.0081135360577276727 -0.0026855183641115825 -0.0075750759694809943 -0.0060955206635925499 -0.0087672716006636561 -0.0056969359287848834 0.015568495541810988 0.0039194893808319007 -0.0094686039909720413 0.01419508658349514 0.0094452318283729259 0.007544065475463867 -0.016706161264862331 -0.021236068814992889 -0.0031079186080023645 -0.0038709950633347033 -0.0026429409384727477 0.0024375191330909727 0.006232742884994617 0.0011411910391013536 0.020262358287970225 -0.0028018850907683391 -0.015972045660018922 -0.0017522393527906388 0.016523241301377615 0.011335142290012703
leaf_weight=5.9999999999999991 5.9999999999999991 29 5.9999999999999991 6.9999999999999991 7.0000000000000027 8.9999999999999982 22 27 6.0000000000000027 39 5.9999999999999991 13.000000000000002 5.9999999999999991 5.9999999999999991 9.9999999999999982 9.9999999999999982 13.999999999999998 5.0000000000000027 75 11.999999999999998 35 4.9999999999999991 35 21 8.9999999999999982 4.9999999999999956 5.9999999999999991 24 8.9999999999999982 27.000000000000004
leaf_count=6 6 29 6 7 7 9 22 27 6 39 6 13 6 6 10 10 14 5 75 12 35 5 35 21 9 5 6 24 9 27
internal_value=-1.44196e-11 0.00378419 0.00834748 0.0058774 0.00126236 0.00437865 -0.00378817 -0.00117819 -0.000968845 -0.00147373 -0.000446535 0.0052521 -0.00666379 -0.00078728 6.89461e-07 0.00116431 -0.00971867 -0.000358662 -0.000790552 -0.00897837 -0.000127729 0.00152793 -0.00012243 0.00624325 0.0138963 0.00653341 -0.00459354 0.00298461 0.00907557 0.00912623
internal_weight=497 118 42 36 76 47 29 379 373 345 288 28 57 282 243 16 41 237 227 17 210 135 100 35 14 41 41 59 22 32
internal_count=497 118 42 36 76 47 29 379 373 345 288 28 57 282 243 16 41 237 227 17 210 135 100 35 14 41 41 59 22 32
is_linear=0
shrinkage=0.03


Tree=63
num_leaves=31
num_cat=0
split_feature=68 48 9 7 87 12 47 45 51 70 10 27 81 78 61 29 56 8 43 48 9 41 76 58 37 78 22 4 1 48
split_gain=2.31657 1.46997 1.26253 1.53699 1.28466 1.28199 1.164 1.14097 1.36268 1.11894 1.36594 1.1941 1.25711 1.86885 1.60998 1.6713 1.37657 1.26049 1.15989 1.43444 1.08659 1.27163 1.38017 1.1203 1.06071 1.03734 1.00951 0.984858 0.986931 0.974683
threshold=16.783333333333335 -0.24101248099011321 0.9081499770862218 0.25349442493383489 101.42543859649125 -0.52496053542358501 -0.59263635253216174 1.0746853119811466 -0.030493173220133073 99.500000000000014 -1.3293734940316806 0.21375103047624575 56.977197574238012 68.64163896122686 0.034830727155261094 -0.1227247481142187 0.14469764917571956 1.2372477391768009 -0.59610449072130822 0.27045749550328735 -0.041942842647332772 0.8126130826800031 1.0000000180025095e-35 -0.045059952719374109 -0.10146911984641703 162.15285939107514 0.0677372223645612 0.077437154430971614 -0.44798249877347879 0.32954061906590831
decision_type=2 2 2 2 2 2 2 2 2 2 2 2 2 2 2 2 2 2 2 2 2 2 2 2 2 2 2 2 2 2
left_child=1 7 3 4 -3 -6 -5 8 -1 10 -2 12 13 -12 15 -15 -16 20 19 -17 25 23 -23 -22 26 27 -20 -14 -29 -25
right_child=9 2 -4 6 5 -7 -8 -9 -10 -11 11 -13 17 14 16 18 -18 -19 24 -21 21 22 -24 29 -26 -27 -28 28 -30 -31
leaf_value=0.010535534512996674 0.012207703643611499 0.012554546624422073 -0.010204110383056103 -0.0028656346164643749 0.0044997094893320039 -0.0081427619652822605 0.011260327176091128 0.021446671307086943 -0.00090199855715036392 -0.013025881009442465 -0.0097178605932276684 -0.011394697532057761 -0.0037393695806774 -0.009471697993576526 -0.0039199351095655739 0.024302534248147694 0.01055730569575514 0.011370766870677472 -0.002039338291755744 0.0043127087503671644 -0.00623347142125879 -8.0325047352484307e-05 0.020556569695472714 -0.0014224978996816076 0.0096895181322875206 0.0082764768898487082 0.01295991450548172 -0.022657662034034711 -0.0078271294119102615 0.0068187829339876769
leaf_weight=25 6.9999999999999991 4.9999999999999991 7.9999999999999991 7.0000000000000027 10.999999999999998 21 21 4.9999999999999991 14.999999999999998 6.9999999999999991 11.999999999999998 9.9999999999999982 63 5.9999999999999991 38 6.9999999999999982 6.9999999999999991 5.9999999999999991 21 6 35 6.9999999999999982 5 67 23.000000000000004 4.9999999999999991 4.9999999999999991 5.0000000000000027 21 15.999999999999998
leaf_count=25 7 5 8 7 11 21 21 5 15 7 12 10 63 6 38 7 7 6 21 6 35 7 5 67 23 5 5 5 21 16
internal_value=-2.14888e-11 0.00367066 0.00104173 0.00242583 -0.00158726 -0.00379691 0.00772884 0.00793537 0.00624646 -0.00114284 -0.000919238 -0.00117099 -0.000882996 0.0015386 0.00273398 0.005647 -0.00166792 -0.00219908 0.0071101 0.0150765 -0.00256256 -0.000785829 0.00851838 -0.00173202 0.00499658 -0.00501974 0.000845133 -0.00576672 -0.0106792 0.000166183
internal_weight=497 118 73 65 37 32 28 45 40 379 372 365 355 125 113 68 45 230 62 13 224 130 12 118 49 94 26 89 26 83
internal_count=497 118 73 65 37 32 28 45 40 379 372 365 355 125 113 68 45 230 62 13 224 130 12 118 49 94 26 89 26 83
is_linear=0
shrinkage=0.03


Tree=64
num_leaves=31
num_cat=0
split_feature=68 51 15 86 80 93 8 22 36 54 39 75 3 7 0 46 22 0 25 48 5 6 46 63 75 49 85 23 8 23
split_gain=2.17966 1.38567 1.61014 1.46014 1.44872 1.39371 1.3693 1.08013 1.78728 1.48058 1.46643 2.11854 1.61352 1.56557 2.37396 1.40533 1.35481 1.22253 1.16654 1.10049 1.08879 1.08641 1.11041 1.04058 1.02535 0.993004 0.913051 0.889373 0.85277 0.834218
threshold=16.783333333333335 0.019804129541297569 -0.40542080981157586 0.0024221739728411463 80.78328435536541 13913.500000000002 0.49023662980514221 0.22231939854721749 1.7315726500934878 -0.10174047511304618 1.0777768827841976 0.18090909090909094 -0.069720591498854331 0.84345172199250951 -0.15797199376972024 1.0924717865923157 -0.31722858350198679 -1.5368568258016011 -0.04735376027138994 0.079307932933244854 -0.08632465916286601 -1.3382889025428004 -0.49142699635851644 -0.1484504830366945 0.063164893617021281 -0.033031870087203694 0.052756374701857574 -0.064501530188727327 0.69565975514591583 -0.037869328434078572
decision_type=2 2 2 2 2 2 2 2 2 2 2 2 2 2 2 2 2 2 2 2 2 2 2 2 2 2 2 2 2 2
left_child=1 2 4 6 -1 24 -3 9 26 15 13 12 19 16 -15 21 -11 -14 23 -12 -16 -2 27 -18 -4 -24 -9 -23 29 -5
right_child=7 3 5 28 -6 -7 -8 8 -10 10 11 -13 17 14 20 -17 18 -19 -20 -21 -22 22 25 -25 -26 -27 -28 -29 -30 -31
leaf_value=0.0047285530599765471 0.017181418240070342 0.020935606777668002 0.0063747416320256859 0.0014508231983266092 -0.011634657303137438 0.0045892666781321171 -0.0012668002769351003 0.0011817014962434769 -0.022620850324630737 0.0078693659603595728 -0.0042952287197113035 -0.0049174183141440153 0.0081447092536836851 0.015768885031342508 0.0048140549981458619 -0.0061710604513064028 0.0084308633798112469 0.029123508810997005 -0.0059558912876405213 0.01364614954590797 -0.0085338118469173233 0.003835616558790206 0.0028217793410194336 -0.0024433235009200869 0.019838322656495232 0.012550776010113099 -0.0088400526624172922 -0.012498765736818315 0.0064080281981400084 -0.00883479762682691
leaf_weight=16.000000000000004 5.9999999999999991 4.9999999999999982 8.0000000000000018 10.999999999999998 6.9999999999999991 25 5 18 4.9999999999999991 8.9999999999999982 7.9999999999999991 14.999999999999998 5 9.9999999999999982 10.999999999999998 11.999999999999998 8.9999999999999982 5 114 5.0000000000000009 11.000000000000002 6 28.999999999999996 66 13.999999999999998 14.000000000000002 14.999999999999998 5.9999999999999982 6.9999999999999991 20.000000000000004
leaf_count=16 6 5 8 11 7 25 5 18 5 9 8 15 5 10 11 12 9 5 114 5 11 6 29 66 14 14 15 6 7 20
internal_value=3.42922e-12 0.00356054 0.00625258 -0.000365347 -0.000251554 0.00943545 0.0098344 -0.00110856 -0.00590617 -0.000573928 -0.00160563 0.00385391 0.00957435 -0.00250764 0.00364911 0.00321369 -0.00350267 0.0186341 -0.0040442 0.0026053 -0.00185988 0.00505987 0.00373752 -0.00113842 0.0149425 0.00598936 -0.00337364 -0.00433157 -0.00304949 -0.00518506
internal_weight=497 118 70 48 23 47 10 379 38 341 268 38 23 230 32 73 198 10 189 13 22 61 55 75 22 43 33 12 38 31
internal_count=497 118 70 48 23 47 10 379 38 341 268 38 23 230 32 73 198 10 189 13 22 61 55 75 22 43 33 12 38 31
is_linear=0
shrinkage=0.03


Tree=65
num_leaves=31
num_cat=0
split_feature=68 25 29 60 62 34 75 86 93 48 4 3 15 17 85 37 66 11 70 26 93 48 51 27 22 28 28 39 70 4
split_gain=2.05084 1.33748 1.53743 1.51338 1.15972 1.55688 1.34161 1.17236 1.04822 3.76357 2.10054 1.56011 1.56859 1.56981 1.38587 1.30771 1.227 2.61707 1.07917 0.950457 0.936374 0.863002 0.844968 1.13407 0.789658 0.777876 0.890378 0.764372 0.76176 0.745101
threshold=16.783333333333335 0.033761436953535832 0.15080320005246164 0.11012580014085975 0.048371862718540881 -1.1820585667438885 0.15737874097007226 0.033591042388696354 6710.5000000000009 -0.32439641051316881 0.21909305873618659 -1.9635153653962176 -0.33108521872360591 -0.41715652743780074 0.050093259662389762 -1.4746068796817804 8.7773745463646637 -0.0992972622818281 57.500000000000007 0.07701146597414317 19370.000000000004 -0.1895904819412666 0.086290423253641155 -0.0709491972478732 -0.076669136879592731 -0.033989843221929737 -0.020143822554069973 1.0524170048565862 72.500000000000014 1.0339587243354174
decision_type=2 2 2 2 2 2 2 2 2 2 2 2 2 2 2 2 2 2 2 2 2 2 2 2 2 2 2 2 2 2
left_child=1 4 3 -3 6 -6 -1 -7 9 -2 14 -10 15 -14 28 -13 25 20 -16 21 -18 -17 23 -12 -19 -15 -27 -26 -11 -24
right_child=8 2 -4 -5 5 7 -8 -9 11 10 22 12 13 16 18 19 17 24 -20 -21 -22 -23 29 -25 27 26 -28 -29 -30 -31
leaf_value=0.0024194287692662327 0.026842003583908081 0.0023848891606682845 0.021809626668691635 0.017926606344325201 -0.0071844765543937639 0.01750277709960937 -0.0076115482896566391 0.0029760781489312649 0.011907414220705894 -0.0052047359312956129 0.0050557095025266915 -0.020096694380044938 -0.01132074202482517 -0.0046928667437670562 0.0026997300068085832 -0.014305534267967396 0.020973013171127854 0.0046618604497052725 0.015256422949688772 0.0042047809436917306 0.00716652687638998 -0.004564835373312235 -0.0021763389693065121 -0.0082043282320613357 -0.0077139336584756751 0.01097259171307087 -0.0010316034054114042 0.0055452355295419692 0.0065611125016584986 0.011790797084569931
leaf_weight=30 4.9999999999999991 29 5.9999999999999991 6.9999999999999991 6.0000000000000027 10.000000000000002 20 9.9999999999999982 6.9999999999999991 13.000000000000002 6.9999999999999991 5.9999999999999991 12.999999999999998 58 11.000000000000002 10.999999999999998 7.0000000000000027 11.999999999999998 13.999999999999998 7.9999999999999991 11.999999999999998 32 10.999999999999998 34 18.000000000000004 5.9999999999999991 76 4.9999999999999991 7.9999999999999991 4.9999999999999991
leaf_count=30 5 29 6 7 6 10 20 10 7 13 7 6 13 58 11 11 7 12 14 8 12 32 11 34 18 6 76 5 8 5
internal_value=7.93358e-12 0.00345372 0.00775014 0.00540689 0.00107939 0.00621853 -0.00159296 0.0102394 -0.0010753 0.0014239 0.000190013 -0.00207129 -0.00244194 -0.00122848 0.00495901 -0.00684873 -0.000552193 0.00328939 0.00973148 -0.00529014 0.0122531 -0.00705664 -0.00365865 -0.00594042 -0.00157664 -0.00203395 -0.000153248 -0.00483151 -0.000722508 0.00218839
internal_weight=497 118 42 36 76 26 50 20 379 108 103 271 264 207 46 57 194 54 25 51 19 43 57 41 35 140 82 23 21 16
internal_count=497 118 42 36 76 26 50 20 379 108 103 271 264 207 46 57 194 54 25 51 19 43 57 41 35 140 82 23 21 16
is_linear=0
shrinkage=0.03


Tree=66
num_leaves=31
num_cat=0
split_feature=68 48 56 80 7 86 93 48 4 3 15 17 85 37 15 51 77 70 20 61 25 54 62 93 51 27 8 68 66 12
split_gain=1.92964 1.29266 1.14256 1.47771 1.17999 1.0015 0.986274 3.54115 1.9764 1.46791 1.47589 1.47703 1.30397 1.23043 1.16489 1.34408 1.10183 1.01539 0.911353 0.895244 0.894322 0.853195 0.81897 0.801727 0.795031 1.06705 0.789804 0.794895 0.750958 0.745259
threshold=16.783333333333335 -0.24101248099011321 0.25708157169127377 80.78328435536541 0.25349442493383489 0.047924475041949605 6710.5000000000009 -0.32439641051316881 0.21909305873618659 -1.9635153653962176 -0.33108521872360591 -0.41715652743780074 0.050093259662389762 -1.4746068796817804 -0.27130321184593947 -0.066313196303485686 1.5000000000000002 57.500000000000007 -0.08598192911417997 -0.060932424874078857 -0.086826082803310015 -0.097500488548955239 -0.096958955400229446 30511.500000000004 0.086290423253641155 -0.0709491972478732 -0.20157160549396208 1401.8139833333337 8.7773745463646637 -0.52496053542358501
decision_type=2 2 2 2 2 2 2 2 2 2 2 2 2 2 2 2 2 2 2 2 2 2 2 2 2 2 2 2 2 2
left_child=1 5 3 4 29 23 7 -2 12 -8 13 -12 -9 -11 -13 19 18 -14 -17 -16 -15 -20 -7 -1 25 -10 27 -23 -21 -3
right_child=6 2 -4 -5 -6 22 9 8 24 10 11 14 17 20 15 16 -18 -19 21 28 -22 26 -24 -25 -26 -27 -28 -29 -30 -31
leaf_value=0.012943496685475109 0.026036743372678757 0.0079172829443632468 0.01342666732147336 -0.0064005899357447481 0.0086182793612150765 0.0098521772325038878 0.011550191683428628 -0.00070083275703447208 0.0049040382461888448 -0.019493793509900569 -0.010981119825289799 0.010673556751571596 0.0026187381757931268 0.0034505208830038709 0.010262775793671608 -0.0059663542935794048 -0.010905781422670071 0.01479873022862843 0.0057049255119636655 -0.0020962503355426284 -0.0069704317268250238 0.0087287526112049853 -0.0056251812726259235 0.0019772293791174888 0.002122739371843636 -0.0079581984444795275 -0.0039200350994487163 -0.0022288013321275896 0.0065217849961481987 -0.0042108118583105113
leaf_weight=24 4.9999999999999991 6.0000000000000027 5.9999999999999991 23 19 5 6.9999999999999991 21 6.9999999999999991 5.9999999999999991 12.999999999999998 7.9999999999999991 11.000000000000002 8.9999999999999982 11.999999999999998 33 12.999999999999998 13.999999999999998 18 26 42 10.999999999999995 7.9999999999999982 7.9999999999999991 15.999999999999998 34 46.000000000000007 12.999999999999998 13.999999999999998 19
leaf_count=24 5 6 6 23 19 5 7 21 7 6 13 8 11 9 12 33 13 14 18 26 42 11 8 8 16 34 46 13 14 19
internal_value=1.7692e-11 0.00335011 0.000884822 -0.000238328 0.00298285 0.00734936 -0.00104304 0.00138118 0.000184313 -0.00200916 -0.00236868 -0.00119162 0.00481024 -0.00664327 -0.000535627 -0.00101774 -0.00260639 0.00943953 -0.00171472 0.00307607 -0.00513144 -0.000120353 0.000327649 0.0102019 -0.00354889 -0.00576221 -0.00161828 0.00279341 0.000920062 -0.00130007
internal_weight=497 118 73 67 44 45 379 108 103 271 264 207 46 57 194 186 134 25 121 52 51 88 13 32 57 41 70 24 40 25
internal_count=497 118 73 67 44 45 379 108 103 271 264 207 46 57 194 186 134 25 121 52 51 88 13 32 57 41 70 24 40 25
is_linear=0
shrinkage=0.03


Tree=67
num_leaves=31
num_cat=0
split_feature=93 48 8 7 3 43 20 2 55 52 93 49 17 41 70 4 13 4 64 3 63 52 20 51 43 53 80 41 6 3
split_gain=1.82141 2.4936 2.1722 1.78427 2.27619 2.21028 2.22922 2.51202 1.49126 1.39443 1.38688 1.269 1.27738 1.25107 1.23115 1.21879 1.04339 1.04438 1.04017 1.0125 0.989738 0.925674 0.888711 0.8867 0.814644 0.793544 0.791899 0.758798 0.711969 0.711953
threshold=32302.000000000004 -0.42286287866285704 -1.6125178615331925 0.81639204436075308 1.0424346044022521 0.65426195426239353 0.2140895658207819 0.13848908220864389 -0.043484476777255636 -0.32594847710241626 1208.0000000000002 0.30765978528004295 -0.24132992700731112 -0.48561677355731081 53.500000000000007 1.3507642595451581 0.87798968848181835 -0.2100686216306947 8.3610626222824074 -0.32025726922776426 0.074944245746555879 -0.033443956234793397 -0.068648137089648911 0.090405935186524081 -0.36838357822238271 0.037965887220898678 88.448480868512434 0.098072704800081553 -0.20952543953731953 -0.2782207679743875
decision_type=2 2 2 2 2 2 2 2 2 2 2 2 2 2 2 2 2 2 2 2 2 2 2 2 2 2 2 2 2 2
left_child=1 -1 -3 5 13 6 8 -8 10 -2 -4 12 21 -5 -15 -12 17 -14 -10 24 -21 -11 27 -24 -20 -6 -23 -19 -7 -25
right_child=9 2 3 4 25 28 7 -9 18 11 15 -13 16 14 -16 -17 -18 22 19 20 -22 26 23 29 -26 -27 -28 -29 -30 -31
leaf_value=0.018135362360626458 -0.016287050992250442 -0.011916598611595955 -0.0041217023947022176 0.0045296176671981792 0.0064834511812244108 -8.5678959731012573e-05 0.015743709257558768 -0.0052792569994926453 0.0027439882761488357 -0.015739227712154386 0.010491728576478258 0.0065047628163574693 -0.0029459874079163584 0.03039940345287323 0.01244565562768416 -0.0055459679961204532 -0.010336215380917895 0.00074863847260448054 0.0077802184224128688 -0.0081532915470165172 0.0060673839300870889 -0.0099676321540027868 0.0073256246673483998 -0.0085085358789988904 -0.0030108047452043082 -0.0066864390671253198 0.0044501842744648452 -0.010040545910596848 -0.0089754829041659833 0.0055744225159287458
leaf_weight=7.9999999999999991 5.9999999999999991 10.999999999999998 10.999999999999998 10.000000000000002 7.0000000000000027 11.999999999999998 19.000000000000004 6.9999999999999991 36 10.000000000000002 29 15.999999999999998 91 4.9999999999999991 10.999999999999998 4.9999999999999991 10.999999999999998 22.000000000000004 10.000000000000002 37 4.9999999999999991 7.9999999999999982 31 7 17 9.9999999999999982 6 7.9999999999999991 25 5.9999999999999982
leaf_count=8 6 11 11 10 7 12 19 7 36 10 29 16 91 5 11 5 11 22 10 37 5 8 31 7 17 10 6 8 25 6
internal_value=-9.03595e-12 0.00163176 0.00113727 0.00169818 0.00727245 0.00057286 0.00197406 0.0100837 0.000568392 -0.00202133 0.00513759 -0.00162506 -0.00227544 0.0128537 0.0180562 0.00813324 -0.00139009 -0.000793685 -0.00138984 -0.00354661 -0.00646035 -0.00876801 0.00185307 0.00456775 0.000985871 -0.00126354 -0.00378857 -0.00212848 -0.0060923 -0.00200871
internal_weight=497 275 267 256 43 213 176 26 150 222 45 216 200 26 16 34 176 165 105 69 42 24 74 44 27 17 14 30 37 13
internal_count=497 275 267 256 43 213 176 26 150 222 45 216 200 26 16 34 176 165 105 69 42 24 74 44 27 17 14 30 37 13
is_linear=0
shrinkage=0.03


Tree=68
num_leaves=31
num_cat=0
split_feature=39 54 26 42 40 85 22 7 47 8 21 89 65 82 57 36 42 57 19 56 28 24 37 32 3 43 55 57 85 56
split_gain=1.75344 1.97446 2.12485 1.80624 1.68635 1.67214 1.53386 1.40607 2.01942 1.55691 1.34238 1.22516 1.21905 1.21876 1.20663 1.18773 1.18469 1.10123 1.07189 1.07115 1.02032 0.945342 0.943485 0.897601 0.870663 0.857421 0.802576 0.72848 0.700075 0.689837
threshold=1.0777768827841976 -0.061363388855624763 0.070774511911842433 1.3065533084858936 -0.45287421060888061 0.073979321867227568 0.16533801132242631 0.8874953804102339 0.19290372125874486 -1.0524537932504792 -0.024392112899651517 0.17389033538424845 11.703599929809572 9.6580354537222348 0.13496630472359242 -0.074872022600358051 -0.56131919506834016 0.14837322372742787 -0.042686917958928233 0.0056934819765204698 0.14036254701471651 0.11697296329471929 -0.64351554684688816 0.8196416078203167 -1.1252716466911934 -0.68993919767739953 -0.22163558112521001 0.052383453951171131 0.07496934756636621 -0.070249886595681391
decision_type=2 2 2 2 2 2 2 2 2 2 2 2 2 2 2 2 2 2 2 2 2 2 2 2 2 2 2 2 2 2
left_child=1 2 4 18 25 12 14 9 10 22 -9 17 13 23 24 -8 -10 20 -4 -7 29 -14 -3 -2 -6 -1 -26 -28 -22 -11
right_child=5 7 3 -5 6 19 15 8 16 11 -12 -13 21 -15 -16 -17 -18 -19 -20 -21 28 -23 -24 -25 26 -27 27 -29 -30 -31
leaf_value=0.0040734000653028461 0.016829016911131985 -0.020966448783874499 0.0055326751931570467 -0.0090798376053571692 0.018545497477054595 0.0070368971149711024 0.0073558017164468718 -0.0094853830796021651 0.018938747355714429 -0.0061478785800404452 0.0047541510982608247 -0.01709405368566513 -0.0094572218794089068 -0.0051650107403596237 -0.0030823116302490234 -0.0095277727525681262 0.0034500380046665669 0.0050200511701405043 0.015950417155399917 0.021780744343996048 0.0081729992758482663 0.004217231494507619 -0.0070167591143399472 0.0044950830267572947 0.016510376930236815 -0.0098161530755460271 0.00053495663359923206 0.009653167648357339 -0.0051881024613976475 -0.0020750331486534719
leaf_weight=5.0000000000000027 7.0000000000000027 6.0000000000000027 20 4.9999999999999991 4.9999999999999991 17.000000000000004 5.0000000000000027 13.000000000000002 8.0000000000000018 57 10.999999999999998 4.9999999999999991 13.000000000000002 8.9999999999999982 14.999999999999998 14.999999999999998 9.9999999999999982 18 15.999999999999998 5.9999999999999991 12.000000000000002 6.9999999999999991 15.999999999999998 22 4.9999999999999991 20 23 11.999999999999998 4.9999999999999991 109
leaf_count=5 7 6 20 5 5 17 5 13 8 57 11 5 13 9 15 15 10 18 16 6 12 7 16 22 5 20 23 12 5 109
internal_value=3.0111e-12 -0.000786294 0.00202434 0.00781612 -0.000237209 0.00403825 0.00188811 -0.00230612 0.002738 -0.0032353 -0.00295893 -0.00242515 0.00132391 0.00447921 0.00428645 -0.00530688 0.0103339 -0.00206026 0.0101628 0.0108831 -0.00275668 -0.00467116 -0.0108212 0.00747224 0.0067427 -0.00703824 0.00526735 0.0036612 0.00424326 -0.00347354
internal_weight=497 416 146 41 105 81 80 270 42 228 24 206 58 38 60 20 18 201 36 23 183 20 22 29 45 25 40 35 17 166
internal_count=497 416 146 41 105 81 80 270 42 228 24 206 58 38 60 20 18 201 36 23 183 20 22 29 45 25 40 35 17 166
is_linear=0
shrinkage=0.03


Tree=69
num_leaves=31
num_cat=0
split_feature=93 48 8 81 80 61 7 43 45 39 64 7 17 52 49 17 50 39 33 34 55 39 35 52 48 41 43 1 93 64
split_gain=1.65961 2.25455 1.945 1.63659 2.15843 1.68298 1.59109 1.80364 1.6347 1.5874 1.5293 1.35198 1.29835 1.26339 1.14206 1.19046 1.12372 0.961845 0.986621 0.954765 0.938253 0.896857 0.87576 0.852159 0.776244 0.736578 0.729211 0.703384 0.624613 0.618857
threshold=32302.000000000004 -0.42286287866285704 -1.6125178615331925 66.117231880260618 107.82515719039354 -0.024150604559753003 1.1606093738425372 0.57481396248495498 -0.078342940365318151 1.0385972805965069 13.192186234706535 -1.0622239716372177 -0.080990283596428722 -0.32594847710241626 0.30765978528004295 -0.24132992700731112 0.16562842295490737 -0.02381576945598254 0.6087705826113089 -0.69527756525981754 -0.015153486598903003 0.15721674766710617 0.25769979197183096 -0.033443956234793397 -0.051958280697844507 -0.22631042267918142 0.54323185769516402 -0.28743042544249081 11819.500000000002 8.6680950789163127
decision_type=2 2 2 2 2 2 2 2 2 2 2 2 2 2 2 2 2 2 2 2 2 2 2 2 2 2 2 2 2 2
left_child=1 -1 -3 4 6 -6 7 8 19 29 11 -10 -11 -2 15 23 20 18 22 -4 -13 -19 -17 -15 -9 -8 -25 -20 -21 -5
right_child=13 2 3 9 5 -7 25 24 10 12 -12 16 -14 14 -16 17 -18 21 27 28 -22 -23 -24 26 -26 -27 -28 -29 -30 -31
leaf_value=0.017250215560197828 -0.015508345812559129 -0.011264937435996466 0.0051378096942789851 -0.0018244081265047978 0.0039882042817771428 0.026458035707473758 0.0058704445464536547 -0.0090886456826153924 -0.0018004134175134833 -0.002078391881659627 -0.0052014150246977803 0.011175070119940721 0.016382830888032912 -0.01512572237849235 0.006160195766715333 0.0041076881398579897 0.017028017617188966 0.0079379244774047814 -0.017327795639634134 -0.0060532189326153859 0.0024043743099485104 -0.00037989289526428496 -0.0039967533706554339 -0.0087626832320044437 -0.00070983794910716824 0.019775541275739668 0.0055264381840825078 -0.005358325664511587 0.0024276495951397175 -0.0091408594770599969
leaf_weight=7.9999999999999991 5.9999999999999991 10.999999999999998 15.999999999999998 19 6 5.9999999999999982 7.9999999999999991 17 11.999999999999991 7.9999999999999991 9.9999999999999982 22.999999999999989 5.9999999999999991 10.000000000000002 15.999999999999998 21 12.999999999999998 13.999999999999998 4.9999999999999991 27 21.000000000000018 70 28 8.9999999999999982 24 5.9999999999999991 4.9999999999999991 38 10.999999999999998 23
leaf_count=8 6 11 16 19 6 6 8 17 12 8 10 23 6 10 16 21 13 14 5 27 21 70 28 9 24 6 5 38 11 23
internal_value=-7.57519e-12 0.0015576 0.00108741 0.00161818 0.00288743 0.0152231 0.00210005 0.0013172 0.00301305 -0.00291489 0.00576283 0.00735185 0.00583356 -0.00192946 -0.00155227 -0.00216927 0.00927864 -0.00131457 -0.00343373 -0.00100977 0.00698906 0.00100641 -0.000523421 -0.00843705 -0.00418398 0.0118298 -0.00365943 -0.00675012 -0.00359823 -0.00583104
internal_weight=497 275 267 256 200 12 188 174 133 56 79 69 14 222 216 200 57 176 92 54 44 84 49 24 41 14 14 43 38 42
internal_count=497 275 267 256 200 12 188 174 133 56 79 69 14 222 216 200 57 176 92 54 44 84 49 24 41 14 14 43 38 42
is_linear=0
shrinkage=0.03


Tree=70
num_leaves=31
num_cat=0
split_feature=8 20 76 80 22 15 43 11 53 55 64 52 78 84 49 59 48 59 35 88 51 75 8 17 49 56 51 88 2 84
split_gain=1.61543 1.55403 2.33255 1.63564 1.57155 1.16325 1.14097 1.03441 1.23874 1.23685 1.08091 1.24393 1.04721 1.02278 0.983441 0.914838 0.888064 1.28997 0.930029 0.858645 0.855165 0.836621 0.776483 1.08337 0.773433 0.76302 0.760455 0.705646 0.711395 0.69718
threshold=1.2372477391768009 0.16677780430309594 1.0000000180025095e-35 105.73012364969138 -0.098087597844870797 -0.33108521872360591 1.5291250999779666 -0.7559386848787929 -0.0049470663889336968 0.014215894030783762 8.5822808359345739 -0.090286583182899047 120.77199466765875 0.10415029525756837 -0.21532252970581653 0.030614502775446879 -0.02190704725502433 0.068537206437965473 -0.99725852376781388 1166.435484763251 0.023168355931550404 0.26491228070175443 -0.80760277395027102 0.25986416194323059 -0.029331311756255276 0.05919767854124474 -0.021872513508723542 1307.5614395734367 -0.41091015864437247 0.07820370048284532
decision_type=2 2 2 2 2 2 2 2 2 2 2 2 2 2 2 2 2 2 2 2 2 2 2 2 2 2 2 2 2 2
left_child=1 5 3 4 -3 6 16 8 -7 -10 11 29 14 26 20 21 17 18 -1 -13 -12 -6 -16 -24 -2 -15 -4 -18 -29 -9
right_child=24 2 13 -5 15 7 -8 10 9 -11 12 19 -14 25 22 -17 27 -19 -20 -21 -22 -23 23 -25 -26 -27 -28 28 -30 -31
leaf_value=0.0077910145744681317 -0.0014465765655040732 0.0090037304051220415 0.010908114150166509 0.014742058664560317 -0.0040910378221306011 -0.0010576499910338927 -0.017960461288690565 -0.007649678418358021 0.016302941915663803 0.00079998039873316882 0.01265612727245752 0.012306868682305018 -0.0068486811514370718 0.010233823563903567 -0.013857741326093674 -0.0096339113089968179 -0.0067936533145033394 -0.013580847159028053 -0.0055338109233839944 0.0023698572248395063 -0.00082432392518967386 0.007387976730242371 -0.003080034461831126 0.0070677607777443795 0.010139874029438943 0.023336471766233442 -0.0056376972198486294 -0.0052983244373039778 0.0036205817138106793 0.0012238990142941475
leaf_weight=6.0000000000000027 7.0000000000000027 9.9999999999999982 5 5.9999999999999991 20.000000000000004 19 4.9999999999999991 17 11.000000000000002 7.9999999999999991 8.0000000000000018 8.9999999999999982 39 12.000000000000002 4.9999999999999991 17 12.999999999999998 14.999999999999998 22 60 8.9999999999999982 7.9999999999999991 68 10.999999999999998 20 5.9999999999999991 5.0000000000000018 10.999999999999995 30.000000000000004 14.999999999999998
leaf_count=6 7 10 5 6 20 19 5 17 11 8 8 9 39 12 5 17 13 15 22 60 9 8 68 11 20 6 5 11 30 15
internal_value=2.58157e-12 -0.000409939 0.00315925 -0.000131209 -0.00175375 -0.00124369 -0.00398524 -0.000241398 0.00435886 0.00977538 -0.000966751 0.00139869 -0.00267324 0.0103277 -0.00106095 -0.0041443 -0.00326487 -0.00648164 -0.00267849 0.00366599 0.00551942 -0.000811319 -0.00239269 -0.00166705 0.00713598 0.0146014 0.00263521 -0.000703363 0.0012277 -0.00349019
internal_weight=497 470 89 61 55 381 102 279 38 19 241 101 140 28 101 45 97 43 28 69 17 28 84 79 27 18 10 54 41 32
internal_count=497 470 89 61 55 381 102 279 38 19 241 101 140 28 101 45 97 43 28 69 17 28 84 79 27 18 10 54 41 32
is_linear=0
shrinkage=0.03


Tree=71
num_leaves=31
num_cat=0
split_feature=39 54 26 42 40 85 22 7 25 12 22 65 82 57 36 29 19 12 14 87 62 24 32 79 3 39 43 18 84 53
split_gain=1.52456 1.71706 1.84421 1.58096 1.46696 1.43345 1.36403 1.18974 1.21793 1.21465 1.17009 1.07345 1.08147 1.06507 1.01917 1.01488 0.952092 0.935299 0.900965 0.937944 0.860363 0.855396 0.781101 0.78064 0.771903 0.751774 0.74377 0.73658 0.70662 0.656786
threshold=1.0777768827841976 -0.061363388855624763 0.070774511911842433 1.3065533084858936 -0.45287421060888061 0.073979321867227568 0.16533801132242631 1.2720465421591201 -0.04735376027138994 0.86986809857592828 -0.31722858350198679 11.703599929809572 9.6580354537222348 0.13496630472359242 -0.074872022600358051 0.065139056163503836 -0.042686917958928233 -0.8172122651501067 -1.0708750369704274 150.24038461538464 0.18665174299412041 0.11697296329471929 0.8196416078203167 30.963162715511981 -1.1252716466911934 -0.21287456733718302 -0.68993919767739953 -0.076052416784726531 0.057024126872420318 0.12019143866979037
decision_type=2 2 2 2 2 2 2 2 2 2 2 2 2 2 2 2 2 2 2 2 2 2 2 2 2 2 2 2 2 2
left_child=1 2 4 16 26 11 13 8 9 18 -10 12 22 24 -8 -9 -4 -7 -3 -20 27 -13 -2 -19 -6 -26 -1 28 -12 -24
right_child=5 7 3 -5 6 17 14 15 10 -11 20 21 -14 -15 -16 -17 -18 23 19 -21 -22 -23 29 -25 25 -27 -28 -29 -30 -31
leaf_value=0.0037867557406425448 0.015761095072541909 -0.011645313709974289 0.0051153616751544173 -0.008523638784885405 0.017445791780948638 -8.0122686922550149e-05 0.0067079897671937887 0.00037725802367696387 0.0067499324795790017 -0.012207595237663814 0.004071985825896263 -0.0089260545544899393 -0.0048715834992860132 -0.002898162044584751 -0.0089317174225579943 0.015293466299772261 0.014933675928041339 0.0095473577082157111 0.00061422172778654921 0.012896814923733473 0.0026438916474580765 0.0040816045978239604 -0.0014228450115770096 0.023656329274177549 0.0086635221407579434 0.00039653145320092627 -0.0091495589311234651 -0.0077159932699067063 -0.0047269338422515636 0.0089872339367866507
leaf_weight=5.0000000000000027 7.0000000000000027 4.9999999999999991 20 4.9999999999999991 4.9999999999999991 6.0000000000000027 5.0000000000000027 13.000000000000002 7.9999999999999991 6.9999999999999991 9.9999999999999982 13.000000000000002 8.9999999999999982 14.999999999999998 14.999999999999998 5.9999999999999991 15.999999999999998 12.000000000000002 83 5.9999999999999991 11.999999999999998 6.9999999999999991 10.000000000000002 4.9999999999999991 21.999999999999996 18.000000000000004 20 74 46 11.999999999999998
leaf_count=5 7 5 20 5 5 6 5 13 8 7 10 13 9 15 15 6 16 12 83 6 12 7 10 5 22 18 20 74 46 12
internal_value=-2.14282e-11 -0.000733182 0.00188785 0.00728361 -0.000219063 0.00376548 0.0017632 -0.00215048 -0.00269839 -0.000151668 -0.00441318 0.00125232 0.0042132 0.00402486 -0.00502179 0.00508764 0.00947906 0.010103 0.000746114 0.00144226 -0.00504208 -0.00437337 0.00703262 0.0136971 0.00633253 0.00494338 -0.0065623 -0.00575156 -0.0031557 0.00425538
internal_weight=497 416 146 41 105 81 80 270 251 101 150 58 38 60 20 19 36 23 94 89 142 20 29 17 45 40 25 130 56 22
internal_count=497 416 146 41 105 81 80 270 251 101 150 58 38 60 20 19 36 23 94 89 142 20 29 17 45 40 25 130 56 22
is_linear=0
shrinkage=0.03


Tree=72
num_leaves=31
num_cat=0
split_feature=8 20 76 7 59 15 43 20 11 53 55 62 64 37 84 22 52 78 8 48 59 35 75 51 56 49 63 56 34 21
split_gain=1.46961 1.40348 2.1177 1.53895 1.08233 1.06854 1.06097 1.01297 0.961095 1.11666 1.13015 0.983845 0.987335 1.16198 0.936373 0.829933 0.829531 0.813664 0.82721 0.80061 1.1793 0.840989 0.797406 0.697914 0.687879 0.685551 0.672661 0.695623 0.66079 0.639586
threshold=1.2372477391768009 0.16677780430309594 1.0000000180025095e-35 0.8874953804102339 0.014072664002315745 -0.33108521872360591 1.5291250999779666 0.22398997455651751 -0.7559386848787929 -0.0049470663889336968 0.014215894030783762 -0.22623668830237065 8.5822808359345739 2.2504156010413374 0.10415029525756837 -0.098087597844870797 -0.090286583182899047 120.77199466765875 -0.84826788803688358 -0.02190704725502433 0.068537206437965473 -0.99725852376781388 0.26491228070175443 -0.021872513508723542 0.05919767854124474 -0.029331311756255276 -0.014718491500710291 0.014902740837291819 1.0268186524674561 0.029837989471890442
decision_type=2 2 2 2 2 2 2 2 2 2 2 2 2 2 2 2 2 2 2 2 2 2 2 2 2 2 2 2 2 2
left_child=1 5 3 4 15 6 19 -6 9 -7 -11 -10 13 16 23 -3 -13 18 -14 20 21 -1 -17 -4 -16 -2 -19 -28 -21 -23
right_child=25 2 14 -5 7 8 -8 -9 11 10 -12 12 17 -15 24 22 -18 26 -20 28 -22 29 -24 -25 -26 -27 27 -29 -30 -31
leaf_value=0.0074215384200215289 -0.0012739477732351841 0.010421846564859151 0.010396260716021059 0.01581261219084263 0.00091843938454985589 -0.0009311585373392231 -0.017287300676107405 -0.011583033512745585 0.012246941417455673 0.015593880658799944 0.00077467632014304399 -0.0036626271554644429 -0.013280483812093733 0.015190240859985351 0.0097734703589230747 -0.0046023581328336139 0.0023477590022112933 -0.012078171361667606 -0.00075779120403123978 -0.004002757004281092 -0.012958376571536064 -0.0099188741110265224 0.0069977412186563014 -0.0054545728862285588 0.022214240431785583 0.0096343989069719096 -0.0082633986909474624 0.0015798875613836571 0.0026344625569052166 0.00035398780368268491
leaf_weight=6.0000000000000027 7.0000000000000027 7.9999999999999991 5 4.9999999999999991 10.000000000000002 19 4.9999999999999991 13.999999999999998 4.9999999999999991 11.000000000000002 7.9999999999999991 31 4.9999999999999991 4.9999999999999991 12.000000000000002 16.000000000000004 62 12.999999999999998 94 27 14.999999999999998 12.000000000000002 7.9999999999999991 5.0000000000000018 5.9999999999999991 20 14.000000000000002 11.999999999999998 27 9.9999999999999982
leaf_count=6 7 8 5 5 10 19 5 14 5 11 8 31 5 5 12 16 62 13 94 27 15 12 8 5 6 20 14 12 27 10
internal_value=1.43967e-11 -0.000391001 0.00300089 -0.000134361 -0.0015582 -0.00118333 -0.00381092 -0.00637409 -0.000222711 0.00421153 0.00935422 -0.000921886 -0.00120089 0.00110174 0.00983127 0.00205372 0.000344297 -0.00283609 -0.00139025 -0.00311626 -0.00617054 -0.00253419 -0.000735658 0.00247084 0.0139204 0.00680631 -0.00650629 -0.00372034 -0.000684147 -0.00524939
internal_weight=497 470 89 61 56 381 102 24 279 38 19 241 236 98 28 32 93 138 99 97 43 28 24 10 18 27 39 26 54 22
internal_count=497 470 89 61 56 381 102 24 279 38 19 241 236 98 28 32 93 138 99 97 43 28 24 10 18 27 39 26 54 22
is_linear=0
shrinkage=0.03


Tree=73
num_leaves=31
num_cat=0
split_feature=39 54 26 42 40 85 22 7 11 8 2 32 89 57 65 82 18 19 56 93 24 28 37 32 3 39 43 57 53 5
split_gain=1.38619 1.5742 1.68894 1.44623 1.32792 1.30256 1.24185 1.10437 1.51554 1.23256 1.07773 1.07466 1.04765 0.973132 0.967715 0.976816 0.950427 0.874704 0.86757 0.798966 0.78802 0.785981 0.781754 0.721897 0.712849 0.700345 0.683933 0.650177 0.602137 0.592119
threshold=1.0777768827841976 -0.061363388855624763 0.070774511911842433 1.3065533084858936 -0.45287421060888061 0.073979321867227568 0.16533801132242631 0.81639204436075308 -0.049929769784358584 -1.0524537932504792 0.29267043735617954 1.2578976820771866 0.17389033538424845 0.13496630472359242 11.703599929809572 9.6580354537222348 0.12418306123990906 -0.042686917958928233 0.0056934819765204698 10377.000000000002 0.11697296329471929 0.13173933971958338 -0.64351554684688816 0.8196416078203167 -1.1252716466911934 -0.21287456733718302 -0.68993919767739953 0.15257554471778162 0.11393843726677524 0.59203558063350692
decision_type=2 2 2 2 2 2 2 2 2 2 2 2 2 2 2 2 2 2 2 2 2 2 2 2 2 2 2 2 2 2
left_child=1 2 4 17 26 14 13 9 11 22 -10 19 21 24 15 23 29 -4 -7 -9 -16 27 -3 -2 -6 -26 -1 -11 -25 -8
right_child=5 7 3 -5 6 18 16 8 10 12 -12 -13 -14 -15 20 -17 -18 -19 -20 -21 -22 -23 -24 28 25 -27 -28 -29 -30 -31
leaf_value=0.0036831368207931492 0.015076823639018185 -0.018932666629552827 0.0048913535544415935 -0.0081445407941937442 0.016723728597164155 0.006170325870899592 0.0045575210067909195 0.021238378465175598 0.0011514831352978942 -0.0030550825204345529 -0.012483316054567694 -0.0021679486194625497 -0.015773428559303283 -0.0027792615741491318 -0.0085162857633370587 -0.0046278939737627901 -0.016121043562889098 0.014302187324501574 0.019439297169446944 0.0071271408528376084 0.003968590020335146 0.0037670698827132585 -0.0062347650399897248 -0.0019492189648250731 0.0082997164087878043 0.00032051240870108199 -0.0087218950976093758 0.0036869018072528499 0.0081453363081583612 -0.0073899914643594192
leaf_weight=5.0000000000000027 7.0000000000000027 6.0000000000000027 20 4.9999999999999991 4.9999999999999991 17.000000000000004 8.0000000000000018 5.0000000000000062 15.000000000000002 160 7.9999999999999991 7.9999999999999991 4.9999999999999991 14.999999999999998 13.000000000000002 8.9999999999999982 4.9999999999999991 15.999999999999998 5.9999999999999991 12.999999999999998 6.9999999999999991 20 15.999999999999998 9.0000000000000018 21.999999999999996 18.000000000000004 20 13.999999999999998 12.999999999999998 6.9999999999999991
leaf_count=5 7 6 20 5 5 17 8 5 15 160 8 8 5 15 13 9 5 16 6 13 7 20 16 9 22 18 20 14 13 7
internal_value=1.76459e-11 -0.000699117 0.00181051 0.00697413 -0.000205757 0.00359053 0.00168022 -0.00205618 0.00201851 -0.00295961 -0.00359106 0.00698081 -0.00221469 0.00383821 0.00119485 0.00400613 -0.00479375 0.00907395 0.0096318 0.0110469 -0.00414658 -0.00186523 -0.00969783 0.00668566 0.00604404 0.00470907 -0.00624089 -0.00251262 0.00401575 -0.00101798
internal_weight=497 416 146 41 105 81 80 270 49 221 23 26 199 60 58 38 20 36 23 18 20 194 22 29 45 40 25 174 22 15
internal_count=497 416 146 41 105 81 80 270 49 221 23 26 199 60 58 38 20 36 23 18 20 194 22 29 45 40 25 174 22 15
is_linear=0
shrinkage=0.03


Tree=74
num_leaves=31
num_cat=0
split_feature=8 20 93 7 53 46 15 43 11 53 55 62 64 37 59 52 78 8 59 48 21 34 71 63 79 65 52 63 56 49
split_gain=1.33062 1.2752 1.95108 1.47859 1.3832 0.982897 0.959162 0.953324 0.879297 0.985572 1.02485 0.911463 0.896952 1.0579 0.77221 0.743561 0.739533 0.743093 0.725149 1.07008 0.672836 0.779623 0.670797 0.655079 0.657633 0.651906 0.625329 0.616797 0.64858 0.593172
threshold=1.2372477391768009 0.16677780430309594 794.00000000000011 0.8874953804102339 0.034283213494365729 -0.10981541903666574 -0.33108521872360591 1.5291250999779666 -0.7559386848787929 -0.0049470663889336968 0.014215894030783762 -0.22623668830237065 8.5822808359345739 2.2504156010413374 0.030614502775446879 -0.090286583182899047 120.77199466765875 -0.84826788803688358 0.068537206437965473 -0.061938714468049598 0.069676007290399231 1.1051449578693218 10.500000000000002 0.022799933466596801 21.453788955002107 11.812983274459841 -0.034769054435261036 -0.014718491500710291 -0.0075440517280836511 -0.21532252970581653
decision_type=2 2 2 2 2 2 2 2 2 2 2 2 2 2 2 2 2 2 2 2 2 2 2 2 2 2 2 2 2 2
left_child=1 6 -3 4 14 23 7 18 9 -8 -11 -10 13 15 22 -13 17 -14 20 -20 21 -1 -4 24 -6 -2 -7 -18 -29 -19
right_child=25 2 3 -5 5 26 8 -9 11 10 -12 12 16 -15 -16 -17 27 29 19 -21 -22 -23 -24 -25 -26 -27 -28 28 -30 -31
leaf_value=-0.0054881492618690519 0.0092342812344431858 0.016995002254843711 -0.0054068788886070234 0.014643772467970847 -0.0044992708638310411 -0.0072124743684253189 -0.00080723868094776795 -0.016391232892870901 0.011789212971925735 0.014797434251416807 0.00068551420583389693 -0.0034761144168254346 -0.012604128420352936 0.014482913732528687 -0.0094380424890135022 0.002214306879872193 -0.011547554165232354 0.0045266098597494418 -0.012885065658816265 -0.0016849652694209533 0.003103096427565271 0.0040409189499914649 0.0048494965041225606 0.014145299043506383 0.010232292562723158 -0.0014030226639338902 0.0046491851750761265 -0.0086621782602742305 0.00084244607482105479 -0.0018145450911162277
leaf_weight=34 20.000000000000004 7.9999999999999991 12.000000000000002 6.9999999999999991 5.0000000000000018 7.9999999999999991 19 4.9999999999999991 4.9999999999999991 11.000000000000002 7.9999999999999991 31 4.9999999999999991 4.9999999999999991 13.999999999999998 62 12.999999999999998 15.999999999999998 14.000000000000002 17 22 9.9999999999999982 10.999999999999998 9.9999999999999982 6 6.9999999999999991 7.9999999999999991 12 14 78
leaf_count=34 20 8 12 7 5 8 19 5 5 11 8 31 5 5 14 62 13 16 14 17 22 10 11 10 6 7 8 12 14 78
internal_value=2.05718e-12 -0.000372052 0.00286112 0.00146518 0.000218559 0.00432011 -0.00112731 -0.00361678 -0.000217179 0.00402417 0.00885557 -0.000885939 -0.00115448 0.00104022 -0.00388299 0.0003175 -0.00271304 -0.00133464 -0.0029583 -0.00674308 -0.0011806 -0.00332245 -0.000501656 0.00858811 0.00353613 0.00647646 -0.00128164 -0.00621205 -0.0035443 -0.0007352
internal_weight=497 470 89 81 74 37 381 102 279 38 19 241 236 98 37 93 138 99 97 31 66 44 23 21 11 27 16 39 26 94
internal_count=497 470 89 81 74 37 381 102 279 38 19 241 236 98 37 93 138 99 97 31 66 44 23 21 11 27 16 39 26 94
is_linear=0
shrinkage=0.03


Tree=75
num_leaves=31
num_cat=0
split_feature=8 20 76 34 30 0 88 15 43 62 18 58 39 81 6 16 84 25 46 59 48 27 6 38 85 65 28 27 15 51
split_gain=1.25198 1.19984 1.84419 1.3914 1.65948 1.13691 1.05076 0.902475 0.896983 0.84321 1.00966 0.962843 0.940267 0.974151 1.41347 0.918471 0.829796 0.812262 0.751474 0.682293 1.00684 0.662747 0.661824 0.645625 0.617616 0.613378 0.608455 0.605641 0.638035 0.601989
threshold=1.2372477391768009 0.16677780430309594 1.0000000180025095e-35 -2.0384241889482584 -1.0000000180025095e-35 -0.53511947550462236 1774.4340740219252 -0.33108521872360591 1.5291250999779666 0.048371862718540881 0.064909296909211531 -0.068173091502752539 1.0524170048565862 53.648572510687742 0.073298359975936048 -1.7893221283980345 0.10415029525756837 -0.16127551389207281 -0.60665052889146487 0.068537206437965473 -0.061938714468049598 0.019389654064328094 -0.53929501203608143 1.5365542611780769 0.13889886438846591 11.812983274459841 0.11309101325417148 -0.063909782270658022 0.50039659656374369 -0.021872513508723542
decision_type=2 2 2 2 2 2 2 2 2 2 2 2 2 2 2 2 2 2 2 2 2 2 2 2 2 2 2 2 2 2
left_child=1 7 3 4 -3 -5 -7 8 19 12 11 -11 13 14 -9 -13 29 -12 -14 23 -21 -8 -15 -1 -18 -2 -24 -19 -29 -4
right_child=25 2 16 5 -6 6 21 9 -10 10 17 15 18 22 -16 -17 24 27 -20 20 -22 -23 26 -25 -26 -27 -28 28 -30 -31
leaf_value=-0.0019946769014245174 0.0089572527017444357 -0.0011276642978191374 0.0095810667201876622 0.0073797265191872909 0.022273819506168371 -0.007853461453277203 -0.0033783269533887508 0.01367393419146537 -0.015899495556950569 -0.0022674738968323383 -0.013391431152820578 0.017678569555282592 0.011907094525439399 -0.00065491911242133939 -0.0026056712912395598 0.0050250371142819125 0.016928141638636582 0.008132287599146356 0.00095539486132048329 -0.012498513726251463 -0.0016344162958728916 0.0098114816471934312 -0.0057712273538502792 0.0092186243534088143 0.0051398621033877136 -0.0013609317636915615 0.0024898615914086498 -0.0083275559544563321 0.0037487208696880513 -0.0051402086913585636
leaf_weight=61 20.000000000000004 6 5 8.9999999999999982 4.9999999999999982 27 7.9999999999999982 8.0000000000000018 4.9999999999999991 13.999999999999998 5.0000000000000027 5.9999999999999991 6.9999999999999991 56 11.999999999999998 37 12.000000000000002 6.0000000000000062 29 14.000000000000002 17 6 74 4.9999999999999991 5.9999999999999991 6.9999999999999991 8.9999999999999982 8.9999999999999947 6.9999999999999991 5.0000000000000018
leaf_count=61 20 6 5 9 5 27 8 8 5 14 5 6 7 56 12 37 12 6 29 14 17 6 74 5 6 7 9 9 7 5
internal_value=4.4622e-12 -0.00036089 0.00277529 -0.000150501 0.00950937 -0.00227567 -0.00439515 -0.00109349 -0.00350827 -0.000210664 0.00230218 0.00456584 -0.00129312 -0.00228437 0.00390617 0.00679065 0.00914933 -0.00247668 0.00308489 -0.00286955 -0.00654078 0.00227445 -0.00317509 -0.00114518 0.0129987 0.00628217 -0.00487545 3.944e-06 -0.00304418 0.00222043
internal_weight=497 470 89 61 11 50 41 381 102 279 84 57 195 159 20 43 28 27 36 97 31 14 139 66 18 27 83 22 16 10
internal_count=497 470 89 61 11 50 41 381 102 279 84 57 195 159 20 43 28 27 36 97 31 14 139 66 18 27 83 22 16 10
is_linear=0
shrinkage=0.03


Tree=76
num_leaves=31
num_cat=0
split_feature=93 0 49 60 35 48 12 4 54 2 77 8 40 7 35 12 56 39 84 48 7 78 16 24 50 42 0 13 8 49
split_gain=1.21347 2.24293 1.57393 1.29177 1.2758 1.76914 1.38006 1.26959 1.30831 1.04458 1.02708 1.416 1.03211 0.831607 0.943117 0.811747 0.802094 0.777913 0.85293 0.706288 0.699526 0.671149 0.656763 0.644893 0.63742 0.609596 0.595175 0.593977 0.538057 0.521531
threshold=6710.5000000000009 1.8267828613831625 0.2985180658265088 0.053440115411576901 0.23175931993687085 -0.36340513681165876 0.74142611465848585 0.26229869383791238 -0.04747553072268184 -0.12428387157630953 1.5000000000000002 -1.3821689372639625 -1.0100763022523518 0.81639204436075308 0.81188126508732761 0.069694919263007846 0.047243512308357438 -0.058534543259920462 0.11754892766475679 0.15071926497936913 -0.26775472359158076 141.9365454402971 1.2340415950306942 0.12876477659334959 0.036972025726527642 -0.39588502950453142 0.49328593551201216 -0.87968286559778397 1.07510268137137 0.15708498493771461
decision_type=2 2 2 2 2 2 2 2 2 2 2 2 2 2 2 2 2 2 2 2 2 2 2 2 2 2 2 2 2 2
left_child=1 2 7 -3 5 -2 10 13 -9 -5 11 -7 -13 14 19 16 23 18 21 -1 -12 27 29 -14 -20 -21 -17 -6 -10 -19
right_child=4 3 -4 9 17 6 -8 8 28 -11 20 12 15 -15 -16 26 -18 22 24 25 -22 -23 -24 -25 -26 -27 -28 -29 -30 -31
leaf_value=-0.0030091232031583784 0.0092114216443151247 0.019430680548151329 0.013469237945973872 0.010175165757536884 -0.011405021995306014 0.017777325108647348 -0.0072287603979930282 0.0047128212004899977 -0.0063821139358712919 -0.0061456548431888221 0.00025253419119578133 -0.0053162796587190204 -0.0037330991746130165 0.012755862708602633 0.014019252061843871 0.0092701876307414322 0.0055856964384254654 -0.0030612837931594666 -0.015113320404833009 -0.0013879858469590539 -0.0097920222301036124 -0.012898549735546111 0.0049526470899581903 0.0079042332312092168 -0.0035328777666602815 0.0097225115890614677 -0.00077324657301817621 -0.0014975903800420337 0.0039801927208900452 0.004709677137434482
leaf_weight=25 20 9.0000000000000018 7.9999999999999991 12.000000000000002 5.9999999999999991 4.9999999999999991 22 14.999999999999998 46 4.9999999999999991 13.000000000000002 17 30 6.9999999999999991 4.9999999999999991 22.000000000000004 19 57 11.000000000000002 8.0000000000000018 11.999999999999998 5.9999999999999991 14.999999999999998 4.9999999999999991 6.9999999999999991 9.9999999999999982 6.9999999999999991 59 4.9999999999999991 8.9999999999999982
leaf_count=25 20 9 8 12 6 5 22 15 46 5 13 17 30 7 5 22 19 57 11 8 12 6 15 5 7 10 7 59 5 9
internal_value=6.6485e-12 0.00220194 0.000581786 0.0102404 -0.000997954 0.000823675 -0.000279976 -0.000270277 -0.00307551 0.00537492 0.000895972 0.00219712 0.00141811 0.00309601 0.00168728 0.00279744 0.000623267 -0.00284101 -0.00477703 0.000253329 -0.00456885 -0.0032983 -0.000713782 -0.00207062 -0.0106098 0.00478451 0.00684591 -0.00241212 -0.0053662 -0.00200161
internal_weight=497 155 129 26 342 172 152 121 66 17 130 105 100 55 48 83 54 170 89 43 25 71 81 35 18 18 29 65 51 66
internal_count=497 155 129 26 342 172 152 121 66 17 130 105 100 55 48 83 54 170 89 43 25 71 81 35 18 18 29 65 51 66
is_linear=0
shrinkage=0.03


Tree=77
num_leaves=31
num_cat=0
split_feature=93 48 8 81 80 61 7 43 45 39 64 17 7 52 50 49 17 34 13 55 23 93 52 12 56 43 2 93 36 41
split_gain=1.16472 1.57839 1.38001 1.21912 1.62068 1.1892 1.10351 1.33196 1.33906 1.0991 1.09899 1.00508 0.995603 0.932881 0.907883 0.82796 0.91933 0.748732 0.74322 0.720568 0.713586 0.664834 0.659951 0.601247 0.595231 0.585285 0.5769 0.565797 0.546329 0.525512
threshold=32302.000000000004 -0.42286287866285704 -1.6125178615331925 66.117231880260618 107.82515719039354 -0.024150604559753003 1.1606093738425372 0.65426195426239353 -0.093583636195614703 1.0385972805965069 13.192186234706535 -0.080990283596428722 -1.0622239716372177 -0.32594847710241626 0.16562842295490737 0.30765978528004295 -0.24132992700731112 -0.91225377751280046 0.87798968848181835 -0.015153486598903003 0.16871046346080085 203811.00000000003 -0.033443956234793397 0.10849349286368902 0.041666274044659016 0.54323185769516402 -0.30891685691495913 11819.500000000002 -0.34483785473522716 -0.11643712119180956
decision_type=2 2 2 2 2 2 2 2 2 2 2 2 2 2 2 2 2 2 2 2 2 2 2 2 2 2 2 2 2 2
left_child=1 -1 -3 4 6 -6 7 8 17 -5 12 -11 -10 -2 19 16 22 -4 20 -14 21 -18 -15 26 28 -24 -9 -19 -22 -8
right_child=13 2 3 9 5 -7 29 23 10 11 -12 -13 14 15 -16 -17 18 27 -20 -21 24 -23 25 -25 -26 -27 -28 -29 -30 -31
leaf_value=0.01443509737495333 -0.013284719288349151 -0.0094932596114548767 0.0057173749635165381 -0.0049804322481421482 0.0036991033609956496 0.022587213367223743 0.0055423706521590546 -0.0056446451134979699 -0.0018084295827429753 -0.0022355820704251525 -0.0044948524162173268 0.014007351920008659 0.0091838312435608676 -0.013211795344948764 0.014680057168006896 0.0052745461917947977 0.0025097369166404071 -0.0052771042585372926 -0.0086169040914286267 0.0018941911872800263 -0.0031436140090227126 -0.0017324954162309452 -0.0076931368932127951 -0.0074567233622074127 0.00036119692600690401 0.0051084158532321445 0.0054274471600850426 0.0024305955879390241 -0.013331965903441106 0.017672631025314328
leaf_weight=7.9999999999999991 5.9999999999999991 10.999999999999998 10.999999999999998 42 6 5.9999999999999982 8.9999999999999982 8.0000000000000018 11.999999999999991 7.9999999999999991 9.9999999999999982 5.9999999999999991 25.999999999999989 10.000000000000002 12.999999999999998 15.999999999999998 67 30 10.999999999999998 23.000000000000018 9.9999999999999982 66 8.9999999999999982 20 12.999999999999998 4.9999999999999991 8.9999999999999982 11.999999999999998 9.0000000000000018 4.9999999999999991
leaf_count=8 6 11 11 42 6 6 9 8 12 8 10 6 26 10 13 16 67 30 11 23 10 66 9 20 13 5 9 12 9 5
internal_value=7.84775e-12 0.00130486 0.000911444 0.00135852 0.002454 0.0131432 0.00177171 0.00111976 0.00248381 -0.00255391 0.00483973 0.00472568 0.00610116 -0.00161638 0.00763204 -0.00129226 -0.0018176 -0.00125009 -0.00106651 0.00576216 -0.000563155 0.000404569 -0.00732559 -0.00393094 -0.00458526 -0.00312115 0.000217051 -0.0030749 -0.00796968 0.00987461
internal_weight=497 275 267 256 200 12 188 174 137 56 84 14 74 222 62 216 200 53 176 49 165 133 24 37 32 14 17 42 19 14
internal_count=497 275 267 256 200 12 188 174 137 56 84 14 74 222 62 216 200 53 176 49 165 133 24 37 32 14 17 42 19 14
is_linear=0
shrinkage=0.03


Tree=78
num_leaves=31
num_cat=0
split_feature=93 48 68 81 8 39 58 62 47 5 79 51 50 49 17 13 18 63 4 4 2 56 20 51 60 6 80 28 59 31
split_gain=1.09588 1.4937 1.65658 1.39986 1.25169 1.11836 0.988359 1.21954 1.09639 0.974223 0.904393 0.94433 0.886579 0.863483 0.844163 0.918459 0.774411 0.766814 0.761794 0.619327 0.614669 0.609241 0.595865 0.827838 0.635508 0.537695 0.508657 0.502845 0.482764 0.476417
threshold=32302.000000000004 -0.24101248099011321 765.94925000000012 64.787663558938874 -1.6125178615331925 1.117601784371012 -0.080983047670775299 0.043180513403449916 -0.38410196396194995 0.40898435892486146 32.217290454428415 0.011919923823088154 0.21094858177511908 0.31755726427890646 -0.24132992700731112 0.87798968848181835 -0.043053096000923267 -0.17813739903953299 -0.77279727236880591 -1.3106480315079336 -0.90496331173092404 0.043898170274932827 -0.052831600574140873 0.079307193479740676 0.067516496781623511 -0.53929501203608143 108.9830940444587 0.083740892493014668 -0.11829841738860254 0.055188340367778858
decision_type=2 2 2 2 2 2 2 2 2 2 2 2 2 2 2 2 2 2 2 2 2 2 2 2 2 2 2 2 2 2
left_child=1 2 10 4 -3 -5 20 17 -9 -10 11 16 13 14 25 18 -1 -8 19 -16 -6 -18 24 -24 27 -2 28 -20 -19 -30
right_child=12 3 -4 5 6 -7 7 8 9 -11 -12 -13 -14 -15 15 -17 21 26 22 -21 -22 -23 23 -25 -26 -27 -28 -29 29 -31
leaf_value=0.0043999588047154243 -0.00086578914629561511 -0.010810062863997051 -0.0078054648744208472 -0.0057218700682278717 0.0079238324761390679 0.005306346751749515 0.012700356513261795 0.0017138071067165583 0.0071702890172600725 0.019655307233333585 0.017788738246474946 -0.0018720380086451769 0.0057396502739616795 0.0048737086206674576 -0.00082272907098134354 -0.010232780765403401 0.0091232930403202742 0.0087523568719625466 -0.0034344423436109095 -0.0084061934798955913 -0.0033209949063270215 0.022472566723823546 0.0049777260342213723 -0.001645313748581843 -0.01169733852148056 -0.010744980972479371 0.0089138383977115151 0.0034156990277447873 -0.0025920161274685096 0.0033212695183122858
leaf_weight=15.999999999999998 7.0000000000000027 6.9999999999999991 6.9999999999999991 48 4.9999999999999991 9.9999999999999982 4.9999999999999991 15.999999999999998 15.000000000000002 8.9999999999999982 6.9999999999999991 9.9999999999999982 13.999999999999998 14.999999999999998 18 10.999999999999998 8.0000000000000018 4.9999999999999991 31 21 35 4.9999999999999991 35 33 5.9999999999999991 17 5.9999999999999991 13.999999999999998 44 17
leaf_count=16 7 7 7 48 5 10 5 16 15 9 7 10 14 15 18 11 8 5 31 21 35 5 35 33 6 17 6 14 44 17
internal_value=-2.64218e-12 0.00126571 0.00579077 0.000185406 0.00160211 -0.00382045 0.00215552 0.00354729 0.00779683 0.0118522 0.00785977 0.00607764 -0.00156789 -0.00205974 -0.00259861 -0.00185093 0.00881891 0.00133973 -0.00126738 -0.00490613 -0.00191539 0.0142576 -7.48479e-05 0.0017636 -0.00252612 -0.00786355 0.000550801 -0.00130329 -0.000209475 -0.000944051
internal_weight=497 275 53 222 164 58 157 117 40 24 46 39 222 208 193 169 29 77 158 39 40 13 119 68 51 24 72 45 66 61
internal_count=497 275 53 222 164 58 157 117 40 24 46 39 222 208 193 169 29 77 158 39 40 13 119 68 51 24 72 45 66 61
is_linear=0
shrinkage=0.03


Tree=79
num_leaves=31
num_cat=0
split_feature=8 58 62 11 19 42 23 46 25 20 81 63 67 65 14 15 24 59 70 6 51 18 3 30 70 30 78 65 14 30
split_gain=1.03721 1.01327 0.971422 1.60862 1.74616 1.23541 1.15267 1.39357 1.07776 0.808583 0.785334 0.936634 0.765498 0.739053 0.722315 0.713326 0.79242 0.776523 0.664249 0.604727 0.611521 0.59815 0.595256 0.740628 0.666101 0.892016 0.582111 0.541336 0.525385 0.53433
threshold=1.2372477391768009 0.26866008168730565 0.044415535612195793 -0.0992972622818281 0.076701423791713255 -0.29633411021474237 0.084126679358162607 0.65718380661930897 0.10030520893979127 0.093917809825670176 61.447796469925478 -0.17813739903953299 30.500000000000004 6.7365154027938852 0.26890644450302914 -0.11392304272288915 -0.13930526892932252 0.11126965690006198 97.500000000000014 -0.53929501203608143 0.10079380505916576 0.10185572312292629 -0.75428532649010227 0.095461344134034676 72.500000000000014 0.08270251907254085 141.01246801266043 11.812983274459841 -0.61835315042245187 0.13953205228655166
decision_type=2 2 2 2 2 2 2 2 2 2 2 2 2 2 2 2 2 2 2 2 2 2 2 2 2 2 2 2 2 2
left_child=1 2 10 4 9 -6 7 8 12 14 11 -1 -5 -9 -4 17 -17 26 19 -12 28 -8 23 -18 -24 -26 -13 -2 -21 -30
right_child=27 -3 3 6 5 -7 21 13 -10 -11 18 15 -14 -15 -16 16 22 -19 -20 20 -22 -23 24 -25 25 -27 -28 -29 29 -31
leaf_value=0.009263255214318632 0.0082310765376314501 0.011920989304780961 0.0085311534069478483 0.011043836668133735 0.021814593337476242 0.0063206425385380332 -0.0030295522094649419 -0.011583086282014845 -0.0058175096412499743 -0.0061171506841977436 -8.2221094053238638e-05 -0.0030192219305899925 0.0025333772965062122 0.0017350522987544536 -0.00063231386989355087 0.0066510396233449374 0.0010209576352989593 -0.012462013619286673 -0.012212357627493994 -0.008629379175603389 -0.0082254450112581243 -0.012594163616498311 -0.0041241699116653764 0.013997688084840774 0.0059302862692857143 -0.0085865571498870835 0.0056319532496854662 -0.001462242023221084 -0.0022518815967653479 0.0082323608100414274
leaf_weight=8.9999999999999982 20.000000000000004 5.9999999999999991 16.000000000000004 14.999999999999998 8.0000000000000018 10.999999999999998 17.000000000000004 9.9999999999999982 8.9999999999999982 8.9999999999999982 48 56 26 5.9999999999999991 14.999999999999998 18 19.000000000000004 6.9999999999999991 6.9999999999999991 9.9999999999999982 25 8.9999999999999982 40 4.9999999999999991 16.000000000000004 4.9999999999999991 7.9999999999999991 6.9999999999999991 35 4.9999999999999991
leaf_count=9 20 6 16 15 8 11 17 10 9 9 48 56 26 6 15 18 19 7 7 10 25 9 40 5 16 5 8 7 35 5
internal_value=5.38274e-12 -0.00032848 -0.000486879 0.00148941 0.00535599 0.0128444 -0.000990246 0.00111738 0.00358336 0.00179898 -0.0014403 -0.000173745 0.00564696 -0.00658878 0.00409722 -0.000661865 0.000932916 -0.00297542 -0.00322321 -0.00271163 -0.00439445 -0.00634038 -0.000277981 0.00372444 -0.0018527 0.00247389 -0.00193783 0.00571799 -0.00247896 -0.000941351
internal_weight=497 470 464 151 59 19 92 66 50 40 313 183 41 16 31 174 103 71 130 123 75 26 85 24 61 21 64 27 50 40
internal_count=497 470 464 151 59 19 92 66 50 40 313 183 41 16 31 174 103 71 130 123 75 26 85 24 61 21 64 27 50 40
is_linear=0
shrinkage=0.03


Tree=80
num_leaves=31
num_cat=0
split_feature=93 48 7 3 43 45 1 75 75 86 21 52 56 41 4 50 84 21 54 20 59 28 25 45 29 19 2 55 61 80
split_gain=1.00513 1.36904 1.20032 1.41632 1.33497 1.16315 1.25957 1.09216 1.57984 0.93121 0.890561 0.814075 0.804098 0.745182 0.883742 0.721675 0.802729 0.800162 0.648937 0.639769 0.735445 0.682183 0.625593 0.710123 0.556212 0.53569 0.529105 0.501736 0.539911 0.494125
threshold=32302.000000000004 -0.42286287866285704 0.81639204436075308 1.2516996445975748 0.65426195426239353 -0.078342940365318151 -1.1041198888418371 0.13473174667204521 0.080322580645161304 0.14049586776859507 0.14158830975382505 -0.32594847710241626 0.10119853303904425 -0.48561677355731081 1.4288227464760439 0.21094858177511908 0.15510345250368121 0.30479435389705917 -0.12131483319063847 -0.08598192911417997 0.045089559688377211 0.094073007049467486 0.057140478629809137 0.95506490818960776 -0.015954775477065395 0.035441532745642636 0.42282897428109206 -0.15857845412476171 0.062493651912868389 88.190872625999589
decision_type=2 2 2 2 2 2 2 2 2 2 2 2 2 2 2 2 2 2 2 2 2 2 2 2 2 2 2 2 2 2
left_child=1 -1 4 13 5 7 9 8 10 -7 -3 -2 22 -4 -15 16 17 19 -18 21 27 -13 23 -8 -9 -6 -24 -21 -29 -20
right_child=11 2 3 -5 25 6 12 24 -10 -11 -12 15 -14 14 -16 -17 18 -19 29 20 -22 -23 26 -25 -26 -27 -28 28 -30 -31
leaf_value=0.013440681081265211 -0.012401603460311888 -0.0038837312331253824 0.0033376150222664516 -0.0020020197182893753 -0.0083348116385085231 0.010803902792930602 0.00409670178512589 -0.0011655980842592924 0.015147859198706488 -0.0023568361252546311 0.0073184195160865785 -0.0043504271578957447 0.009894292652606964 0.0089433649554848636 0.023955171346664431 0.0053880538551935126 0.00035845981990860292 -0.01171282708644867 -0.013304537981748576 0.0051033019139008085 0.0045769086768004032 0.0038592747446488255 -0.0077228139467271284 -0.005097187545150518 -0.007629994010925293 -0.0012819675352269163 0.0036461302097886799 -0.00063432243380273851 -0.0082343389615416526 -0.0020794861167669296
leaf_weight=7.9999999999999991 5.9999999999999991 22.000000000000004 11.000000000000002 14.999999999999998 21 25.000000000000004 31 23 6.9999999999999991 5.9999999999999991 8.9999999999999982 53 7.9999999999999991 12.000000000000002 4.9999999999999991 13.999999999999998 8.0000000000000018 5.9999999999999991 12.000000000000002 10.999999999999998 33 10.999999999999998 14.000000000000002 9.9999999999999982 25 18 4.9999999999999991 53 9.9999999999999982 4.9999999999999991
leaf_count=8 6 22 11 15 21 25 31 23 7 6 9 53 8 12 5 14 8 6 12 11 33 11 14 10 25 18 5 53 10 5
internal_value=-9.18042e-12 0.00121217 0.000845773 0.00543674 -3.55283e-05 0.00102783 0.00324493 -0.00152442 0.00227523 0.00825666 -0.000631494 -0.00150156 0.000960169 0.00942179 0.0133586 -0.00119878 -0.0016553 -0.000944552 -0.00668737 -0.000566718 0.000852447 -0.00293938 -0.000231048 0.00185429 -0.00453247 -0.00507965 -0.00473099 -0.000808462 -0.00184067 -0.0100031
internal_weight=497 275 267 43 224 185 99 86 38 31 31 222 68 28 17 216 202 177 25 171 107 64 60 41 48 39 19 74 63 17
internal_count=497 275 267 43 224 185 99 86 38 31 31 222 68 28 17 216 202 177 25 171 107 64 60 41 48 39 19 74 63 17
is_linear=0
shrinkage=0.03


Tree=81
num_leaves=31
num_cat=0
split_feature=50 79 14 18 81 80 53 46 62 50 63 54 10 31 60 27 46 26 50 37 63 85 34 62 40 3 78 39 58 24
split_gain=0.954478 1.09607 1.03073 0.967879 1.07398 1.0463 0.936367 1.0145 0.871954 0.841415 1.40868 0.788361 0.868208 0.663927 0.662256 0.971349 0.741352 0.630781 0.67065 0.807805 0.681949 0.6165 0.563334 0.560939 0.537011 0.532168 0.528174 0.524496 0.473633 0.433965
threshold=0.058695217821224839 37.562746571857907 -0.77336181712419882 -0.081099724778314911 56.675670077043613 110.9822055754485 0.029489089365291234 1.2526031478255411 -0.0067095542767505239 0.15791939447256709 0.016702048658681242 -0.10174047511304618 0.85722554571338494 0.084869936738488042 -0.025491923149263875 0.045351372158251774 -0.89725141185672053 0.19864011883617044 -0.027013956107173314 -1.4071934490955786 0.14559150174227459 0.052756374701857574 -0.30761879423556021 0.048371862718540881 -0.35589696011022359 -1.1628923925065193 120.57412562692903 -0.82313586558638852 -0.072446280703776622 -0.025683789309742005
decision_type=2 2 2 2 2 2 2 2 2 2 2 2 2 2 2 2 2 2 2 2 2 2 2 2 2 2 2 2 2 2
left_child=3 6 -3 4 8 11 7 13 21 10 -8 12 24 -2 -6 16 -16 18 20 -20 25 -1 -12 -15 26 -13 -5 -11 -29 -10
right_child=1 2 -4 5 14 -7 9 -9 29 27 22 17 -14 23 15 -17 -18 -19 19 -21 -22 -23 -24 -25 -26 -27 -28 28 -30 -31
leaf_value=-0.0054167620651423909 -0.0038941676676687263 0.019205192923545833 0.0027562647638842467 0.0035062080621719349 0.0028153389684855935 -0.012911242246627807 -0.0055258166771382086 0.011846337988972663 0.012348943948745724 0.014131828844547271 0.013684125691652298 0.006065783710218966 -0.010463686555624008 -0.00098387588001787644 0.0091020189970731722 -0.0098568073562013778 -0.0025183104018547705 0.0051812255010008808 -0.016711191460490226 -0.0048869652931506817 -0.012695816874504089 0.0054061276217301684 0.0020565702840685844 0.0093009185045957558 0.00016003204310046772 -0.0020846686346379859 0.01511156666278839 -0.00039721489534713336 0.0066222670641277095 0.0048018942133057864
leaf_weight=10.000000000000002 54 6 7.9999999999999982 12.000000000000002 25 7.9999999999999991 20 4.9999999999999991 12.000000000000002 5.9999999999999991 5.9999999999999991 7.9999999999999991 4.9999999999999991 15.000000000000002 5.9999999999999991 13.999999999999998 28 7.9999999999999991 5.9999999999999991 39 4.9999999999999991 8.9999999999999982 9.9999999999999982 6.9999999999999991 28 73 4.9999999999999991 11.999999999999995 31.000000000000004 15.999999999999998
leaf_count=10 54 6 8 12 25 8 20 5 12 6 6 8 5 15 6 14 28 8 6 39 5 9 10 7 28 73 5 12 31 16
internal_value=-6.76005e-12 0.00174469 0.00980581 -0.000990678 0.00113327 -0.00228446 0.00106484 -0.00124327 0.00467032 0.00326434 -0.000217941 -0.00183464 0.0013959 -0.00210443 -0.00114401 -0.00320616 -0.000467664 -0.00299671 -0.00349613 -0.00646353 -0.00194341 -0.00029013 0.0064169 0.00228856 0.00271363 -0.00127969 0.00691955 0.00582275 0.00466334 0.00803634
internal_weight=497 180 14 317 120 197 166 81 47 85 36 189 50 76 73 48 34 139 131 45 86 19 16 22 45 81 17 49 43 28
internal_count=497 180 14 317 120 197 166 81 47 85 36 189 50 76 73 48 34 139 131 45 86 19 16 22 45 81 17 49 43 28
is_linear=0
shrinkage=0.03


Tree=82
num_leaves=31
num_cat=0
split_feature=39 54 26 42 85 40 22 7 11 8 2 89 32 66 65 82 67 12 19 20 24 25 22 63 37 3 55 79 32 62
split_gain=0.920256 1.09015 1.21175 1.05119 0.937875 0.922757 0.936276 0.758572 1.11848 0.887289 0.804095 0.777745 0.725865 0.721941 0.673169 0.711635 0.652092 0.646136 0.631901 0.590418 0.585454 0.58238 0.667267 0.581217 0.578842 0.551626 0.581748 0.505404 0.502203 0.493941
threshold=1.0777768827841976 -0.061363388855624763 0.070774511911842433 1.3065533084858936 0.073979321867227568 -0.45287421060888061 0.16533801132242631 0.81639204436075308 -0.049929769784358584 -1.0524537932504792 0.29267043735617954 0.17389033538424845 1.2578976820771866 16.100000000000005 11.703599929809572 9.6580354537222348 19.500000000000004 -0.8172122651501067 -0.042686917958928233 -0.05847317204798546 0.11697296329471929 -0.04735376027138994 -0.31722858350198679 -0.1484504830366945 -0.64351554684688816 -1.1803063953218798 -0.16975610991674922 30.963162715511981 0.8196416078203167 0.246651958421476
decision_type=2 2 2 2 2 2 2 2 2 2 2 2 2 2 2 2 2 2 2 2 2 2 2 2 2 2 2 2 2 2
left_child=1 2 5 18 14 -1 13 9 12 24 -10 21 19 25 15 28 -8 -6 -4 -9 -16 23 -23 -11 -3 -7 -27 -19 -2 -24
right_child=4 7 3 -5 17 6 16 8 10 11 -12 -13 -14 -15 20 -17 -18 27 -20 -21 -22 22 29 -25 -26 26 -28 -29 -30 -31
leaf_value=-0.005219928516447544 0.012523290663957588 -0.01611122429370879 0.004127778095193207 -0.0069969198927283286 -0.00041207887232303593 0.014181790709495544 0.0023962636274518431 0.0049485294114459625 0.00095554926618933651 0.0072129941442981363 -0.01082182163838297 -0.013497981011867522 -0.0015778073156252502 -0.0041014725118875498 -0.0073287329593530043 -0.0041320558637380602 -0.00866118566133082 0.0077000674791634065 0.012126527647487818 0.016093834723745069 0.0034324969903432897 0.005463110462296754 -0.0039776942753094692 -0.00051890882011502981 -0.0051848264085128902 0.011625613740512302 0.0022142188608842463 0.019052511155605314 0.003297587810719216 0.0056820605099201201
leaf_weight=25 7.0000000000000027 6.0000000000000027 20 4.9999999999999991 6.0000000000000027 4.9999999999999991 8.0000000000000018 11.000000000000004 15.000000000000002 9.9999999999999982 7.9999999999999991 4.9999999999999991 7.9999999999999991 9.9999999999999982 13.000000000000002 8.9999999999999982 11.999999999999998 12.000000000000002 15.999999999999998 7.0000000000000009 6.9999999999999991 7.9999999999999991 101 70 15.999999999999998 6.9999999999999991 38 4.9999999999999991 22 4.9999999999999991
leaf_count=25 7 6 20 5 6 5 8 11 15 10 8 5 8 10 13 9 12 12 16 7 7 8 101 70 16 7 38 5 22 5
internal_value=1.97883e-11 -0.000569631 0.00151881 0.00589257 0.00292551 -0.000189033 0.00138312 -0.00169894 0.0016781 -0.00244769 -0.00314093 -0.00181566 0.00594108 0.0032569 0.00089268 0.00323741 -0.00423821 0.00805178 0.00768278 0.00928281 -0.0035623 -0.00151457 -0.00289151 0.000447579 -0.00816475 0.00472857 0.00367821 0.011039 0.00552448 -0.00352205
internal_weight=497 416 146 41 81 105 80 270 49 221 23 199 26 60 58 38 20 23 36 18 20 194 114 80 22 50 45 17 29 106
internal_count=497 416 146 41 81 105 80 270 49 221 23 199 26 60 58 38 20 23 36 18 20 194 114 80 22 50 45 17 29 106
is_linear=0
shrinkage=0.03


Tree=83
num_leaves=31
num_cat=0
split_feature=8 58 62 11 19 23 18 63 25 81 63 46 24 15 24 59 36 70 19 9 6 37 3 30 70 30 21 49 38 8
split_gain=0.885598 0.819689 0.816759 1.3436 1.52714 1.00927 1.4063 0.758523 0.712171 0.692877 0.813096 0.686618 0.612368 0.604109 0.692372 0.662748 0.600334 0.583381 0.548736 0.536539 0.530394 0.524271 0.52385 0.627709 0.558876 0.757306 0.482976 0.454424 0.438087 0.436271
threshold=1.2372477391768009 0.26866008168730565 0.044415535612195793 -0.0992972622818281 0.24576880876864801 -0.073905983382948737 -0.081099724778314911 -0.052184161138713346 0.10502723944120802 61.447796469925478 -0.17813739903953299 1.0053885493656771 -0.15823908502230974 -0.11392304272288915 -0.13930526892932252 0.11126965690006198 -0.73211049265529471 97.500000000000014 -0.063190855236163052 -0.87796716901974514 -0.91491730089765932 1.0093323568536527 -0.75428532649010227 0.095461344134034676 72.500000000000014 0.08270251907254085 0.13633461989080328 -0.029331311756255276 0.4854326471900362 -0.47971818469877359
decision_type=2 2 2 2 2 2 2 2 2 2 2 2 2 2 2 2 2 2 2 2 2 2 2 2 2 2 2 2 2 2
left_child=1 2 9 4 7 8 21 28 11 10 -1 -5 -8 15 -15 19 -9 20 -18 -12 29 -7 23 -16 -24 -26 -22 -2 -4 -11
right_child=27 -3 3 5 -6 6 12 16 -10 17 13 -13 -14 14 22 -17 18 -19 -20 -21 26 -23 24 -25 25 -27 -28 -29 -30 -31
leaf_value=0.0086620933003723616 -0.001295053948249135 0.010713906437158584 0.0052062528752363632 0.0071137554151937347 0.018054798756326946 -0.00059099826961755736 0.0024656179547309877 -0.004573884660807939 -0.0072526109218597409 -0.0053728331891553707 0.0067843767814338204 -0.005106691785156727 -0.0089023539411096728 0.0062272451398894188 0.001016214613704697 -0.011478540492909296 -0.0019704972952604293 -0.0114191130229405 0.0078289326187223184 -0.0026393411457056887 -0.0048286335246348882 0.0091640912634985781 -0.0038074865068774668 0.012962814241647721 0.0054209588124649591 -0.0079548988044261925 9.4151974190026514e-05 0.0075861047627404331 0.01565540009737015 0.0032752436000321591
leaf_weight=8.9999999999999982 7.0000000000000027 5.9999999999999991 13.000000000000002 24.000000000000004 6.9999999999999991 17.000000000000004 4.9999999999999991 12.999999999999998 4.9999999999999991 7.0000000000000027 5.9999999999999991 4.9999999999999991 29 18 19.000000000000004 6.9999999999999991 8.9999999999999982 6.9999999999999991 12.000000000000002 58 71 6.9999999999999991 40 4.9999999999999991 16.000000000000004 4.9999999999999991 24 20 4.9999999999999991 21
leaf_count=9 7 6 13 24 7 17 5 13 5 7 6 5 29 18 19 7 9 7 12 58 71 7 40 5 16 5 24 20 5 21
internal_value=-2.86705e-12 -0.000303525 -0.000445992 0.00136615 0.0048999 -0.000900053 -0.00330584 0.00312905 0.00320393 -0.00132022 -0.00013056 0.00500678 -0.00723059 -0.000585353 0.000882271 -0.00271444 0.000492712 -0.0029949 0.00362918 -0.00175587 -0.00251547 0.00225424 -0.000249605 0.00350509 -0.00172686 0.00223623 -0.00358498 0.00528358 0.00810879 0.00111322
internal_weight=497 470 464 151 59 92 58 52 34 313 183 29 34 174 103 71 34 130 21 64 123 24 85 24 61 21 95 27 18 28
internal_count=497 470 464 151 59 92 58 52 34 313 183 29 34 174 103 71 34 130 21 64 123 24 85 24 61 21 95 27 18 28
is_linear=0
shrinkage=0.03


Tree=84
num_leaves=31
num_cat=0
split_feature=93 0 49 60 4 54 35 48 12 2 77 8 33 7 35 39 57 39 13 53 52 48 7 84 78 16 42 48 45 87
split_gain=0.854156 1.63887 1.07566 0.986842 0.970368 0.970632 0.910324 1.24537 1.03263 0.804699 0.749541 1.09012 0.804676 0.600753 0.717696 0.595691 0.576832 0.570857 0.654945 0.55188 0.544179 0.517372 0.511079 0.501044 0.598583 0.496783 0.483765 0.482778 0.412325 0.40466
threshold=6710.5000000000009 1.8267828613831625 0.2985180658265088 0.053440115411576901 0.26229869383791238 -0.04747553072268184 0.23175931993687085 -0.36340513681165876 0.74142611465848585 -0.12428387157630953 1.5000000000000002 -1.3821689372639625 1.2329327024122549 0.81639204436075308 0.81188126508732761 0.88082090352929676 0.055880853318038833 -0.058534543259920462 -0.87968286559778397 0.057016480083967057 0.063003726881102826 0.15071926497936913 -0.26775472359158076 0.14523287117481234 141.9365454402971 1.2340415950306942 -0.39588502950453142 0.073465894428467446 1.1657373239923796 121.09375000000001
decision_type=2 2 2 2 2 2 2 2 2 2 2 2 2 2 2 2 2 2 2 2 2 2 2 2 2 2 2 2 2 2
left_child=1 2 4 -3 13 -6 7 -2 10 -5 11 -9 16 14 21 20 -13 18 -8 -18 27 -1 -12 24 28 29 -23 -14 -20 -19
right_child=6 3 -4 9 5 -7 17 8 -10 -11 22 12 15 -15 -16 -17 19 25 23 -21 -22 26 -24 -25 -26 -27 -28 -29 -30 -31
leaf_value=-0.0025394115306437014 0.0077388821616768844 0.01675133988261222 0.011116446889936923 0.0086791914189234352 0.0040139662325382229 -0.0046674348967259416 -0.012241496108472347 0.015574566945433617 -0.0062352853577414694 -0.0056455500363372258 0.0002453820980512178 0.0012532444430897677 -0.014213867336511594 0.010911385257329259 0.012261452615261077 0.0044232756551355126 0.011157860635564874 0.0007294683088548481 -0.00053944454545022116 0.0011431917606387287 0.0021638209477532655 -0.0013676939124707126 -0.0083402677252888673 -0.0089016454759985215 -0.011314105167984961 0.0043563583046197889 0.0085299029136076572 -0.0040427061649305476 -0.0082621291279792782 -0.0039708165345056085
leaf_weight=25 20 9.0000000000000018 7.9999999999999991 12.000000000000002 14.999999999999998 51 7.9999999999999991 4.9999999999999991 22 4.9999999999999991 13.000000000000002 42 6.0000000000000062 6.9999999999999991 4.9999999999999991 8.9999999999999982 13.000000000000002 32 56 7.9999999999999991 7.9999999999999991 8.0000000000000018 11.999999999999998 11.999999999999998 5.9999999999999991 14.999999999999998 9.9999999999999982 13.999999999999998 6.9999999999999991 34
leaf_count=25 20 9 8 12 15 51 8 5 22 5 13 42 6 7 5 9 13 32 56 8 8 8 12 12 6 15 10 14 7 34
internal_value=2.63516e-13 0.00184739 0.000462489 0.00871864 -0.000241905 -0.00269439 -0.000837268 0.000701476 -0.000224498 0.00446603 0.000792712 0.00190425 0.00122073 0.00270108 0.00150374 -0.00229084 0.00328308 -0.00239411 -0.00405259 0.00734275 -0.00444895 0.000252842 -0.00387573 -0.0032438 -0.00225983 -0.000571844 0.00413097 -0.00709405 -0.00139752 -0.00169189
internal_weight=497 155 129 26 121 66 342 172 152 17 130 105 100 55 48 37 63 170 89 21 28 43 25 81 69 81 18 20 63 66
internal_count=497 155 129 26 121 66 342 172 152 17 130 105 100 55 48 37 63 170 89 21 28 43 25 81 69 81 18 20 63 66
is_linear=0
shrinkage=0.03


Tree=85
num_leaves=31
num_cat=0
split_feature=50 79 14 77 49 54 15 53 46 50 63 49 22 35 14 93 31 33 14 57 65 34 87 93 84 39 75 1 93 59
split_gain=0.806753 0.942107 0.850493 0.827532 1.18853 0.924052 0.885231 0.767043 0.866096 0.735978 1.20578 0.72292 0.644739 0.930669 0.626166 0.586946 0.561541 0.560404 0.550743 0.494692 0.481985 0.471863 0.470673 0.49921 0.720919 0.44434 0.443723 0.434944 0.425244 0.423876
threshold=0.058695217821224839 37.562746571857907 -0.77336181712419882 1.5000000000000002 0.2985180658265088 -0.097500488548955239 -0.25193711216402515 0.029489089365291234 1.2526031478255411 0.15791939447256709 0.016702048658681242 0.094384530597420857 -0.083648361214212333 0.50380173020875374 -0.27372820682790111 29211.500000000004 0.084869936738488042 -2.8400808911225441 0.010326883423485702 0.097155198542290058 9.765033960342409 -0.30761879423556021 107.23039215686276 8151.5000000000009 0.14659909904003146 -0.82313586558638852 0.10565476190476192 -2.2414897579561974 1252.5000000000002 0.063707807575963477
decision_type=2 2 2 2 2 2 2 2 2 2 2 2 2 2 2 2 2 2 2 2 2 2 2 2 2 2 2 2 2 2
left_child=3 7 -3 4 5 11 15 8 16 10 -9 12 -1 26 -6 28 -2 -8 -15 -18 -17 -12 -19 -24 -25 -11 -14 -13 -7 -16
right_child=1 2 -4 -5 14 6 17 9 -10 25 21 27 13 18 29 20 19 22 -20 -21 -22 -23 23 24 -26 -27 -28 -29 -30 -31
leaf_value=0.004555633813808007 -0.0035569591031202837 0.017615642249584198 0.0026739395828917624 -0.0061492754347622393 -0.0026562202535569649 -0.0077578922236959096 0.008949194937944412 -0.0052031353097409007 0.010979065686464309 0.013005035668611525 0.012497194260358809 0.014874741911888121 -0.0059077744781970941 -0.015623638451099382 0.012281985486095598 -0.011410366644461946 -0.00094404263980686653 0.0041443632786663676 -0.0037729182839393617 0.0087143660443169731 -0.0021330429720027104 0.0018554342463612556 -0.0054582332664479807 -2.875831351767099e-05 -0.0094440568657591928 0.0042900403135261219 0.0041945189516991374 0.0040380046460777525 0.00022875969298183916 0.0032063742075115441
leaf_weight=21 54 6 7.9999999999999982 25 6.0000000000000027 9.0000000000000018 4.9999999999999991 20 4.9999999999999991 5.9999999999999991 5.9999999999999991 4.9999999999999991 5.0000000000000027 5.0000000000000027 11.000000000000002 18.000000000000004 15.000000000000002 12.999999999999998 11.999999999999998 6.9999999999999991 6.9999999999999991 9.9999999999999982 27 86 7.9999999999999991 43 18 9.9999999999999982 18 7.9999999999999991
leaf_count=21 54 6 8 25 6 9 5 20 5 6 6 5 5 5 11 18 15 13 12 7 7 10 27 86 8 43 18 10 18 8
internal_value=4.32868e-12 0.00160401 0.00907753 -0.000910794 -0.000462293 -0.00104796 -0.00216124 0.000973712 -0.00111532 0.00296443 -0.000292367 0.00174989 0.000298977 -0.00193577 0.00579262 -0.00550041 -0.001911 -0.000912052 -0.00725842 0.00212909 -0.00881272 0.00584609 -0.00128001 -0.00186279 -0.00083006 0.00535718 0.00199837 0.00765025 -0.00243346 0.00846068
internal_weight=497 180 14 317 292 267 191 166 81 85 36 76 61 40 25 52 76 139 17 22 25 16 134 121 94 49 23 15 27 19
internal_count=497 180 14 317 292 267 191 166 81 85 36 76 61 40 25 52 76 139 17 22 25 16 134 121 94 49 23 15 27 19
is_linear=0
shrinkage=0.03


Tree=86
num_leaves=31
num_cat=0
split_feature=93 0 49 60 4 54 35 51 0 48 55 2 78 13 85 70 33 14 59 53 65 84 36 31 31 63 80 34 27 43
split_gain=0.77928 1.49315 0.966376 0.892837 0.878613 0.869101 0.835308 1.13047 0.90188 0.79921 0.756635 0.723549 0.71384 0.670879 0.57822 0.55963 0.535388 0.525749 0.530738 0.502664 0.49219 0.45627 0.433786 0.577355 0.427239 0.569306 0.421981 0.417906 0.402035 0.390786
threshold=6710.5000000000009 1.8267828613831625 0.2985180658265088 0.053440115411576901 0.26229869383791238 -0.04747553072268184 0.23175931993687085 -0.0068324500534223112 -0.53511947550462236 -0.34878495067121307 -0.01228990731916854 -0.12428387157630953 120.57412562692903 -0.10712436424246212 0.052545914426445968 60.500000000000007 0.93435743250163517 -0.47827930605971425 0.065718976876338334 0.11393843726677524 0.97110939025878917 0.14523287117481234 1.5953836302633757 0.043297491850045867 0.067859886612265233 0.0096919823680653942 83.085477502893539 0.18263384962575094 0.0086433035562128811 0.38867622926278333
decision_type=2 2 2 2 2 2 2 2 2 2 2 2 2 2 2 2 2 2 2 2 2 2 2 2 2 2 2 2 2 2
left_child=1 2 4 -3 14 -6 7 9 13 -2 12 -5 26 -9 24 -16 20 18 -11 -19 -8 28 29 -24 -1 -26 -10 -15 -18 -22
right_child=6 3 -4 11 5 -7 16 8 10 17 -12 -13 -14 27 15 -17 21 19 -20 -21 22 -23 23 -25 25 -27 -28 -29 -30 -31
leaf_value=-0.0039664427302777755 0.0094090778776444485 0.015963760291536642 0.010540934242308139 0.0082733140932396039 0.0037891604304313661 -0.004425651247558348 -0.011124074597443852 0.0080867998721078031 0.00011811112966305306 0.0020956533994259583 -0.0071903315392033811 -0.0053099517971277235 -0.0062844497058540585 0.007214823067188258 0.00052766442531719786 0.0089893265265752285 -0.00098871553582804538 -0.0014862932723618166 0.014892946757376192 0.0056555247353389862 -0.0010409096714242227 -0.0075358964502811425 -7.4226737022399901e-05 -0.013069467321038246 -0.0036587970927357679 0.010047802478075026 0.0096272856555879114 -0.0024820289444178341 0.004757958734408021 -0.0052344026197014108
leaf_weight=15.000000000000002 15.999999999999998 9.0000000000000018 7.9999999999999991 12.000000000000002 14.999999999999998 51 6.9999999999999991 11.999999999999998 14.000000000000002 6.9999999999999982 29 4.9999999999999991 11.999999999999998 5.0000000000000027 12.000000000000002 17 28 34 5 11.999999999999998 70 5.9999999999999991 4.9999999999999991 7.9999999999999991 4.9999999999999982 6 5.9999999999999991 20 18 28
leaf_count=15 16 9 8 12 15 51 7 12 14 7 29 5 12 5 12 17 28 34 5 12 70 6 5 8 5 6 6 20 18 28
internal_value=7.04992e-12 0.00176456 0.000442662 0.00832323 -0.000224993 -0.00255865 -0.000799729 0.000674252 -0.00143919 0.00347313 -0.00368059 0.00427824 -0.000499879 0.00225608 0.00257539 0.00548795 -0.00229105 0.00183563 0.00742786 0.00037679 -0.00340866 0.000245074 -0.00292211 -0.0080713 -0.000673224 0.00381753 0.00297086 -0.000542659 0.00125998 -0.00223905
internal_weight=497 155 129 26 121 66 342 172 98 74 61 17 32 37 55 29 170 58 12 46 118 52 111 13 26 11 20 25 46 98
internal_count=497 155 129 26 121 66 342 172 98 74 61 17 32 37 55 29 170 58 12 46 118 52 111 13 26 11 20 25 46 98
is_linear=0
shrinkage=0.03


Tree=87
num_leaves=31
num_cat=0
split_feature=8 11 62 19 42 7 43 55 36 22 31 20 62 49 45 80 27 63 20 66 43 4 15 39 75 26 18 40 51 77
split_gain=0.742629 0.708113 1.03582 1.43493 0.945827 0.813257 0.947761 0.790448 0.685037 1.30297 0.704028 0.676592 0.667995 0.695074 0.600191 0.588081 0.566217 1.0962 0.543195 0.570632 0.538472 0.529799 0.520628 0.461125 0.435642 0.425839 0.413939 0.40175 0.399886 0.39562
threshold=1.2372477391768009 -0.1737558975098695 0.044415535612195793 0.076701423791713255 -0.29633411021474237 0.99571196705515619 -0.84968190034634949 -0.0057736918190379122 1.5953836302633757 0.073551725943341736 0.087863350262379333 0.040284396452455636 -0.099495288017000985 0.30765978528004295 1.4073398739755836 75.006834152537309 -0.11355438841469515 -0.0138318152857078 0.14117975028276505 9.5119047619047645 -0.77486589579615583 -0.74556151894704092 -0.79000360285416438 0.86068373981277924 0.15737874097007226 -0.024355667066027115 -0.15302132415383396 0.1528871389047127 -0.29319492206043896 1.0000000180025095e-35
decision_type=2 2 2 2 2 2 2 2 2 2 2 2 2 2 2 2 2 2 2 2 2 2 2 2 2 2 2 2 2 2
left_child=1 2 5 11 -5 6 -1 -7 12 10 -10 15 21 14 16 -4 17 -14 26 -20 23 -3 -22 -18 -15 28 27 -8 -24 -21
right_child=-2 8 3 4 -6 7 18 -9 9 -11 -12 -13 13 24 -16 -17 20 -19 19 29 22 -23 25 -25 -26 -27 -28 -29 -30 -31
leaf_value=0.0061778821037816152 0.0048383378708321189 -0.0025701248544183646 0.00054740279461839225 0.020338285395077284 0.0059601502530276778 0.016212584048509594 -0.0023156185378320512 0.00059497268072196418 0.0013781163185326889 -0.012209412753582 -0.011092901051044464 -0.0044975828472524886 -0.0066591427226861287 0.0069757525809109192 0.008408126950263977 0.009821386624127626 -0.0016930631480108085 0.0061638701582948357 -0.0019757954834494734 0.013126635611057282 -0.011706179827451705 0.0052001004892268344 -0.0081577673554420471 0.0058873867071233691 -0.0018000796786509453 -0.0047164124656594881 -0.0050150898374849932 0.0074267351031303396 0.00017613104961224291 0.0011925118323415516
leaf_weight=13.999999999999998 27 10.999999999999998 16.000000000000004 7.0000000000000027 9.9999999999999982 5 16.000000000000004 6.9999999999999982 22.000000000000004 13.999999999999998 4.9999999999999991 11.999999999999998 9.0000000000000018 14.000000000000002 4.9999999999999991 9.9999999999999982 26 18 16.000000000000004 4.9999999999999982 6.9999999999999991 28 5.9999999999999991 9.9999999999999982 7.9999999999999991 71 50 4.9999999999999991 38 5
leaf_count=14 27 11 16 7 10 5 16 7 22 14 5 12 9 14 5 10 26 18 16 5 7 28 6 10 8 71 50 5 38 5
internal_value=-2.01502e-12 -0.000277947 0.00121349 0.00463583 0.0118806 -0.000316826 -0.0011189 0.00710231 -0.00118711 -0.00478238 -0.000931331 0.00139477 -0.000599835 -0.00126363 -0.00184816 0.00411432 -0.00212535 0.00188953 -0.00217204 0.00153781 -0.00281144 0.0030085 -0.0037628 0.000412617 0.00378454 -0.00327929 -0.00353057 3.98947e-06 -0.00096031 0.00715957
internal_weight=497 470 178 55 17 123 111 12 292 41 27 38 251 212 190 26 185 27 97 26 158 39 122 36 22 115 71 21 44 10
internal_count=497 470 178 55 17 123 111 12 292 41 27 38 251 212 190 26 185 27 97 26 158 39 122 36 22 115 71 21 44 10
is_linear=0
shrinkage=0.03


Tree=88
num_leaves=31
num_cat=0
split_feature=93 20 4 58 8 35 48 12 78 40 11 80 65 12 9 7 7 33 93 65 34 64 84 80 5 68 52 27 0 10
split_gain=0.709104 1.37206 1.07015 0.967845 0.843849 0.747301 1.03275 0.874828 0.667957 0.633602 1.01486 0.664546 0.630397 0.602927 0.579398 0.575095 0.553722 0.47685 0.457936 0.450432 0.450251 0.426821 0.409178 0.388228 0.375991 0.541384 0.387177 0.375766 0.370282 0.385988
threshold=6710.5000000000009 0.2140895658207819 0.21909305873618659 0.014173152731198636 1.0370146835166132 0.23175931993687085 -0.36340513681165876 0.74142611465848585 98.556219260523093 -1.0478476090483857 -0.16133938102156017 94.949224889684658 4.1563773751258859 0.20743912312154394 -0.15951670980770213 0.76064907048892916 -1.0060073926159718 0.93435743250163517 147141.00000000003 0.97110939025878917 1.0853397887955551 12.028968385687849 0.14523287117481234 110.9822055754485 1.4617933923559658 1148.7786786786789 -0.079617510339092937 0.0086433035562128811 -1.064689042119374 -0.010251443206911624
decision_type=2 2 2 2 2 2 2 2 2 2 2 2 2 2 2 2 2 2 2 2 2 2 2 2 2 2 2 2 2 2
left_child=1 2 12 8 20 6 -2 9 -3 -8 11 18 -1 16 15 -14 -12 19 21 -7 -4 -11 27 24 25 26 -21 -19 -18 -30
right_child=5 3 4 -5 -6 17 7 -9 -10 10 13 -13 14 -15 -16 -17 28 22 -20 23 -22 -23 -24 -25 -26 -27 -28 -29 29 -31
leaf_value=0.0099936944297091528 0.0070398622322827582 0.011253789693117135 -0.0046370964959662935 0.0155161175429821 0.005025003899175387 -0.010609062239527702 -0.0044999932544305919 -0.0057444273248653524 -0.003102831372192927 0.0032201277324929813 0.0069328804872930043 0.014887789338827133 -0.0039220712489138037 0.0048220167565159499 0.005114815660680715 0.0075788784027099607 0.00046710697135754991 -0.00099286430249256744 -0.0012770013813860714 -0.0097636333586914193 0.0020792016065256163 0.012541533197675432 -0.0071484749950468541 -0.009601389361279352 0.0022710837929376536 -0.0011140782175546823 -0.0033817083083770489 0.0045628967105100547 -0.0086621536214191198 -0.0020845705149362655
leaf_weight=10.999999999999998 20 5.0000000000000018 49 9.9999999999999982 12.999999999999998 6.9999999999999991 18 22 7 12.000000000000005 5.9999999999999991 5.9999999999999991 18.000000000000004 15.999999999999998 26 4.9999999999999991 21 28 9.9999999999999982 13.999999999999998 10.999999999999998 6.9999999999999991 5.9999999999999991 6.9999999999999991 13.999999999999998 54 22 18 12.999999999999995 21.000000000000004
leaf_count=11 20 5 49 10 13 7 18 22 7 12 6 6 18 16 26 5 21 28 10 14 11 7 6 7 14 54 22 18 13 21
internal_value=6.50005e-13 0.00168324 0.000535274 0.0086232 -0.0019044 -0.000762871 0.000631301 -0.000211931 0.00287909 0.000724338 0.00156396 0.00579969 0.00350355 -0.000361366 0.00204658 -0.00142186 -0.00172094 -0.00217344 0.00391939 -0.00322819 -0.00340578 0.00665433 0.000220021 -0.00276273 -0.00230244 -0.00301387 -0.00586357 0.00118113 -0.002665 -0.00459953
internal_weight=497 155 133 22 73 342 172 152 12 130 112 35 60 77 49 23 61 170 29 118 60 19 52 111 104 90 36 46 55 34
internal_count=497 155 133 22 73 342 172 152 12 130 112 35 60 77 49 23 61 170 29 118 60 19 52 111 104 90 36 46 55 34
is_linear=0
shrinkage=0.03


Tree=89
num_leaves=31
num_cat=0
split_feature=8 58 62 11 19 23 46 42 79 20 81 63 65 70 6 25 15 24 59 24 14 37 48 48 9 65 42 73 65 61
split_gain=0.668913 0.666656 0.639604 1.06632 1.17071 0.825104 0.981501 0.813362 0.743893 0.610443 0.567188 0.664484 0.537179 0.497761 0.507354 0.489167 0.478767 0.554282 0.509466 0.467545 0.467025 0.432332 0.420888 0.445952 0.419721 0.407133 0.495986 0.398579 0.381853 0.339117
threshold=1.2372477391768009 0.26866008168730565 0.044415535612195793 -0.0992972622818281 0.076701423791713255 0.084126679358162607 0.65718380661930897 -0.29633411021474237 10.721061963077888 0.093917809825670176 61.447796469925478 -0.17813739903953299 6.7365154027938852 89.500000000000014 -0.91491730089765932 0.10030520893979127 -0.11392304272288915 -0.13930526892932252 0.10801265369664398 0.11697296329471929 0.26890644450302914 -1.2978423773324275 -0.31941420576210122 -0.10214003199604889 -0.87796716901974514 4.6273596882820138 0.1054142299169487 1.0000000180025095e-35 11.812983274459841 0.062493651912868389
decision_type=2 2 2 2 2 2 2 2 2 2 2 2 2 2 2 2 2 2 2 2 2 2 2 2 2 2 2 2 2 2
left_child=1 2 10 4 9 6 8 -6 -5 20 11 -1 -8 14 -12 -10 18 -18 24 27 -4 -7 -19 29 -13 26 -25 -16 -2 -24
right_child=28 -3 3 5 7 21 12 -9 15 -11 13 16 -14 -15 19 -17 17 22 -20 -21 -22 -23 23 25 -26 -27 -28 -29 -30 -31
leaf_value=0.0078590724399934201 0.0067026036823808668 0.0096720905601978286 0.0070091014914214593 0.012114541567862033 0.017769432719796887 -0.012396960780024521 -0.0097494967728853233 0.0051975957287306133 0.0032150322635767655 -0.0054312633971373243 0.0018297732481732964 0.006056836722418666 0.0016049282439053059 -0.0073116441505650673 -0.0032430354241902628 -0.0046504167467355728 0.0055882038796941438 0.0049998620105907322 -0.0095274643599987021 0.0030833800770342346 -0.00035918404173571614 -0.0032151995468884705 -0.0019905137224122895 0.00052787952125072431 -0.0022849460357898159 -0.0013548666899780156 0.012100102186203002 -0.012002402365207672 -0.0014385790803602763 -0.011198082566261291
leaf_weight=8.9999999999999982 20.000000000000004 5.9999999999999991 16.000000000000004 6.9999999999999991 8.0000000000000018 6.0000000000000027 9.9999999999999982 10.999999999999998 34 8.9999999999999982 25 5.9999999999999991 5.9999999999999991 18 72 8.9999999999999982 18 11.999999999999998 7.9999999999999991 9.9999999999999982 14.999999999999998 20 8.9999999999999911 10.000000000000005 57 43 4.9999999999999991 4.9999999999999991 6.9999999999999991 5.9999999999999991
leaf_count=9 20 6 16 7 8 6 10 11 34 9 25 6 6 18 72 9 18 12 8 10 15 20 9 10 57 43 5 5 7 6
internal_value=-8.00033e-12 -0.000263792 -0.000392273 0.00121135 0.00435942 -0.000807522 0.000975663 0.010491 0.00304518 0.00144691 -0.0011659 -8.95412e-05 -0.00549159 -0.00268109 -0.0019369 0.00156878 -0.000500676 0.000805854 -0.00239607 -0.00301927 0.0034438 -0.00533407 -0.000206879 -0.00106278 -0.00149049 0.000129656 0.00438529 -0.00381183 0.00459193 -0.00567354
internal_weight=497 470 464 151 59 92 66 19 50 40 313 183 16 130 112 43 174 103 71 87 31 26 85 73 63 58 15 77 27 15
internal_count=497 470 464 151 59 92 66 19 50 40 313 183 16 130 112 43 174 103 71 87 31 26 85 73 63 58 15 77 27 15
is_linear=0
shrinkage=0.03


Tree=90
num_leaves=31
num_cat=0
split_feature=93 8 48 81 80 7 43 33 10 39 17 0 36 16 79 52 23 30 20 2 81 35 64 22 2 2 22 6 1 7
split_gain=0.657428 0.884492 0.821134 0.758657 1.02206 0.713757 0.837958 0.807097 0.709745 0.630421 0.629272 0.564336 0.631792 0.560212 0.596035 0.529154 0.515743 0.54019 0.443621 0.433664 0.429106 0.402479 0.400172 0.399902 0.39722 0.492979 0.38647 0.372493 0.365111 0.363013
threshold=32302.000000000004 -1.6125178615331925 -0.42286287866285704 66.117231880260618 107.82515719039354 1.1606093738425372 0.57481396248495498 -2.8010897208522283 -0.15179611403474799 1.0385972805965069 -0.080990283596428722 -2.3512530679198904 2.5853180986843478 1.7108780728482456 34.984547025824909 -0.32594847710241626 -0.043468962785354885 -0.07373469936471265 0.027111255955337563 -0.9930899958478232 58.737035961943285 -1.5491491583347143 7.6157315111655111 -0.16636528692502184 -0.95991268243267258 -1.7184377896132272 -0.27263472147383733 0.41642974534571703 0.33588954720309883 0.5856280562065922
decision_type=2 2 2 2 2 2 2 2 2 2 2 2 2 2 2 2 2 2 2 2 2 2 2 2 2 2 2 2 2 2
left_child=1 -1 -3 4 5 6 7 -4 -6 -5 -11 20 15 14 23 -13 18 -18 -17 28 -2 -21 -8 26 25 -25 -9 -23 -19 -26
right_child=11 2 3 9 8 -7 22 13 -10 10 -12 12 -14 -15 -16 16 17 19 -20 21 -22 27 -24 24 29 -27 -28 -29 -30 -31
leaf_value=-0.0073546969551931728 -0.0002204110895228736 0.010792211472289636 0.012737683951854706 -0.0038922131686870537 0.019017270326614377 0.0078709267399140765 -0.0061090081783109589 0.0013486697357571256 0.0042183839104005276 -0.002049458473920822 0.010802933014929293 -0.010277162864804268 -0.012314782619476317 0.011319999128580092 0.0068985195595139106 -0.0012801319083853347 0.00020635021707593378 -0.015009620189666737 0.0036755020193884082 0.0035019145533442494 0.0073839350044727324 -0.0025843059987528246 -0.0001654255280101841 -0.0015366818788849431 0.00062963420924331442 0.0069867875623075603 -0.0060546086989343171 -0.0096756057254970065 -0.0053606208926066752 -0.0078562362045049659
leaf_weight=10.999999999999998 17.000000000000004 7.9999999999999991 5.9999999999999991 42 5 13.999999999999998 19 11.000000000000002 6.9999999999999982 7.9999999999999991 5.9999999999999991 5.9999999999999991 4.9999999999999991 4.9999999999999991 13.999999999999998 37 44 5.0000000000000027 29 7.9999999999999991 10.999999999999998 40 22 9.0000000000000018 49.000000000000007 18.999999999999993 14.999999999999998 7.9999999999999991 11.999999999999998 4.9999999999999991
leaf_count=11 17 8 6 42 5 14 19 11 7 8 6 6 5 5 14 37 44 5 29 8 11 40 22 9 49 19 15 8 12 5
internal_value=6.84789e-12 0.000980341 0.00132763 0.00103187 0.00189604 0.00135422 0.00082989 0.0019858 0.0103846 -0.00205448 0.00345871 -0.00121439 -0.00178902 0.00147784 0.00107447 -0.00151056 -0.00122313 -0.0024193 0.000897344 -0.00400188 0.00276701 -0.00272789 -0.00291977 0.0003195 0.00134744 0.0042471 -0.00292245 -0.00376619 -0.00819856 -0.000156095
internal_weight=497 275 264 256 200 188 174 133 12 56 14 222 194 127 122 189 183 117 66 73 28 56 41 108 82 28 26 48 17 54
internal_count=497 275 264 256 200 188 174 133 12 56 14 222 194 127 122 189 183 117 66 73 28 56 41 108 82 28 26 48 17 54
is_linear=0
shrinkage=0.03


Tree=91
num_leaves=31
num_cat=0
split_feature=93 20 4 58 79 35 51 32 93 48 78 65 5 9 7 32 14 35 62 0 29 86 53 30 82 37 4 81 84 36
split_gain=0.630021 1.20038 0.956413 0.841845 0.759387 0.659373 0.94395 0.758396 0.71841 0.634477 0.585343 0.561608 0.556298 0.500442 0.525792 0.475207 0.446995 0.439603 0.460441 0.564933 0.439465 0.410673 0.391989 0.370801 0.43783 0.365047 0.352494 0.330943 0.330524 0.330103
threshold=6710.5000000000009 0.2140895658207819 0.21909305873618659 0.014173152731198636 9.1744423439532561 0.23175931993687085 -0.0068324500534223112 -0.18159237388442565 14234.000000000002 -0.34878495067121307 98.556219260523093 4.1563773751258859 0.059419301745934357 -0.15951670980770213 0.76064907048892916 2.1623276117200567 -0.47827930605971425 0.26330973722166934 0.051422492068622226 0.23419476668121142 0.0021698934397453647 0.083295255671874513 0.11393843726677524 0.069172432111782617 11.689235953653347 1.2377544475240014 1.2958592268317941 62.551022596525875 0.15510345250368121 -1.4681578995740638
decision_type=2 2 2 2 2 2 2 2 2 2 2 2 2 2 2 2 2 2 2 2 2 2 2 2 2 2 2 2 2 2
left_child=1 2 11 10 26 6 9 8 -8 -2 -3 -1 -10 14 -13 27 20 -7 23 -20 -11 -21 29 24 -19 -26 -4 28 -9 -18
right_child=5 3 4 -5 -6 17 7 15 12 16 -12 13 -14 -15 -16 -17 22 18 19 21 -22 -23 -24 -25 25 -27 -28 -29 -30 -31
leaf_value=0.009444777317006478 0.0084370144363492723 0.010560413450002665 0.00097129286639392363 0.014506481766700743 -0.0033495797025710184 -0.010807700134813785 -0.0032949529588222502 -0.00087749922321108884 0.0018590870491849876 0.012586547697428615 -0.0028790835397584091 -0.0036703198860050172 0.011366892582736909 0.0047953041141422896 0.0073265971094369888 0.0051998471170663831 0.0058177043795585711 -0.00029522774213026941 0.0039439851348288353 0.00030450655476135362 0.0011044060811400411 -0.00762069545686245 0.0050054563849698747 -0.0060556350700557236 -0.0031720601882053805 -0.011326246708631514 0.010726972192525865 -0.0075002517420798536 -0.0082863124513200357 -0.0025287343060662001
leaf_weight=10.999999999999998 15.999999999999998 5.0000000000000018 9.9999999999999982 9.9999999999999982 58 4.9999999999999991 15.999999999999998 24.000000000000004 18.000000000000004 5.9999999999999982 7 18.000000000000004 7.9999999999999991 26 4.9999999999999991 4.9999999999999991 4.999999999999992 56 24 17.000000000000004 6 8.9999999999999982 11.999999999999998 25 28 5.9999999999999991 4.9999999999999991 20 6.9999999999999991 29.000000000000007
leaf_count=11 16 5 10 10 58 5 16 24 18 6 7 18 8 26 5 5 5 56 24 17 6 9 12 25 28 6 5 20 7 29
internal_value=1.70385e-12 0.0015866 0.000512856 0.00807788 -0.00179353 -0.000719074 0.000590512 -0.00134072 0.00170665 0.00314809 0.00272071 0.00331896 0.00478457 0.00194378 -0.00127969 -0.00362625 0.00168908 -0.00204407 -0.0017785 0.00062492 0.00684548 -0.00243883 0.000343928 -0.00282347 -0.00192564 -0.00461103 0.00422319 -0.00449155 -0.00255046 -0.00130132
internal_weight=497 155 133 22 73 342 172 98 42 74 12 60 26 49 23 56 58 170 165 50 12 26 46 115 90 34 15 51 31 34
internal_count=497 155 133 22 73 342 172 98 42 74 12 60 26 49 23 56 58 170 165 50 12 26 46 115 90 34 15 51 31 34
is_linear=0
shrinkage=0.03


Tree=92
num_leaves=31
num_cat=0
split_feature=50 79 14 18 81 80 62 56 12 49 57 85 18 2 39 85 35 31 68 22 50 87 85 49 31 51 2 52 80 30
split_gain=0.598255 0.711743 0.658113 0.626029 0.727422 0.709241 0.614619 0.593592 0.647461 0.639791 0.69954 0.582763 0.549592 0.589164 0.589236 0.457504 0.463387 0.456858 0.452063 0.442055 0.465583 0.453054 0.422684 0.410569 0.38803 0.363905 0.363761 0.433447 0.359394 0.354186
threshold=0.058695217821224839 37.562746571857907 -0.77336181712419882 -0.081099724778314911 56.675670077043613 110.9822055754485 -0.027259813033168 0.034413227462814173 0.60856567193577094 -0.0034194008545630271 -0.057452511684649162 0.052756374701857574 -0.02881870415787707 -0.90496331173092404 -0.36738703805859579 0.050395894795656211 -0.59558915776521071 -0.02708550171703988 9.2825306040537843 -0.12093260588332368 -0.076603798570734613 121.09375000000001 0.051932731643319137 0.31755726427890646 0.10120157820698326 0.090405935186524081 -0.41091015864437247 0.049711564772642484 48.52672048939921 0.03974323327929203
decision_type=2 2 2 2 2 2 2 2 2 2 2 2 2 2 2 2 2 2 2 2 2 2 2 2 2 2 2 2 2 2
left_child=3 7 -3 4 6 12 11 9 -9 26 -11 -1 22 14 -14 16 -6 -17 -15 -20 28 23 -5 -22 29 -10 -2 -28 -21 -12
right_child=1 2 -4 5 15 -7 -8 8 25 10 24 -13 13 18 -16 17 -18 -19 19 20 21 -23 -24 -25 -26 -27 27 -29 -30 -31
leaf_value=-0.0066139368270523814 -0.0050778238531202077 0.0153877717256546 0.0022441541450098162 -0.0021402103054736334 0.008651477007993626 -0.010574084613472224 0.0064173045288771387 0.0051386043186797655 0.0032956531457602979 0.0067434821321683772 0.0001371240406297147 0.0045142788191636406 -0.0014243966403106843 0.0065887149050831793 0.0091564737707376491 0.00054134874629150872 -0.00016389538088570471 -0.0056854319368721921 0.0018815755663672462 -0.0044712896594826714 -0.0042147498978240602 -0.0078885284130987901 -0.0099986984919417984 0.0047871075570583349 0.0041786383322323676 -0.0064780425082426518 -0.004338660550614196 0.0049720546789467331 0.00040339307452086359 -0.0065080410885539914
leaf_weight=8.0000000000000018 30 6 7.9999999999999982 14.000000000000002 7.0000000000000027 7.9999999999999991 30 43 5.9999999999999991 17 21 8.9999999999999982 9.0000000000000018 5.9999999999999991 9.9999999999999982 19 23 24 24 19 19.000000000000004 23 10.999999999999998 5.9999999999999991 11.999999999999998 7.9999999999999991 9.0000000000000018 8.9999999999999982 48 10.999999999999998
leaf_count=8 30 6 8 14 7 8 30 43 6 17 21 9 9 6 10 19 23 24 24 19 19 23 11 6 12 8 9 9 48 11
internal_value=-2.99002e-12 0.00138127 0.00787713 -0.000784319 0.000923851 -0.00182483 0.00383481 0.00083343 0.0033142 -0.000463855 0.00157498 -0.000722529 -0.00145449 -0.000822867 0.00414448 -0.000950329 0.00189302 -0.00293406 -0.00147376 -0.00182178 -0.00259466 -0.00484987 -0.00559795 -0.0020543 -0.000421936 -0.00228932 -0.00305488 0.000316697 -0.00097898 -0.00214715
internal_weight=497 180 14 317 120 197 47 166 57 109 61 17 189 164 19 73 30 43 145 139 115 48 25 25 44 14 48 18 67 32
internal_count=497 180 14 317 120 197 47 166 57 109 61 17 189 164 19 73 30 43 145 139 115 48 25 25 44 14 48 18 67 32
is_linear=0
shrinkage=0.03


Tree=93
num_leaves=31
num_cat=0
split_feature=11 29 16 8 3 42 79 40 0 75 45 47 54 45 22 51 78 2 29 55 93 5 36 28 66 4 58 48 34 77
split_gain=0.570642 0.922443 0.788566 0.577652 0.590092 0.573628 0.996601 0.626722 0.53013 0.548927 0.520343 0.519769 0.50192 0.535056 0.497106 0.465794 0.527062 0.461933 0.443439 0.464253 0.437074 0.400891 0.371312 0.369348 0.466957 0.352722 0.347239 0.347236 0.341064 0.334659
threshold=-0.16133938102156017 0.099857817309769337 0.54915741552951325 -1.0524537932504792 -0.79665461122952264 -0.78849889871088552 37.562746571857907 -1.0100763022523518 0.40942082372549943 0.025645240835114259 0.080292431443143464 -0.61299348234359397 0.0075196649992695591 -0.3537048062754245 0.1320647229904032 0.090405935186524081 105.30257065842386 -0.82817033723811873 -0.10650039883109785 -0.11446372304548491 13224.500000000002 -0.18855254847790789 0.56551193254793863 -0.058241489986747892 11.180555555555557 0.26229869383791238 -0.16388840201886584 -0.38587508381896501 0.66584468470169178 1.0000000180025095e-35
decision_type=2 2 2 2 2 2 2 2 2 2 2 2 2 2 2 2 2 2 2 2 2 2 2 2 2 2 2 2 2 2
left_child=1 5 17 11 15 6 7 -1 9 -6 26 -2 13 25 20 16 -5 -3 -12 -20 28 -22 -9 29 -25 -11 -7 -23 -10 -21
right_child=3 2 -4 4 8 10 -8 22 14 12 18 -13 -14 -15 -16 -17 -18 -19 19 23 21 27 -24 24 -26 -27 -28 -29 -30 -31
leaf_value=-0.0061920126633984674 -0.012331464695078979 0.015453376583755006 0.00038375837441820363 -0.00095352721498056776 0.0077684619999490679 0.0078067360179764882 0.016139653444290161 0.0020957511185521354 0.0058330839465964915 -0.0060340040177106835 -0.0081608527310891073 -0.0021918687281700278 -0.0028475241272032936 0.0031162845337142546 -0.006264450036817127 -0.0021485316243899221 0.0058966933006107166 0.0057816893532872194 -0.0076191239804029457 -0.0073524056151509278 -0.00040656682613189333 0.0010752715915441507 0.011284032493829727 -0.00010875502787530422 0.0090592502430081358 0.002098360424861312 0.00067264472977258266 -0.0070666263157247817 -0.0036166140362620352 0.0021532799676060674
leaf_weight=7.0000000000000027 7.0000000000000027 8.0000000000000036 12.999999999999998 14.999999999999998 7.9999999999999991 6.9999999999999991 4.9999999999999991 19.000000000000004 10.999999999999998 12.000000000000002 9.9999999999999982 12.999999999999998 44 45 27 17 31 10 8.9999999999999982 9.9999999999999982 32 6.0000000000000027 4.9999999999999991 30 5.9999999999999991 7.9999999999999991 50 22 4.9999999999999991 4.9999999999999991
leaf_count=7 7 8 13 15 8 7 5 19 11 12 10 13 44 45 27 17 31 10 9 10 32 6 5 30 6 8 50 22 5 5
internal_value=1.06965e-11 0.00127041 0.00601396 -0.0008134 -0.000465179 0.000368267 0.00371093 0.0017063 -0.00119825 0.00018349 -0.00057926 -0.00574073 -0.000373206 0.00130172 -0.0027678 0.00209475 0.00366293 0.0100802 -0.00231208 -0.00133728 -0.00152557 -0.0027004 0.00400998 -0.000228722 0.00141925 -0.00278106 0.00154876 -0.00532193 0.00288005 -0.00418384
internal_weight=497 194 31 303 283 163 36 31 220 117 127 20 109 65 103 63 46 18 70 60 76 60 24 51 36 20 57 28 16 15
internal_count=497 194 31 303 283 163 36 31 220 117 127 20 109 65 103 63 46 18 70 60 76 60 24 51 36 20 57 28 16 15
is_linear=0
shrinkage=0.03


Tree=94
num_leaves=31
num_cat=0
split_feature=50 79 45 77 49 54 15 56 12 53 63 50 49 14 22 35 93 25 55 38 10 38 17 37 20 51 15 38 56 93
split_gain=0.546874 0.643009 0.612344 0.585176 0.877754 0.627272 0.641814 0.543351 0.591362 0.581578 0.558982 0.868276 0.53998 0.472704 0.45813 0.665562 0.434796 0.42861 0.4184 0.424689 0.624274 0.403579 0.355512 0.352338 0.339358 0.338886 0.338764 0.328894 0.324499 0.321683
threshold=0.058695217821224839 37.562746571857907 -0.15304041555283071 1.5000000000000002 0.2985180658265088 -0.097500488548955239 -0.25193711216402515 0.034413227462814173 0.60856567193577094 0.045132382167453015 0.0076102361333705995 0.15791939447256709 0.094384530597420857 -0.27372820682790111 -0.083648361214212333 0.50380173020875374 29211.500000000004 -0.023440214426495281 1.0000000180025095e-35 -0.12646914331346878 0.93024829220679373 -0.88117762902129748 0.30174667846784864 -1.4746068796817804 0.14117975028276505 0.061045445321869653 -0.49161595007463049 1.0550396188318418 1.0000000180025095e-35 1252.5000000000002
decision_type=2 2 2 2 2 2 2 2 2 2 2 2 2 2 2 2 2 2 2 2 2 2 2 2 2 2 2 2 2 2
left_child=3 7 -3 4 5 12 16 9 24 27 11 -11 14 -6 28 -16 29 -17 19 21 22 -8 -21 -18 -9 -10 -13 -2 -1 -7
right_child=1 2 -4 -5 13 6 18 8 25 10 -12 26 -14 -15 15 17 23 -19 -20 20 -22 -23 -24 -25 -26 -27 -28 -29 -30 -31
leaf_value=0.00083788355239308775 -0.0042600974193900019 -0.00092279180511832233 0.01217134118080139 -0.0051549893014132975 -0.0023383062146604045 -0.0066277844303597976 0.0021874394826591008 0.0038437237628307698 0.0040802136808633805 -0.0065609693407480199 0.0052466919232645754 0.0091088469326496124 0.0065285747684538358 0.0073207241434015725 0.0016183429695260912 -0.012659609764814369 -0.014610347986221302 -0.0026916767961599609 -0.0025908140174006342 0.00016822825154490969 0.011527831181883811 -0.0049151937570422882 0.0086911237835884097 -0.0057066325480118387 0.011535172164440154 -0.0056608321455617746 0.00067436275444924816 0.0011383586330339312 0.0085171725600957874 0.00031861250288784499
leaf_weight=13.000000000000002 37 4.9999999999999991 8.9999999999999982 25 6.0000000000000027 9.0000000000000018 12.000000000000002 37 4.9999999999999991 13.999999999999998 23 5.9999999999999991 14.999999999999998 19 23 6.0000000000000027 5.0000000000000027 10.999999999999998 61 37 5.9999999999999991 18 4.9999999999999991 20 5.9999999999999991 8.9999999999999982 15.000000000000002 13.999999999999998 7.9999999999999991 18
leaf_count=13 37 5 9 25 6 9 12 37 5 14 23 6 15 19 23 6 5 11 61 37 6 18 5 20 6 9 15 14 8 18
internal_value=8.81196e-12 0.00132063 0.00749487 -0.000749883 -0.000372733 -0.000876037 -0.00179328 0.000799908 0.00317338 -0.000441263 0.0016136 -0.000773859 0.00142914 0.00500256 0.000175175 -0.00170861 -0.00463653 -0.00620977 -0.000729617 0.000725934 0.00247598 -0.00207414 0.00118286 -0.00748738 0.00491695 -0.00218189 0.00308422 -0.00277817 0.00376333 -0.00199685
internal_weight=497 180 14 317 292 267 191 166 57 109 58 35 76 25 61 40 52 17 139 78 48 30 42 25 43 14 21 51 21 27
internal_count=497 180 14 317 292 267 191 166 57 109 58 35 76 25 61 40 52 17 139 78 48 30 42 25 43 14 21 51 21 27
is_linear=0
shrinkage=0.03


Tree=95
num_leaves=31
num_cat=0
split_feature=39 85 54 26 42 40 22 2 85 38 41 75 2 22 26 10 65 82 49 93 54 9 24 28 53 27 64 48 88 89
split_gain=0.528925 0.617469 0.60576 0.745791 0.644637 0.565853 0.59396 0.56649 0.514682 0.802894 0.5508 0.481833 0.477878 0.461896 0.495126 0.457934 0.456673 0.467179 0.441653 0.420052 0.417296 0.413292 0.402113 0.359199 0.365331 0.40851 0.425428 0.345895 0.332977 0.30078
threshold=1.0777768827841976 0.075665734708309187 -0.061363388855624763 0.070774511911842433 1.3065533084858936 -0.45287421060888061 -0.051402731393567165 0.74639209882364721 0.074377410113811507 -0.17151353554918289 0.35211611506122481 0.45854328905176372 -0.1472564417352549 -0.12325699666321792 -0.016391701000877248 -0.35083198453461178 11.703599929809572 9.6580354537222348 0.03853913275396547 13913.500000000002 -0.20440643900285016 -0.87796716901974514 0.11697296329471929 0.13173933971958338 -0.22637301072226021 -0.0063698535902063915 4.7535782733889809 -0.15917766543367062 1796.1094785711787 0.083457041663889633
decision_type=2 2 2 2 2 2 2 2 2 2 2 2 2 2 2 2 2 2 2 2 2 2 2 2 2 2 2 2 2 2
left_child=2 16 3 5 20 28 7 -7 9 23 11 15 18 -12 -15 -11 17 -2 -8 -3 -5 -17 -18 24 -4 26 -26 -10 -1 -29
right_child=1 19 8 4 -6 6 12 -9 27 10 13 -13 -14 14 -16 21 22 -19 -20 -21 -22 -23 -24 -25 25 -27 -28 29 -30 -31
leaf_value=-0.0065295907942687749 0.0043069601070601492 0.010652705955911761 0.0020636685714125634 -0.00061605453457819486 -0.0055375500507652761 0.001877629451919347 -0.0015850653821094464 0.011095740320160984 -6.4658978080842639e-05 0.012277249753475189 0.0046747766722304122 -0.0038533204576621446 -0.0036242331391466514 0.00017173456652513282 -0.0065373261272907253 0.0083794215917587286 -0.0061886610835790619 -0.0034861954239507518 0.007375991294781367 0.002362003240057013 0.0075450027001828989 0.0016870852731814493 0.002729794971112694 0.00334227334940806 -0.008166388124227519 -0.005769912251271307 0.00089157769190413604 -0.0012710645631887018 0.00089254647376947106 -0.0069184560291790237
leaf_weight=17.000000000000004 30 11.000000000000002 9.9999999999999982 6.9999999999999991 4.9999999999999991 24 11.000000000000002 7.9999999999999991 15.999999999999998 4.9999999999999991 8.9999999999999982 8.9999999999999982 28 22 18 9.9999999999999982 13.000000000000002 8.9999999999999982 8.9999999999999982 10.999999999999998 29 49 6.9999999999999991 7.9999999999999991 6.0000000000000027 46 21 11.999999999999998 7.9999999999999991 29
leaf_count=17 30 11 10 7 5 24 11 8 16 5 9 9 28 22 18 10 13 9 9 11 29 49 7 8 6 46 21 12 8 29
internal_value=4.98456e-12 0.00221791 -0.000431853 0.00112494 0.00455622 -0.000214895 0.00101623 0.00418216 -0.00127367 -0.0005961 0.000994648 0.00264613 -0.00109438 -0.00146573 -0.00284734 0.00356012 0.000618458 0.00250854 0.00244741 0.00650735 0.00595813 0.00282138 -0.0030672 -0.00272875 -0.00331391 -0.00405056 -0.0011213 -0.00380566 -0.00415451 -0.00526556
internal_weight=497 81 416 146 41 105 80 32 270 213 122 73 48 49 40 64 59 39 20 22 36 59 20 91 83 73 27 57 25 41
internal_count=497 81 416 146 41 105 80 32 270 213 122 73 48 49 40 64 59 39 20 22 36 59 20 91 83 73 27 57 25 41
is_linear=0
shrinkage=0.03


Tree=96
num_leaves=31
num_cat=0
split_feature=11 34 49 9 29 80 8 3 51 78 80 47 73 49 3 70 26 63 28 25 6 32 55 8 93 79 65 55 64 14
split_gain=0.509764 0.693646 0.686577 0.562414 0.680863 0.515407 0.514414 0.583747 0.55596 0.495249 0.484039 0.470456 0.441417 0.620986 0.702057 0.496625 0.563291 0.427901 0.424726 0.400122 0.390349 0.364671 0.358091 0.355078 0.349912 0.317123 0.308668 0.306193 0.353055 0.384945
threshold=-0.1737558975098695 -1.9465612615759109 0.1007937334484148 -0.6976661637686995 0.025413317910035645 54.38051072549414 -1.0524537932504792 -0.75428532649010227 0.090405935186524081 105.30257065842386 55.851104709201401 -0.61299348234359397 1.0000000180025095e-35 0.26512973598804429 1.5591882254689098 73.500000000000014 0.062223268535378275 0.0049864335190802434 -0.029446973833423949 0.073081846318098539 1.0000000180025095e-35 2.3276430593017312 1.0000000180025095e-35 -0.11130586347627473 11296.500000000002 9.3262640962693606 2.8522230684757237 -0.0036650663792165568 11.559667881021822 -0.59222546448025992
decision_type=2 2 2 2 2 2 2 2 2 2 2 2 2 2 2 2 2 2 2 2 2 2 2 2 2 2 2 2 2 2
left_child=1 2 19 4 24 25 11 8 9 -8 -7 -2 13 14 15 20 -17 -15 21 -1 -9 -12 23 -22 -3 -5 -13 28 29 -20
right_child=6 3 -4 5 -6 10 7 12 -10 -11 18 26 -14 17 -16 16 -18 -19 27 -21 22 -23 -24 -25 -26 -27 -28 -29 -30 -31
leaf_value=-0.00079115805639461991 -0.011672715757574347 -0.0012502976706517588 0.013171165018575265 0.0016603029679390601 0.011772759296000003 0.0098773004561662683 -0.0006390366131017799 -0.00023985164819168855 -0.0023529633526739322 0.0057924936660988758 -0.0029211845621466637 0.0038212004899978638 -0.0076825486806531744 -0.0012653716988861555 -0.0069586699563813836 -0.00075697897409554571 0.005876804081102212 0.0067461926192045208 -0.004744475558400154 0.00944403702020645 -0.0065929414867423441 0.0056972695291042322 -0.0059685936104506253 0.00088534476561471815 0.0069645031169056886 -0.0052021163340657947 -0.0056806668732315296 -0.00086840840557124465 0.0085455703474581236 0.004029866789157191
leaf_weight=11.000000000000005 7.0000000000000027 14.000000000000005 7.9999999999999991 7.9999999999999991 7.9999999999999991 4.9999999999999991 15.999999999999998 60 19 33 38 4.9999999999999991 8.9999999999999982 10.000000000000002 19 32 18 14.999999999999998 5.9999999999999991 4.9999999999999991 8.0000000000000018 4.9999999999999991 30 20 6.9999999999999991 25 7.9999999999999991 20 9.9999999999999982 18.000000000000004
leaf_count=11 7 14 8 8 8 5 16 60 19 33 38 5 9 10 19 32 18 15 6 5 8 5 30 20 7 25 8 20 10 18
internal_value=-4.55355e-12 0.00123177 0.00599528 0.000534665 0.00432515 -0.000279588 -0.000749423 -0.000427417 0.00200326 0.0036924 0.000774766 -0.00540242 -0.00117532 -0.000899066 -0.00149273 -0.000874562 0.00163118 0.00354157 0.000305563 0.00240734 -0.00193632 -0.00191904 -0.00369128 -0.00125131 0.00148797 -0.0035385 -0.0020261 0.00207701 0.0038096 0.00183628
internal_weight=497 188 24 164 29 135 309 289 68 49 102 20 221 212 187 168 50 25 97 16 118 43 58 28 21 33 13 54 34 24
internal_count=497 188 24 164 29 135 309 289 68 49 102 20 221 212 187 168 50 25 97 16 118 43 58 28 21 33 13 54 34 24
is_linear=0
shrinkage=0.03


Tree=97
num_leaves=31
num_cat=0
split_feature=39 85 54 26 42 64 64 2 45 85 38 41 75 10 56 65 82 23 35 12 19 9 24 28 44 41 48 68 79 89
split_gain=0.480063 0.552885 0.544073 0.677064 0.584089 0.537887 0.846871 0.503354 0.496475 0.469145 0.727695 0.500007 0.445077 0.425359 0.420415 0.419581 0.419004 0.411168 0.397661 0.394434 0.388242 0.37225 0.362934 0.332214 0.336573 0.345192 0.322747 0.317707 0.296921 0.274955
threshold=1.0777768827841976 0.075665734708309187 -0.061363388855624763 0.070774511911842433 1.3065533084858936 9.0195307210414501 7.1074702020888649 0.74639209882364721 1.0746853119811466 0.074377410113811507 -0.17151353554918289 0.35211611506122481 0.45854328905176372 -0.35083198453461178 -0.019132529836016245 11.703599929809572 9.6580354537222348 -0.036256860213659266 1.0732858546230413 -0.8172122651501067 -0.042686917958928233 -0.87796716901974514 0.11697296329471929 0.13173933971958338 -1.4845171958555414 -0.70351911591021699 -0.15917766543367062 805.64000000000021 18.900285797438396 0.083457041663889633
decision_type=2 2 2 2 2 2 2 2 2 2 2 2 2 2 2 2 2 2 2 2 2 2 2 2 2 2 2 2 2 2
left_child=2 15 3 5 20 6 -1 27 18 10 23 12 13 -12 17 16 -2 -13 -7 -3 -5 -15 -17 24 -4 -26 -11 -8 -16 -28
right_child=1 19 9 4 -6 8 7 -9 -10 26 11 14 -14 21 28 22 -18 -19 -20 -21 -22 -23 -24 -25 25 -27 29 -29 -30 -31
leaf_value=-0.0015069059621808784 0.0041143581890501083 -0.00038775639608502367 0.0036883137933909891 0.0028812362066237252 -0.0052747170701622961 -0.0020244133084012968 0.0079087931662797876 0.014682863652706145 0.0067057203948497771 -1.2958262959728016e-05 0.011805394828319549 0.002572982739657162 -0.0037210382583240669 0.0079669023156166072 -0.0011214756427943937 -0.0058988224886930883 -0.003266056791568796 -0.0064952934036652237 -0.00933645902434364 0.0086317815736401821 0.0091509639334981328 0.0016155475517497303 0.0025740239622869662 0.0032458823081105946 -0.0083635735069401557 -0.0028256162758916615 -0.0012176548969000578 -6.2489410241444904e-05 0.005689836020270983 -0.0066171629389683746
leaf_weight=28 30 6.0000000000000027 5.9999999999999991 20 4.9999999999999991 41 9.0000000000000053 4.9999999999999991 4.9999999999999991 15.999999999999998 4.9999999999999991 6.0000000000000027 8.9999999999999982 9.9999999999999982 16.000000000000004 13.000000000000002 8.9999999999999982 18 7.9999999999999991 15.999999999999998 15.999999999999998 49 6.9999999999999991 7.9999999999999991 11.999999999999998 65 11.999999999999998 8.9999999999999982 8.9999999999999982 29
leaf_count=28 30 6 6 20 5 41 9 5 5 16 5 6 9 10 16 13 9 18 8 16 16 49 7 8 12 65 12 9 9 29
internal_value=9.65521e-12 0.00211298 -0.000411422 0.00106397 0.00433333 -0.000212632 0.00199682 0.00626222 -0.00229933 -0.00120923 -0.000562324 0.000952098 0.0025256 0.00340403 -0.00139209 0.000599487 0.00241119 -0.00422822 -0.00321822 0.00617191 0.00566778 0.00269205 -0.00293333 -0.00259265 -0.0031554 -0.00368867 -0.00362661 0.00392315 0.0013306 -0.00503682
internal_weight=497 81 416 146 41 105 51 23 54 270 213 122 73 64 49 59 39 24 49 22 36 59 20 91 83 77 57 18 25 41
internal_count=497 81 416 146 41 105 51 23 54 270 213 122 73 64 49 59 39 24 49 22 36 59 20 91 83 77 57 18 25 41
is_linear=0
shrinkage=0.03


Tree=98
num_leaves=31
num_cat=0
split_feature=11 66 22 48 7 60 14 8 3 51 78 9 47 55 73 49 3 70 26 63 3 25 50 6 62 65 52 10 36 88
split_gain=0.474887 0.650784 0.725369 0.572673 0.518054 0.500621 0.480816 0.47224 0.528195 0.506124 0.452634 0.444716 0.43013 0.41816 0.40142 0.572979 0.638428 0.443392 0.511907 0.392954 0.3805 0.355466 0.353081 0.314934 0.295277 0.281554 0.274788 0.37178 0.293208 0.27238
threshold=-0.1737558975098695 8.7773745463646637 0.12489800592314339 -0.34482236544498585 1.0813863758191049 -0.069026921900281216 0.97432085726478046 -1.0524537932504792 -0.75428532649010227 0.090405935186524081 105.30257065842386 -1.0736158941645166 -0.61299348234359397 -0.16975610991674922 1.0000000180025095e-35 0.26512973598804429 1.5591882254689098 73.500000000000014 0.062223268535378275 0.0049864335190802434 -0.20035425971051965 0.1078544279840513 -0.11758043826650803 -0.20952543953731953 0.15915883814763121 2.8522230684757237 0.13090086296414802 0.42436294419873416 -0.029501875415361523 1938.9188520746472
decision_type=2 2 2 2 2 2 2 2 2 2 2 2 2 2 2 2 2 2 2 2 2 2 2 2 2 2 2 2 2 2
left_child=1 4 3 -3 6 -5 13 12 9 10 -9 -6 -2 -1 15 16 17 22 26 -17 -4 -7 -10 -24 -15 -14 27 28 -19 -25
right_child=7 2 20 5 11 21 -8 8 14 -11 -12 -13 25 24 -16 19 -18 18 -20 -21 -22 -23 23 29 -26 -27 -28 -29 -30 -31
leaf_value=0.0042556274388916788 -0.01117705413273402 0.0095549127040430899 0.005431728028692304 0.0053256679519724402 0.012354924917221061 -0.0041679437085986116 0.0035623923344537613 -0.00063191310720867478 -9.0467657131904907e-05 -0.0022590753994882105 0.0055166820673780009 0.0019319786862303902 0.0036314425170421599 -0.0027491893099850818 -0.0073316546777884156 -0.0012037193812429899 -0.0066454098724122897 0.0021710767038166513 0.0055714367330074307 0.0064737170636653902 0.017135567665100101 0.0049316571056842798 0.00010901175487293478 -0.0037754797493107614 0.0036795004350798468 -0.0054435036401264368 -0.0055676543992012736 0.0066713002962725506 -0.0057223813561722613 -0.010630084984004497
leaf_weight=9.9999999999999982 7.0000000000000027 7.9999999999999991 5 12.999999999999995 5.0000000000000027 17.000000000000007 20 15.999999999999998 55 19 33 13.999999999999998 4.9999999999999991 79 8.9999999999999982 10.000000000000002 19 9.0000000000000018 18 14.999999999999998 4.9999999999999982 4.9999999999999991 17 40 6.9999999999999991 7.9999999999999991 7.9999999999999991 6.9999999999999991 8.0000000000000018 5.9999999999999991
leaf_count=10 7 8 5 13 5 17 20 16 55 19 33 14 5 79 9 10 19 9 18 15 5 5 17 40 7 8 8 7 8 6
internal_value=1.61623e-13 0.00118888 0.0040059 0.0023134 8.29407e-05 0.000658198 -0.000669184 -0.000723332 -0.000414808 0.00189732 0.00350898 0.00467486 -0.00518151 -0.00155076 -0.00112623 -0.000862793 -0.00143305 -0.000843559 0.00152409 0.00340274 0.0112836 -0.00209985 -0.0018468 -0.0033801 -0.00222592 -0.00195314 -0.000752547 0.000852489 -0.00154349 -0.00466956
internal_weight=497 188 53 43 135 35 116 309 289 68 49 19 20 96 221 212 187 168 50 25 10 22 118 63 86 13 32 24 17 46
internal_count=497 188 53 43 135 35 116 309 289 68 49 19 20 96 221 212 187 168 50 25 10 22 118 63 86 13 32 24 17 46
is_linear=0
shrinkage=0.03


Tree=99
num_leaves=31
num_cat=0
split_feature=11 29 60 53 8 3 51 79 54 52 85 81 78 47 73 49 3 70 26 63 50 89 6 75 13 75 47 65 56 52
split_gain=0.446821 0.613864 0.646826 0.539336 0.444331 0.496978 0.476212 0.441886 0.619872 0.536771 0.56382 0.460829 0.425883 0.404709 0.377696 0.539116 0.600697 0.417188 0.481654 0.36973 0.332214 0.298119 0.296321 0.290768 0.273325 0.267775 0.311447 0.264914 0.260045 0.258548
threshold=-0.1737558975098695 0.099857817309769337 -0.10647463115888457 -0.0049470663889336968 -1.0524537932504792 -0.75428532649010227 0.090405935186524081 34.225622186469884 0.062596705335909844 -0.010246701629915729 0.027183029800653461 65.388693859974111 105.30257065842386 -0.61299348234359397 1.0000000180025095e-35 0.26512973598804429 1.5591882254689098 73.500000000000014 0.062223268535378275 0.0049864335190802434 -0.11758043826650803 0.11161724522265287 -0.20952543953731953 0.19433516915814322 -0.65466270812982419 0.089087301587301604 0.46167359529354463 2.8522230684757237 0.032264997733843663 0.13090086296414802
decision_type=2 2 2 2 2 2 2 2 2 2 2 2 2 2 2 2 2 2 2 2 2 2 2 2 2 2 2 2 2 2
left_child=1 7 -3 -4 13 6 12 9 -9 10 -1 23 -6 -2 15 16 17 20 29 -17 -7 -13 -22 25 -12 -11 -27 -15 -24 -19
right_child=4 2 3 -5 5 14 -8 8 -10 11 24 21 -14 27 -16 19 -18 18 -20 -21 22 -23 28 -25 -26 26 -28 -29 -30 -31
leaf_value=0.0043613649930339306 -0.01084174256239618 0.014937397778034199 -0.00078851923080427262 0.0080883659557862749 -0.00061295570441870944 -8.775366114621812e-05 -0.0021913031309745029 0.011028866437263781 0.00041520073723334529 0.0018163167249242013 0.00062068047816865146 -0.0089947308003902431 0.0053511815115978769 0.0035224994122982022 -0.0071117050449053436 -0.0011676078848540778 -0.0064460476807710766 0.00082691462943330408 0.0054042936706294618 0.0062795055657625196 0.00010574141483041732 -0.00015997880731116642 -0.0031894326251109733 -0.00089203187331025088 -0.0044998757887718286 0.009359701298750361 0.001510821318786059 -0.0052801984583493323 -0.0083262498932890582 -0.0054006248619407416
leaf_weight=9.9999999999999982 7.0000000000000027 5.0000000000000027 14.000000000000005 10.999999999999995 15.999999999999998 55 19 8.0000000000000018 12.999999999999998 22 11.999999999999998 4.9999999999999991 33 4.9999999999999991 8.9999999999999982 10.000000000000002 19 24 18 14.999999999999998 17 10.999999999999998 34 13.999999999999998 43 13.000000000000002 6.9999999999999991 7.9999999999999991 11.999999999999998 7.9999999999999991
leaf_count=10 7 5 14 11 16 55 19 8 13 22 12 5 33 5 9 10 19 24 18 15 17 11 34 14 43 13 7 8 12 8
internal_value=-6.35951e-12 0.00115321 0.00508732 0.00311731 -0.000701632 -0.000402364 0.0018404 0.000406232 0.0044585 -0.000214919 -0.00219127 0.00156929 0.00340371 -0.00502606 -0.00109244 -0.000836909 -0.00139006 -0.000818252 0.00147836 0.00330066 -0.00179139 -0.00292084 -0.0032787 0.00285219 -0.00338266 0.00410026 0.00661259 -0.00189455 -0.00452947 -0.00072997
internal_weight=497 188 30 25 309 289 68 158 21 137 65 72 49 20 221 212 187 168 50 25 118 16 63 56 55 42 20 13 46 32
internal_count=497 188 30 25 309 289 68 158 21 137 65 72 49 20 221 212 187 168 50 25 118 16 63 56 55 42 20 13 46 32
is_linear=0
shrinkage=0.03


Tree=100
num_leaves=31
num_cat=0
split_feature=93 20 4 58 59 39 35 51 0 55 93 78 78 9 13 7 84 30 49 87 7 65 63 63 85 15 48 34 79 52
split_gain=0.434701 0.879018 0.717331 0.592538 0.550149 0.450539 0.439886 0.67993 0.583701 0.470839 0.460003 0.450667 0.432011 0.423068 0.400948 0.381783 0.35037 0.340398 0.437365 0.369186 0.320906 0.355498 0.33545 0.303626 0.289825 0.289683 0.28318 0.276606 0.268292 0.262019
threshold=6710.5000000000009 0.2140895658207819 0.21909305873618659 0.014173152731198636 -0.12595987782996512 1.4060571995082782 0.23175931993687085 -0.0068324500534223112 -0.53511947550462236 -0.01228990731916854 13224.500000000002 120.57412562692903 98.556219260523093 -0.15951670980770213 -0.10712436424246212 0.28274047686663628 0.050496160984039314 0.11690172289616438 0.26512973598804429 113.74080882352943 0.28274047686663628 10.518489599227907 0.01724797904839508 -0.0021340309069404618 0.052545914426445968 0.28256183479546987 0.11985453082736454 -1.0000000180025095e-35 33.335440028901488 -1.0000000180025095e-35
decision_type=2 2 2 2 2 2 2 2 2 2 2 2 2 2 2 2 2 2 2 2 2 2 2 2 2 2 2 2 2 2
left_child=1 2 13 12 -4 -6 7 10 14 11 23 -10 -3 15 29 28 -12 18 20 -19 21 -8 -22 -2 -23 -18 27 -15 -1 -9
right_child=6 3 4 -5 5 -7 17 8 9 -11 16 -13 -14 26 -16 -17 25 19 -20 -21 22 24 -24 -25 -26 -27 -28 -29 -30 -31
leaf_value=-0.0075463350330080281 0.0033992992490530006 0.0091133259236812533 0.0080060288608074185 0.01226606248319149 -0.003131766857151858 0.0049040129408240317 0.00033702986041569841 0.0018807015381753439 0.0022969210957526228 -0.0057385395949401345 0.0063286889577284459 -0.0050569901615381239 -0.0024325057491660115 0.0061563575305044636 -0.00035753368064761162 0.0037462922629828638 -0.00098751386134501764 -0.011656589359045021 0.0036457958221435545 -0.002542489825282246 -0.0013216126687824725 -0.0002129359170794486 -0.0063418187326549184 0.013854216277599337 -0.0074720974037931721 0.0037191020480046668 0.0083453912570673437 -0.0010931410019596416 0.00075965332133429381 0.010746685104240896
leaf_weight=7.0000000000000018 5 5.0000000000000018 4.9999999999999991 9.9999999999999982 61 6.9999999999999991 69 6 20 29 11.999999999999998 11.999999999999998 7 10 25 12.999999999999998 34 6.0000000000000027 14.999999999999998 11.999999999999998 25 9.0000000000000018 23 4.9999999999999982 10.999999999999998 18 13.999999999999998 9 7 5.9999999999999982
leaf_count=7 5 5 5 10 61 7 69 6 20 29 12 12 7 10 25 13 34 6 15 12 25 9 23 5 11 18 14 9 7 6
internal_value=7.59803e-12 0.00131791 0.00039907 0.00687271 -0.00159835 -0.00230455 -0.000597298 0.000472343 -0.00116671 -0.00296989 0.00264298 -0.000460796 0.00237826 0.00282926 0.00180611 4.42603e-05 0.00170801 -0.00167952 -0.00121756 -0.00558052 -0.00175005 -0.000683758 -0.00372713 0.00862676 -0.00420547 0.000641699 0.0051079 0.00272238 -0.00339334 0.00631369
internal_weight=497 155 133 22 73 68 342 172 98 61 74 32 12 60 37 27 64 170 152 18 137 89 48 10 20 52 33 19 14 12
internal_count=497 155 133 22 73 68 342 172 98 61 74 32 12 60 37 27 64 170 152 18 137 89 48 10 20 52 33 19 14 12
is_linear=0
shrinkage=0.03


Tree=101
num_leaves=31
num_cat=0
split_feature=50 77 49 43 33 42 53 9 41 41 36 34 50 40 64 86 40 2 51 57 5 49 43 29 62 75 22 51 31 12
split_gain=0.410985 0.565491 0.647999 0.508291 0.551285 0.517266 0.463122 0.444927 0.456133 0.625784 0.463468 0.453023 0.545615 0.436337 0.434182 0.364007 0.3568 0.353181 0.345537 0.347013 0.332598 0.332033 0.318064 0.314109 0.306725 0.306627 0.277379 0.392598 0.270709 0.233236
threshold=0.11197300781538014 1.5000000000000002 0.2985180658265088 -0.56512734248313434 -1.1913508521200269 -0.3368062620771885 0.029489089365291234 0.081417964055384609 -0.23316102684615359 -0.17100013218935553 2.0424206128629705 -0.30761879423556021 -0.11758043826650803 0.27730797698050591 10.426594807569133 0.20954659659280958 -0.63194330888336792 -0.46582410726979051 -0.045639905766653922 0.14396936112400247 0.94304543515510209 0.33433948452100387 0.47495215475279234 0.021605077119980876 0.05423124363415141 0.18090909090909094 -0.11673972188249314 -0.26867728131401697 -0.021124683901410517 -0.52496053542358501
decision_type=2 2 2 2 2 2 2 2 2 2 2 2 2 2 2 2 2 2 2 2 2 2 2 2 2 2 2 2 2 2
left_child=1 2 7 6 5 -5 28 8 24 -10 18 12 14 -6 16 26 -9 -8 29 -20 -14 -4 -15 -3 -1 -23 27 -13 -2 -11
right_child=3 23 21 4 13 -7 17 11 9 10 -12 15 20 22 -16 -17 -18 -19 19 -21 -22 25 -24 -25 -26 -27 -28 -29 -30 -31
leaf_value=-0.0012604701281525193 -0.0049914030730724319 -0.00202094024022747 0.0089291204015413874 0.0074803235642611982 -0.0034291627612681344 0.00025558743414215066 0.010676453127102416 0.0083867636322975132 -0.012186620980501175 -0.0010702645885092865 -0.0091434092272538684 -0.0054153237864375085 0.0056463833557707918 -0.0007211724727561597 -0.0044788802545517679 0.0025640101723062498 -0.00026933082006871695 0.0035991969192400567 -0.0012679657562236701 0.0069127426743507379 -0.0015170707305826778 0.004844807293266056 0.0061251858000953988 -0.00822069691377692 0.0044145760387182239 -0.0030558601447514123 -0.0039755758203433031 0.0032861333965723003 0.0034383646713104102 -0.0080752961405298924
leaf_weight=20 6 19.000000000000004 9.0000000000000018 14.999999999999998 39 22 11 6.0000000000000009 5.9999999999999991 7.0000000000000027 7.9999999999999991 7.0000000000000027 35 19.000000000000004 14.999999999999998 18 15 15 70 4.9999999999999991 6.9999999999999991 12.000000000000002 8.9999999999999982 11.999999999999998 14.999999999999998 6.9999999999999991 35 13.999999999999998 7.9999999999999982 10.999999999999998
leaf_count=20 6 19 9 15 39 22 11 6 6 7 8 7 35 19 15 18 15 15 70 5 7 12 9 12 15 7 35 14 8 11
internal_value=-1.65207e-11 -0.000550998 -0.000178435 0.00135071 0.000245335 0.00318453 0.00422469 -0.000593758 -0.00180121 -0.00277365 -0.00221447 0.000534256 0.0021295 -0.00137781 -0.000580627 -0.00114722 0.00220384 0.00659342 -0.00161843 -0.000722585 0.00445247 0.00418246 0.00147944 -0.00442085 0.00117169 0.00193404 -0.00234012 0.000385648 -0.000174393 -0.00535112
internal_weight=497 353 322 144 104 37 40 294 142 107 101 152 78 67 36 74 21 26 93 75 42 28 28 31 35 19 56 21 14 18
internal_count=497 353 322 144 104 37 40 294 142 107 101 152 78 67 36 74 21 26 93 75 42 28 28 31 35 19 56 21 14 18
is_linear=0
shrinkage=0.03


Tree=102
num_leaves=31
num_cat=0
split_feature=93 45 51 20 4 38 8 93 54 42 85 52 56 84 56 46 21 28 10 25 43 15 35 52 35 34 93 0 8 17
split_gain=0.399447 0.585491 0.751237 0.497732 0.768233 0.490456 0.45069 0.465354 0.630384 0.396347 0.372638 0.368265 0.365138 0.346155 0.470902 0.338724 0.369072 0.32927 0.304911 0.303766 0.404461 0.291142 0.273903 0.270171 0.260225 0.250728 0.247324 0.243948 0.240549 0.233867
threshold=32302.000000000004 -0.3537048062754245 0.035450662188633401 0.16677780430309594 0.77953403693602608 -0.839047901685393 1.0370146835166132 1455.5000000000002 -0.10951439277630684 -0.75324511925979798 0.055128514766693122 -0.32594847710241626 0.067594123924596114 0.056151507422328002 -0.043607323039208661 1.2526031478255411 0.18640829614233514 -0.022228686052818841 0.20881948217906501 -0.12230154335398144 -0.092324165425786461 -1.1616042164230778 -0.96692562384207681 0.13384298038000103 0.81188126508732761 1.7500837975118224 217628.00000000003 1.5529049364169154 1.4814937545149691 -0.14123702068171182
decision_type=2 2 2 2 2 2 2 2 2 2 2 2 2 2 2 2 2 2 2 2 2 2 2 2 2 2 2 2 2 2
left_child=1 2 15 6 5 -5 7 8 -3 10 -9 -2 -7 23 18 16 -1 -10 29 22 -21 -16 -11 -13 28 26 27 -23 -8 -15
right_child=11 3 -4 4 -6 12 24 9 17 19 -12 13 -14 14 21 -17 -18 -19 -20 20 -22 25 -24 -25 -26 -27 -28 -29 -30 -31
leaf_value=-0.0013474653975572436 -0.0082778108119964597 0.0046044540256261826 -0.0051778820678591731 -0.0060970967486500688 0.012935087252408266 0.0020045882551685754 0.0097895623743534006 0.010366854602470995 -0.00048324602306820452 4.6469274384435256e-05 0.00047658680006861675 0.0022193270919524367 0.010019718461803028 -0.0095872607330481207 -0.007322473774664104 0.0076028985716402519 0.0067606088891625409 -0.006039240544196218 -0.00077572687226347631 0.0028808375755959952 -0.0022822652326431121 0.0038710381533019244 0.0087815387759889885 -0.0025171103298531048 -0.00056845221136297497 -0.0027820159460783802 -0.0013414899125281307 -0.0007159557650447823 0.003176227333870801 -0.0039763650038870625
leaf_weight=32 5.9999999999999991 9.9999999999999982 30 5.0000000000000027 7.9999999999999991 19.000000000000004 9.0000000000000053 7.9999999999999982 15.999999999999998 6 6 48 6.9999999999999991 8.9999999999999982 4.9999999999999991 5.9999999999999991 5.9999999999999991 24 20 22 36 30 6.9999999999999982 13.999999999999998 6.9999999999999991 21 27 15.999999999999998 10.999999999999998 26
leaf_count=32 6 10 30 5 8 19 9 8 16 6 6 48 7 9 5 6 6 24 20 22 36 30 7 14 7 21 27 16 11 26
internal_value=-3.02165e-12 0.000764157 -0.00151722 0.00160407 0.00464668 0.00250773 0.000871587 0.000163938 -0.00213258 0.00151483 0.00612817 -0.000946591 0.00416251 -0.000742946 -0.00150496 0.000978685 -6.72431e-05 -0.00381684 -0.00373064 0.000605161 -0.000323847 -0.000268476 0.00474997 0.00114981 0.00440983 0.000106737 0.000937748 0.00227556 0.00615223 -0.00541917
internal_weight=497 275 74 201 39 31 162 135 50 85 14 222 26 216 154 44 38 40 55 71 58 99 13 62 27 94 73 46 20 35
internal_count=497 275 74 201 39 31 162 135 50 85 14 222 26 216 154 44 38 40 55 71 58 99 13 62 27 94 73 46 20 35
is_linear=0
shrinkage=0.03


Tree=103
num_leaves=31
num_cat=0
split_feature=93 20 4 11 67 39 35 51 0 48 55 78 9 58 30 7 14 30 49 59 29 66 7 65 63 86 24 85 48 34
split_gain=0.379097 0.751109 0.618904 0.521501 0.496344 0.479788 0.386816 0.602368 0.527722 0.412824 0.410846 0.398415 0.380335 0.356935 0.344665 0.334585 0.320262 0.30527 0.380786 0.33111 0.304359 0.290911 0.290668 0.309513 0.29551 0.285548 0.262646 0.256843 0.251465 0.242585
threshold=6710.5000000000009 0.2140895658207819 0.21909305873618659 -0.31738732514848306 21.500000000000004 0.47200073362589728 0.23175931993687085 -0.0068324500534223112 -0.53511947550462236 -0.34878495067121307 -0.01228990731916854 120.98865292245371 -0.15951670980770213 0.065318617992465827 0.081613268089049007 0.28274047686663628 -0.47827930605971425 0.11690172289616438 0.26512973598804429 -0.022064037545291116 0.0021698934397453647 2.9500000000000006 0.28274047686663628 10.518489599227907 0.01724797904839508 0.041073102155576392 0.044059215125714417 0.052545914426445968 0.11985453082736454 -1.0000000180025095e-35
decision_type=2 2 2 2 2 2 2 2 2 2 2 2 2 2 2 2 2 2 2 2 2 2 2 2 2 2 2 2 2 2
left_child=1 2 12 -3 5 -4 7 9 13 -2 11 -10 15 14 21 -1 20 18 22 -19 -11 -9 23 -8 -24 -5 -6 -25 29 -14
right_child=6 3 4 25 26 -7 17 8 10 16 -12 -13 28 -15 -16 -17 -18 19 -20 -21 -22 -23 24 27 -26 -27 -28 -29 -30 -31
leaf_value=-0.0032200171958122925 0.0067545423551928253 0.012475730124860996 -0.0031363094095140684 0.0060674129923184716 -0.0055728306556525435 0.0053471019072458149 0.00033527912189880302 0.012200943768024436 0.0019544893615862486 0.010453840319532903 -0.0053982729451923532 -0.0050933833234012129 0.005767086658626794 -0.0049684225022792817 -3.7337921967264264e-05 0.0034637404906635097 0.00017284814146873744 -0.00016630704115544039 0.0034027368798851963 -0.0085126874799078163 0.00089833717793226227 0.0033383321736473589 -0.001255865256115794 -0.00014475178594390545 -0.0059677418187746535 -0.0028742543980479237 -0.0011306814260780812 -0.0069784033165143974 0.0078500047771792314 -0.0010219566275676091
leaf_weight=14.000000000000002 15.999999999999998 8.0000000000000018 10.000000000000002 8.9999999999999982 23 14.999999999999998 69 5.0000000000000027 21 5.9999999999999982 29 10.999999999999998 10 5.9999999999999991 15.999999999999998 12.999999999999998 46 7.0000000000000027 14.999999999999998 10.999999999999998 6 9.9999999999999982 25 9.0000000000000018 23 4.9999999999999991 25 10.999999999999998 13.999999999999998 9
leaf_count=14 16 8 10 9 23 15 69 5 21 6 29 11 10 6 16 13 46 7 15 11 6 10 25 9 23 5 25 11 14 9
internal_value=-9.9767e-12 0.00123074 0.000381376 0.00636551 -0.00147395 0.00195374 -0.00055779 0.000445256 -0.00109748 0.00248833 -0.00281201 -0.000468217 0.0026387 0.00172919 0.0030255 -1.91164e-06 0.00131145 -0.00157264 -0.00113516 -0.00526687 0.00567609 0.00629254 -0.00163201 -0.000617202 -0.00351364 0.00287396 -0.00325921 -0.00390326 0.00479919 0.00255122
internal_weight=497 155 133 22 73 25 342 172 98 74 61 32 60 37 31 27 58 170 152 18 12 15 137 89 48 14 48 20 33 19
internal_count=497 155 133 22 73 25 342 172 98 74 61 32 60 37 31 27 58 170 152 18 12 15 137 89 48 14 48 20 33 19
is_linear=0
shrinkage=0.03


Tree=104
num_leaves=31
num_cat=0
split_feature=39 1 51 45 36 81 15 24 85 48 37 55 82 68 32 65 82 93 20 24 50 58 12 12 55 59 45 89 4 2
split_gain=0.363783 0.423155 0.537485 0.531936 0.515065 0.448082 0.605536 0.573064 0.413156 0.41064 0.463776 0.363863 0.333267 0.324159 0.320185 0.314894 0.321474 0.309129 0.298659 0.280955 0.262647 0.244162 0.239572 0.403525 0.365952 0.233535 0.231192 0.22972 0.227483 0.224155
threshold=1.0777768827841976 0.7003344292692405 -0.22798041565055296 -0.31592157426757278 1.2960598072950413 59.785401129680977 -0.11392304272288915 0.06246811842576027 0.075665734708309187 -0.10214003199604889 -0.64351554684688816 -0.15857845412476171 5.4853295670913198 1546.2788413413416 1.6151772361966246 11.703599929809572 9.6580354537222348 13913.500000000002 -0.12322391846044914 0.11697296329471929 0.21443254732832145 0.04293684011840581 1.1472232819848018 0.58091678964434512 0.048097158186905235 0.057636341580918744 -0.44749121986561924 0.094740816511430306 0.90682865341255359 -1.6463718434045516
decision_type=2 2 2 2 2 2 2 2 2 2 2 2 2 2 2 2 2 2 2 2 2 2 2 2 2 2 2 2 2 2
left_child=1 2 28 4 11 6 7 21 15 26 13 -4 -12 -11 18 16 -2 -10 -8 -17 27 -5 23 29 -25 -6 -3 -14 -1 -7
right_child=8 9 3 5 25 22 14 -9 17 10 12 -13 20 -15 -16 19 -18 -19 -20 -21 -22 -23 -24 24 -26 -27 -28 -29 -30 -31
leaf_value=-0.0062344571426510799 0.0035923620779067275 -0.00047123678028583501 -0.0072531596943736076 0.00066895306757133873 -0.011032402068376541 0.0052081657387316226 0.0014095451252069324 0.008474931679666042 0.0089042485539208727 0.0047394951246678817 -0.0067313248757272957 0.00050118309209395539 -0.0046671064450454552 -0.0022335853055119514 -1.117627165513113e-05 -0.0051386562476937571 -0.0028722834090391795 0.0017919518550942566 0.007911071092821657 0.0023161023562507967 0.004676693174988031 -0.0046334685198962684 -0.0052569484125290595 0.010859714299440385 -0.00012955690920352935 -0.0032027866883436217 -0.0073765552975237365 -0.00076983753519016312 -0.00039302082359790797 -0.00086448807560373091
leaf_weight=15.000000000000002 30 6.0000000000000027 5.9999999999999991 27 5.9999999999999991 5.9999999999999991 7.9999999999999991 6.9999999999999991 11.000000000000002 18.000000000000004 11.999999999999998 59 19 8.9999999999999982 7.9999999999999991 13.000000000000002 8.9999999999999982 10.999999999999998 31 6.9999999999999991 5.9999999999999991 10.999999999999998 6.9999999999999991 5.9999999999999982 5 7.9999999999999991 15.999999999999998 48 9.9999999999999982 62
leaf_count=15 30 6 6 27 6 6 8 7 11 18 12 59 19 9 8 13 9 11 31 7 6 11 7 6 5 8 16 48 10 62
internal_value=3.07611e-12 -0.000358146 0.000301411 0.000709903 -0.00133881 0.00161916 0.00307444 0.000587069 0.00183937 -0.00174617 -0.00101013 -0.000214602 -0.00209815 0.00241513 0.00545596 0.000531025 0.00210052 0.0053481 0.00657742 -0.00252949 -0.00133654 -0.000865958 6.23558e-05 0.000533687 0.00586459 -0.00655834 -0.00549329 -0.00187503 -0.00389788 -0.000328666
internal_weight=497 416 282 257 79 178 92 45 81 134 112 65 85 27 47 59 39 22 39 20 73 38 86 79 11 14 22 67 25 68
internal_count=497 416 282 257 79 178 92 45 81 134 112 65 85 27 47 59 39 22 39 20 73 38 86 79 11 14 22 67 25 68
is_linear=0
shrinkage=0.03


Tree=105
num_leaves=31
num_cat=0
split_feature=11 62 19 42 7 43 20 55 8 3 51 78 47 80 15 73 49 3 93 67 54 63 14 22 62 39 28 65 19 22
split_gain=0.349406 0.515957 0.717735 0.531996 0.470592 0.458933 0.406792 0.380529 0.366676 0.382239 0.37751 0.351806 0.339923 0.333134 0.31284 0.306244 0.436375 0.475697 0.32673 0.34338 0.381953 0.298596 0.279229 0.246704 0.278201 0.244959 0.230758 0.224235 0.221272 0.218184
threshold=-0.1737558975098695 0.044415535612195793 0.076701423791713255 -0.29633411021474237 0.99571196705515619 -0.84968190034634949 0.040284396452455636 -0.017897626964899872 -1.0524537932504792 -0.75428532649010227 0.090405935186524081 105.30257065842386 -0.61299348234359397 75.006834152537309 0.43774998258356435 1.0000000180025095e-35 0.26512973598804429 1.5591882254689098 5345.5000000000009 31.500000000000004 -0.0058863124766386351 0.0049864335190802434 -0.55923847656915482 -0.12325699666321792 -0.10635024728396152 1.1512586489141217 0.091754802290123713 2.8522230684757237 0.018946901356934682 0.095233192792342242
decision_type=2 2 2 2 2 2 2 2 2 2 2 2 2 2 2 2 2 2 2 2 2 2 2 2 2 2 2 2 2 2
left_child=1 4 6 -4 5 -1 13 -6 12 10 11 -10 -2 -3 25 16 17 18 19 -11 -21 -18 -16 -20 -25 29 28 -14 -26 -7
right_child=8 2 3 -5 7 14 -8 -9 9 15 -12 -13 27 -15 22 -17 21 -19 23 20 -22 -23 -24 24 26 -27 -28 -29 -30 -31
leaf_value=0.0044298473712322964 -0.0098787643866879559 0.00044605500355828539 0.014735818760735641 0.004329131026752293 0.011740810990333552 -0.0040143934710483468 -0.0035469382908195255 0.0016045958362519742 -0.00064044987602756003 0.0056599593707002118 -0.0019713464859676985 0.0047802324360236518 0.003304887369275093 0.0074260861985385417 0.0080376737862825343 -0.006373865107695261 -0.0010166917629539963 -0.005720632515455547 0.0012212484457064419 0.0040288045223463654 -0.0032331200747285037 0.0056758007779717443 -2.7302825166022073e-05 0.0016754496200010181 -0.0020523102215815312 0.0013705378358385392 -6.4120528155139515e-07 -0.0047937997430562975 -0.0055193589595146477 -6.9978869355776739e-05
leaf_weight=13.999999999999998 7.0000000000000027 16.000000000000004 7.0000000000000027 11.999999999999998 5.0000000000000009 49 11.999999999999998 9.9999999999999964 15.999999999999998 12.999999999999998 19 33 4.9999999999999991 9.9999999999999982 5.0000000000000027 8.9999999999999982 10.000000000000002 19 25 11.000000000000002 15.999999999999998 14.999999999999998 17 14.999999999999998 37 13.999999999999998 21 7.9999999999999991 30 17
leaf_count=14 7 16 7 12 5 49 12 10 16 13 19 33 5 10 5 9 10 19 25 11 16 15 17 15 37 14 21 8 30 17
internal_value=7.20979e-12 0.00101978 0.00340236 0.00816317 -1.69106e-05 -0.000663494 0.00102196 0.00498333 -0.000620451 -0.000348589 0.00161831 0.00301021 -0.00454887 0.00313068 -0.00136258 -0.000953788 -0.00072369 -0.00122135 -0.000712502 0.00165416 -0.000274558 0.0029988 0.00180565 -0.00145208 -0.00210095 -0.00223384 -0.00274466 -0.00167892 -0.00360472 -0.00299841
internal_weight=497 188 57 19 131 116 38 15 309 289 68 49 20 26 102 221 212 187 168 40 27 25 22 128 103 80 88 13 67 66
internal_count=497 188 57 19 131 116 38 15 309 289 68 49 20 26 102 221 212 187 168 40 27 25 22 128 103 80 88 13 67 66
is_linear=0
shrinkage=0.03


Tree=106
num_leaves=31
num_cat=0
split_feature=93 45 51 60 56 80 81 43 28 5 48 84 56 46 44 46 21 10 49 15 4 29 42 49 29 34 55 12 88 1
split_gain=0.336281 0.49627 0.634545 0.431706 0.506412 0.623124 0.481856 0.520305 0.43576 0.417683 0.392079 0.313084 0.394609 0.311953 0.306241 0.290266 0.31851 0.284761 0.284505 0.307269 0.254613 0.288373 0.250164 0.230455 0.226319 0.222757 0.205398 0.314089 0.191091 0.185514
threshold=32302.000000000004 -0.3537048062754245 0.035450662188633401 -0.17925600040249709 -0.063676721020631918 107.82515719039354 48.378052193769115 -0.40233202966564691 -0.10047730170594121 0.20464789417089649 -0.26768597841927727 0.056151507422328002 -0.071631820631504375 -0.059235618747609013 -0.20997866483427652 1.2526031478255411 0.18640829614233514 0.20881948217906501 0.31755726427890646 -0.30638972597601966 -0.19381044631312735 -0.049348583922349691 -0.75324511925979798 -0.12738339025492723 -0.025216538155680007 -1.6500871305200084 -0.12803560993523153 0.621142633201199 1634.7123972333864 -0.090631126274551596
decision_type=2 2 2 2 2 2 2 2 2 2 2 2 2 2 2 2 2 2 2 2 2 2 2 2 2 2 2 2 2 2
left_child=1 2 15 29 13 6 -6 9 -9 -8 -10 20 17 14 -5 16 28 -13 19 24 -2 -22 -12 -21 -14 -15 -25 -28 -1 -3
right_child=11 3 -4 4 5 -7 7 8 10 -11 22 12 18 25 -16 -17 -18 -19 -20 23 21 -23 -24 26 -26 -27 27 -29 -30 -31
leaf_value=0.001055402832571417 -0.0012809512965031898 -0.008687921851873396 -0.004763589847832918 -0.0069625457127888996 0.0084688276729800466 0.011790938207081386 0.0021132061803740836 -0.004387166546657684 0.0072722670063376481 0.0094233972951769836 0.0059604709595441887 -0.0060019693423349124 -0.009975189507007591 -0.0038849327247589827 -0.00047347200626973062 0.0070267501100897784 0.0062693549320101735 -0.0010932827927172184 0.005207872592977115 0.0020825316782317645 -0.00079291721889083934 0.0047148392180150203 -0.00069889833198182895 0.002449908571487123 -0.0025396966382062857 0.0022856315237275043 -0.00099565180205350191 -0.0071586772799491875 -0.003581156451255083 -0.00051570662297308458
leaf_weight=15.999999999999998 27 5 30 8.9999999999999982 10.999999999999998 6.9999999999999991 16.999999999999996 13.999999999999991 8.9999999999999911 11.999999999999998 5.999999999999992 26 5.0000000000000027 5.9999999999999991 24 5.9999999999999991 5.9999999999999991 18 6.9999999999999991 26 13.999999999999998 22 33.000000000000028 10.999999999999998 13.999999999999998 43 43 8.9999999999999982 15.999999999999998 4.9999999999999982
leaf_count=16 27 5 30 9 11 7 17 14 9 12 6 26 5 6 24 6 6 18 7 26 14 22 33 11 14 43 43 9 16 5
internal_value=-6.10214e-12 0.000701139 -0.00139923 0.00147441 0.00179254 0.00313237 0.00253815 0.00182126 0.000269827 0.00513811 0.00162812 -0.000868528 -0.00157769 1.15405e-05 -0.00224322 0.000894649 -7.35771e-05 -0.00399387 -0.000653243 -0.00103313 0.000921269 0.00257293 0.00032562 -0.000293779 -0.00449641 0.00153005 -0.00127448 -0.00206233 -0.00126288 -0.00460181
internal_weight=497 275 74 201 191 109 102 91 62 29 48 222 159 82 33 44 38 44 115 108 63 36 39 89 19 49 63 52 32 10
internal_count=497 275 74 201 191 109 102 91 62 29 48 222 159 82 33 44 38 44 115 108 63 36 39 89 19 49 63 52 32 10
is_linear=0
shrinkage=0.03


Tree=107
num_leaves=31
num_cat=0
split_feature=8 45 20 93 7 53 62 48 8 15 47 65 93 0 62 33 79 59 12 13 37 15 50 37 5 43 5 48 51 2
split_gain=0.319121 0.366047 0.351272 0.535339 0.485634 0.465036 0.308232 0.28353 0.354925 0.296919 0.365794 0.407043 0.290862 0.285496 0.279394 0.302851 0.269762 0.261243 0.257528 0.251925 0.24347 0.242415 0.245889 0.240514 0.238643 0.230597 0.291012 0.226057 0.221305 0.213005
threshold=1.07510268137137 0.054294514557217517 0.16677780430309594 794.00000000000011 0.8874953804102339 0.034283213494365729 -0.22623668830237065 0.15071926497936913 0.405236478238512 -0.12862213627718608 0.64902458038974464 5.733525127172471 447960.00000000006 -4.194222284074784 -0.10635024728396152 -3.2841056986613304 22.505232981631483 0.030614502775446879 0.86986809857592828 -0.59229333099438874 -1.3209978146560706 -0.25193711216402515 0.12338956956703362 0.2253831812458659 -0.607158813045649 0.73351372227808953 0.53620094549614783 -0.15548341213401876 0.090405935186524081 2.1381991803987201
decision_type=2 2 2 2 2 2 2 2 2 2 2 2 2 2 2 2 2 2 2 2 2 2 2 2 2 2 2 2 2 2
left_child=2 27 6 -4 5 17 -1 9 12 10 11 20 13 -9 -11 -16 -10 28 23 -15 -8 22 -13 24 -17 26 -7 -2 -5 -21
right_child=1 -3 3 4 -6 25 7 8 16 14 -12 21 -14 19 15 18 -18 -19 -20 29 -22 -23 -24 -25 -26 -27 -28 -29 -30 -31
leaf_value=0.0061202449421398335 0.0026791762188076969 0.0044267730188689066 0.0088889653980731963 0.002385955653153359 0.0082885994975055964 0.0064208026800770292 -0.011224520930222096 -0.0044720499240793283 -0.0004951031436212361 0.003675815890758083 0.0021431490126997232 -0.0025948134559238777 -0.0022348031880842188 -0.0024410426492492356 0.0056150282919406888 -0.0010723087766810377 -0.0062489866185933352 -0.0056030369500097415 -0.004963202439248561 0.0023993395457712363 -0.0047640429530292749 -0.0070386622207505353 0.0022464851023895399 -0.0024676554842985102 0.0028843572450315816 -0.0014489531815052032 -0.0001030380738666281 -0.0059578878059983256 -0.0036568419048562647 0.0082924747839570045
leaf_weight=5.9999999999999991 5 28 7.9999999999999991 12.000000000000002 6.9999999999999991 16.000000000000004 7.0000000000000027 5.9999999999999991 22 12.999999999999998 11.999999999999998 29 19 8.9999999999999982 5.9999999999999991 33.999999999999993 10.999999999999998 13.999999999999998 14.999999999999998 69 21 6.9999999999999991 13.999999999999998 42 23.000000000000007 9.9999999999999982 9.9999999999999982 5.9999999999999982 9.9999999999999982 5.9999999999999991
leaf_count=6 5 28 8 12 7 16 7 6 22 13 12 29 19 9 6 34 11 14 15 69 21 7 14 42 23 10 10 6 10 6
internal_value=-1.15012e-11 0.00260508 -0.00022183 0.00149385 0.000744983 1.15759e-05 -0.000624161 -0.000735028 0.000312783 -0.00140224 -0.00273298 -0.00348315 0.00113804 0.00185008 -0.000501745 -0.000954314 -0.00241306 -0.00239943 -0.00130007 0.00230167 -0.00637916 -0.00186139 -0.00101858 -0.000745049 0.000524241 0.00242258 0.00391163 -0.00203195 -0.000360771 0.00287079
internal_weight=497 39 458 87 79 72 371 365 142 223 90 78 109 90 133 120 33 36 114 84 28 50 43 99 57 36 26 11 22 75
internal_count=497 39 458 87 79 72 371 365 142 223 90 78 109 90 133 120 33 36 114 84 28 50 43 99 57 36 26 11 22 75
is_linear=0
shrinkage=0.03


Tree=108
num_leaves=31
num_cat=0
split_feature=93 45 51 56 93 28 62 8 78 52 85 86 84 56 52 75 9 20 42 48 43 10 44 52 34 43 3 84 29 8
split_gain=0.306483 0.458001 0.573239 0.400145 0.595886 0.534443 0.45362 0.313227 0.372289 0.292345 0.285531 0.382432 0.278845 0.383603 0.272069 0.271351 0.370729 0.268333 0.329102 0.267706 0.246935 0.242268 0.236003 0.218315 0.212054 0.209939 0.207993 0.207604 0.201977 0.19748
threshold=32302.000000000004 -0.3537048062754245 0.035450662188633401 0.0056934819765204698 2916.0000000000005 -0.12400967712837931 0.043180513403449916 1.2934671674376259 126.59468661350537 -0.32594847710241626 0.062135884538292892 0.1077046121034391 0.056151507422328002 -0.043607323039208661 0.079205052195961814 0.13473174667204521 -0.15951670980770213 0.24055238744583315 0.67579713425406895 -0.15917766543367062 1.3202017886075981 0.20881948217906501 -0.1785204844577816 0.13384298038000103 1.7500837975118224 -0.30883451864247241 1.3671488807313421 0.093373216688632979 0.025413317910035645 0.051866140905459164
decision_type=2 2 2 2 2 2 2 2 2 2 2 2 2 2 2 2 2 2 2 2 2 2 2 2 2 2 2 2 2 2
left_child=1 2 15 4 7 -5 17 8 22 -2 11 27 23 21 -8 16 -1 18 -7 25 24 -14 -3 29 -15 -12 -13 -6 -10 -11
right_child=9 3 -4 5 10 6 14 -9 28 12 19 26 13 20 -16 -17 -18 -19 -20 -21 -22 -23 -24 -25 -26 -27 -28 -29 -30 -31
leaf_value=-0.0024397949525155112 -0.0073611174896359441 -0.0066938086934387698 -0.0045461180582642554 -0.002519632023759186 0.011118968405893864 0.0027956406599176781 0.005525147126844294 0.0055729766339063635 -0.00062753794435411688 0.00058752160286530848 0.0072453588992357244 -0.0014110491808969523 -0.0048455590895776232 0.0010218083446961828 0.012861079445907047 -0.0018705797489536435 0.0053917996760676889 0.0089873898848891257 -0.0055599993634968996 -0.0028510397991963797 -0.0052688895177561788 -0.00070650309626944352 -0.0020586848292692464 -0.002245196576363274 -0.0024154065582635146 -0.00040205191554767728 0.0048338390048593277 0.0047108135350908227 0.006757166504859924 0.0046109695721636805
leaf_weight=8.0000000000000018 5.9999999999999991 14.999999999999995 30 11.999999999999998 7.0000000000000027 28 13.000000000000002 4.9999999999999991 9.9999999999999982 31 6 12.000000000000002 35 70 6.9999999999999991 19 17 4.9999999999999991 4.9999999999999991 13.999999999999998 7.9999999999999991 20 29.000000000000004 13.999999999999998 21 7.0000000000000018 7.9999999999999991 12.999999999999998 4.9999999999999991 17
leaf_count=8 6 15 30 12 7 28 13 5 10 31 6 12 35 70 7 19 17 5 5 14 8 20 29 14 21 7 8 13 5 17
internal_value=8.73115e-12 0.000669355 -0.00134841 0.00141221 0.000433749 0.00324334 0.00443568 -0.00163646 -0.00224743 -0.000829155 0.00241126 0.00402029 -0.000647712 -0.00133164 0.00809272 0.000831846 0.00288569 0.00251092 0.00152963 2.75271e-05 -0.000215637 -0.00334045 -0.00363884 0.00105108 0.000228605 0.00312752 0.00108691 0.00695367 0.00183403 0.00201249
internal_weight=497 275 74 201 131 70 58 64 59 222 67 40 216 154 20 44 25 38 33 27 99 55 44 62 91 13 20 20 15 48
internal_count=497 275 74 201 131 70 58 64 59 222 67 40 216 154 20 44 25 38 33 27 99 55 44 62 91 13 20 20 15 48
is_linear=0
shrinkage=0.03


Tree=109
num_leaves=31
num_cat=0
split_feature=11 62 19 42 7 43 20 55 8 3 51 47 78 80 22 11 70 73 37 46 15 14 62 62 19 19 54 39 84 7
split_gain=0.294414 0.443959 0.618099 0.456744 0.409969 0.385076 0.353585 0.321277 0.311855 0.323672 0.317373 0.301166 0.298068 0.288132 0.270122 0.412286 0.274286 0.27175 0.324362 0.271395 0.263321 0.243529 0.21881 0.220216 0.349104 0.308838 0.258984 0.210689 0.200183 0.194115
threshold=-0.1737558975098695 0.044415535612195793 0.076701423791713255 -0.29633411021474237 0.99571196705515619 -0.84968190034634949 0.040284396452455636 -0.017897626964899872 -1.0524537932504792 -0.75428532649010227 0.090405935186524081 -0.61299348234359397 105.30257065842386 75.006834152537309 0.15251800259972456 0.88791598659817828 24.500000000000004 1.0000000180025095e-35 2.1938163764113852 0.52501912782386218 0.43774998258356435 -0.55923847656915482 -0.069678332997032924 0.023785885527851842 0.05848299081850971 -0.13638007998293197 -0.0058863124766386351 1.1512586489141217 0.089251674711704268 -0.079854469438668016
decision_type=2 2 2 2 2 2 2 2 2 2 2 2 2 2 2 2 2 2 2 2 2 2 2 2 2 2 2 2 2 2
left_child=1 4 6 -4 5 -1 13 -6 11 10 12 -2 -10 -3 16 19 -11 18 22 -16 27 -22 -18 -24 25 -25 -26 29 -13 -7
right_child=8 2 3 -5 7 20 -8 -9 9 14 -12 28 -14 -15 15 -17 17 -19 -20 -21 21 -23 23 24 26 -27 -28 -29 -30 -31
leaf_value=0.0040364882117137312 -0.0092092601742063199 0.00040645279863383611 0.013654296781335552 0.0040116762230172753 0.010850652426481242 -0.0014241032517076329 -0.0033224462904036045 0.0015369641371071341 -0.00059293675563822036 -0.0058216811867896467 -0.0018002105734654162 -0.0055120418965816506 0.0043966016571291462 0.0068979353047907343 -0.0065132859003330977 0.0040923964232206346 0.0019362845574006705 -0.0055410717241466045 0.0064399932963507519 -0.00085768459597602487 0.007457294449210161 -7.4503394391606831e-05 -0.0019738424384559039 -0.0030582972828830991 0.00050317734107375132 0.0040129341526577867 -0.0055572403950447389 0.0012740061631692308 0.0019555675238370892 -0.0047331926764713379
leaf_weight=13.999999999999998 7.0000000000000027 16.000000000000004 7.0000000000000027 11.999999999999998 5.0000000000000009 38.999999999999993 11.999999999999998 9.9999999999999964 15.999999999999998 7.9999999999999991 19 5.9999999999999982 33 9.9999999999999982 21 5.9999999999999991 35 7.9999999999999991 6.9999999999999991 11.999999999999998 5.0000000000000027 17 64 6.9999999999999991 15.000000000000002 27 10.999999999999998 13.999999999999998 7 27.000000000000007
leaf_count=14 7 16 7 12 5 39 12 10 16 8 19 6 33 10 21 6 35 8 7 12 5 17 64 7 15 27 11 14 7 27
internal_value=1.87974e-13 0.000936101 0.0031462 0.00756422 -2.55457e-05 -0.000629046 0.000937191 0.00464153 -0.000569537 -0.00031882 0.00149113 -0.0041924 0.00276736 0.00290318 -0.000875727 -0.00314146 -0.000390214 -0.000140491 0.000119778 -0.0044567 -0.00126941 0.00163727 -0.00015847 -0.000749732 0.000555986 0.00255709 -0.00206085 -0.00206875 -0.00149102 -0.00277782
internal_weight=497 188 57 19 131 116 38 15 309 289 68 20 49 26 221 39 182 174 166 33 102 22 159 124 60 34 26 80 13 66
internal_count=497 188 57 19 131 116 38 15 309 289 68 20 49 26 221 39 182 174 166 33 102 22 159 124 60 34 26 80 13 66
is_linear=0
shrinkage=0.03


Tree=110
num_leaves=31
num_cat=0
split_feature=50 77 49 53 43 9 33 80 63 29 48 81 15 62 8 46 15 78 14 4 93 80 29 63 80 79 31 57 57 37
split_gain=0.285734 0.39906 0.473361 0.357599 0.443379 0.386608 0.322234 0.341369 0.416193 0.34133 0.387905 0.373595 0.359121 0.360982 0.313015 0.294481 0.283759 0.281517 0.271157 0.26239 0.259127 0.252124 0.251665 0.24144 0.270172 0.226735 0.215549 0.256562 0.211908 0.204707
threshold=0.11197300781538014 1.5000000000000002 0.2985180658265088 0.027940962606612472 -0.43362864661350969 -0.50086043858070173 -3.1572754914525292 49.315807023384131 0.19020913051192823 0.052616346231674736 -0.15548341213401876 69.750145207299539 -0.74457088400287941 -1.0000000180025095e-35 0.39346430115369485 1.205182299017411 -0.12862213627718608 117.128862123052 0.37185779077747277 -0.38195102030314126 1190566.5000000002 79.736131091945438 0.021605077119980876 0.045230441943877604 53.223592778173099 30.963162715511981 0.10120157820698326 -1.0000000180025095e-35 -0.10411615215023193 -0.59385128886013738
decision_type=2 2 2 2 2 2 2 2 2 2 2 2 2 2 2 2 2 2 2 2 2 2 2 2 2 2 2 2 2 2
left_child=1 2 6 15 25 -6 16 18 9 11 21 12 13 -9 19 26 -1 -12 20 -14 -8 -11 -3 24 -4 -5 -2 -28 -7 -13
right_child=3 22 23 4 5 28 7 8 -10 10 17 29 14 -15 -16 -17 -18 -19 -20 -21 -22 -23 -24 -25 -26 -27 27 -29 -30 -31
leaf_value=-0.0017402915842831123 -0.002136070459149778 -0.0015621480080345029 0.0063862794041633555 0.0039653161953070327 0.0034468043468892573 -0.0067441847175359684 -0.0075112905204296103 -6.2303640879690642e-05 -0.0074743141446794777 0.0028818462133550866 -0.0026294260603540085 -0.0012063759332522747 -0.0013479867033217281 -0.010468772649765016 -0.0021998769971909686 0.0065003661811351776 0.0063702204213900993 0.0029148612535209394 0.00025099935755133626 0.0019332429705187677 -0.0021014701569562451 0.0099437613998140592 -0.0071115434961393472 0.0063665366758193283 -0.0023113083342711127 0.010199805263962063 -0.00064320432614873755 0.0075526854693889608 -0.00027704301118654641 -0.0085368349403142935
leaf_weight=6.0000000000000027 45 19.000000000000004 5.0000000000000027 21.000000000000004 25 6.0000000000000027 14.999999999999998 6 6.9999999999999991 13.000000000000002 17 6 31 5.9999999999999982 38 4.9999999999999991 10.999999999999998 15.999999999999998 14.999999999999998 75 17 6.9999999999999991 11.999999999999998 13.999999999999998 8.9999999999999982 6.9999999999999991 10.999999999999998 4.9999999999999991 19 7.9999999999999982
leaf_count=6 45 19 5 21 25 6 15 6 7 13 17 6 31 6 38 5 11 16 15 75 17 7 12 14 9 7 11 5 19 8
internal_value=2.63428e-12 -0.000459429 -0.000146456 0.00112624 0.00250143 0.000808824 -0.000501429 -0.000747476 -0.000271397 -4.52969e-05 0.00205675 -0.000700642 -0.000279334 -0.00526554 0.000136183 -0.000498987 0.00350769 5.87132e-05 -0.00307722 0.000973638 -0.00463732 0.00535352 -0.0037103 0.00358075 0.000794973 0.00552394 -0.0010727 0.00191801 -0.00182916 -0.00539521
internal_weight=497 353 322 144 78 50 294 277 230 223 53 170 156 12 144 66 17 33 47 106 32 20 31 28 14 28 61 16 25 14
internal_count=497 353 322 144 78 50 294 277 230 223 53 170 156 12 144 66 17 33 47 106 32 20 31 28 14 28 61 16 25 14
is_linear=0
shrinkage=0.03


Tree=111
num_leaves=31
num_cat=0
split_feature=93 45 51 56 93 28 62 8 78 84 56 46 21 85 86 49 15 33 52 20 42 43 10 49 44 52 44 55 12 28
split_gain=0.277161 0.406484 0.498335 0.359391 0.517846 0.469347 0.388906 0.280156 0.335883 0.256959 0.299544 0.25465 0.265919 0.251176 0.332691 0.24669 0.245712 0.243241 0.239266 0.236699 0.281213 0.231138 0.227838 0.216497 0.209483 0.205409 0.209342 0.198397 0.238411 0.195117
threshold=32302.000000000004 -0.3537048062754245 0.035450662188633401 0.0056934819765204698 2916.0000000000005 -0.12400967712837931 0.043180513403449916 1.2934671674376259 126.59468661350537 0.057024126872420318 -0.071631820631504375 1.2526031478255411 0.18640829614233514 0.062135884538292892 0.1077046121034391 0.31755726427890646 -0.30638972597601966 -2.1606052599034027 0.079205052195961814 0.23603743068234048 0.67579713425406895 -0.67156913448575117 0.20881948217906501 -0.12738339025492723 -0.15924582027072379 0.14759109147457361 1.1796419932762061 -0.12803560993523153 0.62825637750704766 -0.035859356294548853
decision_type=2 2 2 2 2 2 2 2 2 2 2 2 2 2 2 2 2 2 2 2 2 2 2 2 2 2 2 2 2 2
left_child=1 2 11 4 7 -5 19 8 24 17 22 12 -1 14 -6 16 29 -2 -8 20 -7 -15 -11 -18 -3 26 -19 -25 -29 -12
right_child=9 3 -4 5 13 6 18 -9 -10 10 15 -13 -14 21 -16 -17 23 25 -20 -21 -22 -23 -24 27 -26 -27 -28 28 -30 -31
leaf_value=-0.0012251087359618396 -0.0033369091809303925 -0.0061586191446986061 -0.0042458467260003087 -0.0023288688482716677 0.0064976403502514588 0.0025919015868566928 0.0051674415686955803 0.0052974077314138415 0.0017781258076429367 -0.0054454585891216987 -0.0015017602372575883 0.0065120458975434304 0.0056572441011667248 0.004294469919987021 0.001025695139542222 0.004808127720441137 0.0019600387758020171 0.0032555185496592177 0.012046921593802315 0.0078748992271721364 -0.0051535505913197993 -0.0017843191276647541 -0.0010189368172723334 0.0023082303315062414 -0.0018555038858072031 -0.0017775141924189833 -0.0032646444439887999 -0.0012849654736552423 -0.0072754753487450727 -0.0076592595998954491
leaf_weight=32 10.999999999999998 15.999999999999995 30 11.999999999999998 20 27 13.000000000000002 4.9999999999999991 14.999999999999998 25 11.000000000000002 5.9999999999999991 5.9999999999999991 8.0000000000000018 20 6.9999999999999991 26 39 6.9999999999999991 5.9999999999999991 4.9999999999999991 19 18 10.999999999999998 28.000000000000004 12.999999999999998 4.9999999999999991 41 6.9999999999999991 7.9999999999999991
leaf_count=32 11 16 30 12 20 27 13 5 15 25 11 6 6 8 20 7 26 39 7 6 5 19 18 11 28 13 5 41 7 8
internal_value=-2.92941e-12 0.000636531 -0.00126437 0.00133636 0.000409063 0.00307174 0.00418911 -0.00152083 -0.00209865 -0.000788495 -0.00146672 0.00076846 -0.000138421 0.00225254 0.00376167 -0.000643215 -0.00101013 0.000747475 0.00757526 0.00240692 0.00138167 1.68036e-05 -0.0035925 -0.00032071 -0.00342027 0.00153569 0.00251459 -0.00132579 -0.00215858 -0.00409439
internal_weight=497 275 74 201 131 70 58 64 59 222 154 44 38 67 40 111 104 68 20 38 32 27 43 85 44 57 44 59 48 19
internal_count=497 275 74 201 131 70 58 64 59 222 154 44 38 67 40 111 104 68 20 38 32 27 43 85 44 57 44 59 48 19
is_linear=0
shrinkage=0.03


Tree=112
num_leaves=31
num_cat=0
split_feature=93 0 60 49 4 54 35 51 0 93 93 58 2 84 80 42 35 80 85 30 66 63 31 63 49 80 63 37 28 51
split_gain=0.26209 0.510196 0.576019 0.375656 0.331941 0.318557 0.270314 0.420646 0.422857 0.302474 0.296205 0.270063 0.26723 0.262893 0.26268 0.255672 0.247811 0.251696 0.243203 0.242775 0.227363 0.216556 0.210774 0.243548 0.200153 0.242182 0.207253 0.271563 0.209323 0.19955
threshold=6710.5000000000009 1.8453554068097393 0.053440115411576901 0.2985180658265088 0.26229869383791238 -0.04747553072268184 0.23175931993687085 -0.0068324500534223112 -0.53511947550462236 13224.500000000002 11296.500000000002 0.065318617992465827 -0.12428387157630953 0.050496160984039314 94.949224889684658 0.17576030135902029 0.26330973722166934 110.9822055754485 0.052545914426445968 0.081613268089049007 2.9500000000000006 -0.0021340309069404618 0.067859886612265233 0.0096919823680653942 0.26512973598804429 48.257090441121569 -0.00039871852807363267 1.6421715838993503 -0.070760663689942008 -0.06148651882855833
decision_type=2 2 2 2 2 2 2 2 2 2 2 2 2 2 2 2 2 2 2 2 2 2 2 2 2 2 2 2 2 2
left_child=1 3 -3 4 18 -6 7 9 11 21 -10 19 -4 -11 15 -12 -8 24 22 20 -9 -2 -1 -24 25 -18 -27 28 -28 -20
right_child=6 2 12 -5 5 -7 16 8 10 13 14 -13 -14 -15 -16 -17 17 -19 29 -21 -22 -23 23 -25 -26 26 27 -29 -30 -31
leaf_value=-0.0028876427635550488 0.0025194758176803585 0.012287360302039549 0.0044900815095752456 0.0062014144659042359 0.0022519601620733737 -0.0027214683805975846 -0.0078919805511832222 0.01070868355035781 -0.0069062308560718186 0.0053263679728843263 -0.00067309401282626712 -0.0042100391536951057 -0.0037648367509245887 0.00040020759504001875 0.0035135821276344359 -0.0055580401904880995 -0.0036107966653071339 -0.006303424551151693 0.0071270744130015337 0.00017281840187933993 0.0028736258677672594 0.011348976820707323 -0.0023103117272257807 0.0066546719893813121 0.0022256431071197287 0.00061881867673946539 -0.0045589625628781509 -0.0079835745692253112 8.7157583911903197e-05 0.0017878597016845431
leaf_weight=15.000000000000002 5 7.0000000000000027 12.000000000000004 8.9999999999999982 14.999999999999998 51 4.9999999999999991 5.0000000000000027 10.999999999999998 11.999999999999998 27 5.9999999999999991 4.9999999999999973 52 7.9999999999999991 14.999999999999998 30 7.9999999999999991 9.0000000000000018 15.999999999999998 9.9999999999999982 4.9999999999999982 4.9999999999999982 6 17 60 11.999999999999998 5.9999999999999991 32 21
leaf_count=15 5 7 12 9 15 51 5 5 11 12 27 6 5 52 8 15 30 8 9 16 10 5 5 6 17 60 12 6 32 21
internal_value=3.92463e-12 0.00102333 0.00504451 0.000286624 -0.000149713 -0.00159114 -0.00046379 0.000374709 -0.000914485 0.00208202 -0.00244925 0.0016158 0.00206216 0.00132386 -0.00146871 -0.00241772 -0.00131215 -0.00111276 0.00154912 0.00274338 0.00548531 0.00693423 -0.000574545 0.00257968 -0.000848273 -0.00122153 -0.000569917 -0.0019964 -0.00117997 0.00338962
internal_weight=497 155 24 131 122 66 342 172 98 74 61 37 17 64 50 42 170 165 56 31 15 10 26 11 157 140 110 50 44 30
internal_count=497 155 24 131 122 66 342 172 98 74 61 37 17 64 50 42 170 165 56 31 15 10 26 11 157 140 110 50 44 30
is_linear=0
shrinkage=0.03


Tree=113
num_leaves=31
num_cat=0
split_feature=50 77 49 1 79 46 67 9 41 41 13 34 57 50 13 31 53 86 29 48 49 27 57 87 1 80 75 44 86 22
split_gain=0.250289 0.343971 0.408593 0.313384 0.305927 0.327321 0.297239 0.292871 0.333767 0.434456 0.32435 0.291542 0.35034 0.310177 0.277746 0.269729 0.304155 0.243052 0.228463 0.224105 0.215249 0.212478 0.236363 0.216113 0.210164 0.206723 0.199375 0.197191 0.194486 0.189938
threshold=0.11197300781538014 1.5000000000000002 0.2985180658265088 0.59891945212463937 37.562746571857907 1.2526031478255411 73.500000000000014 0.081417964055384609 -0.23316102684615359 -0.095171140953126843 -0.4847799045301861 -0.30761879423556021 -0.14435356613904601 -0.17967239077959465 0.12209810164704966 0.084869936738488042 0.037965887220898678 0.20954659659280958 0.021605077119980876 -0.39583631523378077 0.33433948452100387 0.16676112062275308 0.18938616040272357 139.07967032967034 0.14923008137519414 103.86627986148007 0.18090909090909094 -0.12270993432105549 0.068219795475923412 -0.11673972188249314
decision_type=2 2 2 2 2 2 2 2 2 2 2 2 2 2 2 2 2 2 2 2 2 2 2 2 2 2 2 2 2 2
left_child=1 2 7 4 5 15 -5 8 27 14 24 12 -9 -14 -10 16 -2 29 -3 -12 -4 22 23 -15 -11 -21 -22 -1 -8 -13
right_child=3 18 20 6 -6 -7 28 11 9 10 19 17 13 21 -16 -17 -18 -19 -20 25 26 -23 -24 -25 -26 -27 -28 -29 -30 -31
leaf_value=0.0038520965219608376 -0.0017506262726120411 -0.0014014101034569503 0.0071452295283476481 0.0011667046121632059 0.0094475819170475005 0.0092184174433350557 -0.0058454926963895544 -0.0042216428270330647 -0.0035763050988316543 -0.010560193955898276 0.0036314731479311982 0.00037788081436052116 -0.0015885992494544812 0.0031660998089717246 -0.013150031358003614 0.0042526804413646462 0.0028616434707179326 0.0021296477092740437 -0.0066888184612616895 -0.001849785817549743 0.0038602347206324323 0.0093056862652301786 0.0090199767798185351 -0.0020173454284667966 -0.0032395588327199221 0.0044805000945925717 -0.0025105581512408597 -0.00074437851485397127 -0.00054919168353080746 -0.0032310460808553866
leaf_weight=13.999999999999998 31 19.000000000000004 9.0000000000000018 36 4.9999999999999991 4.9999999999999991 12.000000000000002 7.9999999999999991 5.9999999999999982 5.0000000000000027 8.9999999999999982 21 13.999999999999998 37 5 20 22 18 11.999999999999998 65 12.000000000000002 4.9999999999999991 4.9999999999999991 8.9999999999999982 11.999999999999998 4.9999999999999991 6.9999999999999991 21 12.999999999999998 35
leaf_count=14 31 19 9 36 5 5 12 8 6 5 9 21 14 37 5 20 22 18 12 65 12 5 5 9 12 5 7 21 13 35
internal_value=2.83191e-12 -0.00042999 -0.000139421 0.00105407 0.00225386 0.00179272 -0.000578427 -0.000469217 -0.00144885 -0.00228069 -0.0016336 0.000445967 0.0017257 0.00240539 -0.007928 0.00128411 0.000163901 -0.000902939 -0.00344815 -0.000824688 0.00332343 0.00340389 0.00282528 0.00215195 -0.00539269 -0.00139762 0.0015131 0.00109421 -0.00309142 -0.0018777
internal_weight=497 353 322 144 83 78 61 294 142 107 96 152 78 70 11 73 53 74 31 79 28 56 51 46 17 70 19 35 25 56
internal_count=497 353 322 144 83 78 61 294 142 107 96 152 78 70 11 73 53 74 31 79 28 56 51 46 17 70 19 35 25 56
is_linear=0
shrinkage=0.03


Tree=114
num_leaves=31
num_cat=0
split_feature=8 93 62 58 1 81 80 80 32 78 17 13 56 87 43 66 53 45 84 81 19 37 2 50 45 64 44 3 51 31
split_gain=0.243876 0.297109 0.354859 0.407741 0.372103 0.324962 0.320154 0.270164 0.265951 0.241222 0.298592 0.264561 0.235869 0.233908 0.231414 0.226207 0.217527 0.20476 0.268506 0.230373 0.204246 0.217794 0.20037 0.188547 0.187647 0.274044 0.249165 0.2167 0.18421 0.189432
threshold=-1.6851702134958371 32302.000000000004 0.044415535612195793 0.016833040858090034 -2.4922449265053763 66.349325352864938 108.9830940444587 37.010141936947605 0.88286632817734134 162.15285939107514 -0.24132992700731112 0.87798968848181835 -0.010927948570095701 150.24038461538464 0.57481396248495498 9.8500000000000032 0.026270730025148958 -0.13902785237249926 0.050496160984039314 54.222859544790872 -0.042686917958928233 1.0309668864292074 0.62776070344421309 0.015953739376871317 -0.093583636195614703 13.192186234706535 -0.60402493562799975 2.0229519663812385 -0.20614344521762279 0.0383416136816465
decision_type=2 2 2 2 2 2 2 2 2 2 2 2 2 2 2 2 2 2 2 2 2 2 2 2 2 2 2 2 2 2
left_child=-1 2 5 4 -4 6 7 -2 23 10 12 17 -3 20 24 -10 -13 18 -12 -19 -5 -22 -16 -7 26 27 -9 -26 -6 -30
right_child=1 9 3 13 28 8 -8 14 15 -11 11 16 -14 -15 22 -17 -18 19 -20 -21 21 -23 -24 -25 25 -27 -28 -29 29 -31
leaf_value=-0.0046375840152322783 0.0056530584627762434 -0.0063690650016069396 0.0080545318275690066 0.00068322669315551009 0.0047815683558583254 -0.0063074418785981816 0.0064984481921419495 0.0041488458375845633 0.0029450542259622696 0.004396491469815373 0.0045058813743526112 -0.0095792735517025007 -0.00058542454276572578 0.010476507514715195 -0.0040162046933546651 -0.0042964165285229684 -0.0013864410721829957 0.0017486605280084238 4.0844322857446971e-05 -0.0016875467018489243 0.0067825605813413839 0.00022620922885835171 0.0018811214395931786 -7.1431249380111695e-05 0.0032337214610015505 -0.003784490382032735 -0.0021176799104338693 -0.0033570619616657494 -0.003099594971334392 0.0013643995725682804
leaf_weight=9.9999999999999982 7.9999999999999991 15.000000000000002 4.9999999999999991 13.999999999999998 4.9999999999999991 16.000000000000004 7.9999999999999991 6.9999999999999991 11.000000000000002 7.9999999999999991 15.999999999999998 4.9999999999999982 10.999999999999998 4.9999999999999991 20.000000000000004 5.9999999999999991 7 22 50 87 19.000000000000004 5.9999999999999991 6.9999999999999991 5.9999999999999991 44 6.9999999999999991 31 4.9999999999999991 22 13.999999999999998
leaf_count=10 8 15 5 14 5 16 8 7 11 8 16 5 11 5 20 6 7 22 50 87 19 6 7 6 44 7 31 5 22 14
internal_value=-8.15493e-12 9.52276e-05 0.000770642 0.00230294 0.000328065 -1.29199e-05 0.000674866 0.000313714 -0.00242899 -0.000717714 -0.000909797 -0.000490969 -0.00392214 0.00436758 -3.93008e-05 0.000389241 -0.00480012 -0.000195484 0.00112328 -0.000994 0.00358439 0.00520904 -0.00248727 -0.00460671 0.000663839 0.00176798 -0.00096332 0.00256119 -0.000614187 -0.0013636
internal_weight=497 487 266 90 46 176 137 129 39 221 213 187 26 44 121 17 12 175 66 109 39 25 27 22 94 56 38 49 41 36
internal_count=497 487 266 90 46 176 137 129 39 221 213 187 26 44 121 17 12 175 66 109 39 25 27 22 94 56 38 49 41 36
is_linear=0
shrinkage=0.03


Tree=115
num_leaves=31
num_cat=0
split_feature=8 30 20 50 93 63 1 62 60 52 48 51 62 15 37 51 33 37 6 42 8 37 47 33 27 49 45 45 42 66
split_gain=0.233588 0.286765 0.246534 0.392809 0.31594 0.270309 0.350972 0.236988 0.229708 0.232019 0.218361 0.27009 0.286134 0.222573 0.288237 0.266435 0.258508 0.32186 0.259339 0.227461 0.258304 0.206884 0.199538 0.196155 0.192506 0.194111 0.180947 0.182298 0.207605 0.246411
threshold=1.07510268137137 0.10491929412926498 0.16677780430309594 -0.04175430795991298 794.00000000000011 -0.028850156078009236 0.79026287149558938 -0.22623668830237065 -0.060079513313670056 -0.03229808286387998 0.15071926497936913 -0.37089541272968507 -0.13939719847433688 0.23083853634643833 0.2253831812458659 0.058352121478526052 -1.1425620932070775 1.7562913380211469 -0.91491730089765932 0.74926113004137418 -0.32678162392294469 0.14432493977407937 1.0566790968217501 3.0599867415181397 -0.046659779909295172 -0.15684771236884903 0.98591490000515491 0.10075674875472755 -0.74197261591884212 8.1000000000000014
decision_type=2 2 2 2 2 2 2 2 2 2 2 2 2 2 2 2 2 2 2 2 2 2 2 2 2 2 2 2 2 2
left_child=2 -2 7 8 -5 -6 -7 -1 21 -10 13 -12 -13 16 15 -15 18 19 -9 22 -21 -4 -18 26 25 -16 27 -14 29 -29
right_child=1 -3 3 4 5 6 -8 10 9 -11 11 12 23 14 24 -17 17 -19 -20 20 -22 -23 -24 -25 -26 -27 -28 28 -30 -31
leaf_value=0.0053869786392897363 0.0033256949425082313 -0.003804208766669035 -0.001541456388825151 0.0087091735750436782 -0.00090420155736960857 0.0051200633347034449 -0.0035868238136172294 0.0045208204174802327 -0.0083939300477504641 -0.0012619084257704135 -0.0050592638435773551 -0.0040204720012843604 0.00060226068114967678 0.0042430455787616662 -0.0026745573654770845 -0.000445332600211259 -0.0029341011993465537 0.0046486227661371232 -0.0011573938435774196 -0.011277404576539985 -0.0036538681690581141 0.0064484440013766273 0.0023816883138247898 -0.0035125195363070816 -0.0034490924363490194 0.0056848657429218298 -0.0042358896285295483 0.010707493722438812 0.001687470827368088 0.0026649266970343887
leaf_weight=5.9999999999999991 33 5.9999999999999991 7.0000000000000018 6.9999999999999991 19 25.000000000000004 4.9999999999999991 8.9999999999999982 6.0000000000000044 12.999999999999996 7.9999999999999991 10.999999999999998 66 20 5 24 69 4.9999999999999991 37 6.0000000000000027 11.999999999999998 5 6.9999999999999991 7.9999999999999991 24 4.9999999999999982 4.9999999999999991 5.9999999999999991 30 7.9999999999999991
leaf_count=6 33 6 7 7 19 25 5 9 6 13 8 11 66 20 5 24 69 5 37 6 12 5 7 8 24 5 5 6 30 8
internal_value=7.93445e-12 0.00222879 -0.000189788 0.00124753 0.00274735 0.00189567 0.00366892 -0.000526841 -0.00146182 -0.00351413 -0.000624055 0.000295484 0.000615171 -0.00120959 8.26443e-05 0.00168575 -0.00190472 -0.00276817 -4.64389e-05 -0.00316268 -0.00619505 0.00178767 -0.00244449 0.00102974 -0.00199196 0.00150515 0.00134572 0.00159943 0.00309519 0.00611174
internal_weight=497 39 458 87 56 49 30 371 31 19 365 142 134 223 78 44 145 99 46 94 18 12 76 123 34 10 115 110 44 14
internal_count=497 39 458 87 56 49 30 371 31 19 365 142 134 223 78 44 145 99 46 94 18 12 76 123 34 10 115 110 44 14
is_linear=0
shrinkage=0.03


Tree=116
num_leaves=31
num_cat=0
split_feature=11 29 60 53 79 42 52 85 81 8 3 60 42 1 22 11 70 46 73 37 89 88 62 12 60 62 23 43 2 46
split_gain=0.227189 0.334974 0.316571 0.300717 0.265935 0.357689 0.31357 0.346838 0.254462 0.233568 0.257897 0.24385 0.243305 0.33633 0.206395 0.307714 0.22367 0.21933 0.210166 0.254813 0.189194 0.181028 0.173474 0.168024 0.18382 0.226892 0.216367 0.171457 0.160845 0.186432
threshold=-0.1737558975098695 0.099857817309769337 -0.10647463115888457 -0.0049470663889336968 34.225622186469884 -0.69254592856190123 -0.010246701629915729 0.027183029800653461 65.388693859974111 -1.0524537932504792 -0.75428532649010227 0.031751656844179223 0.7307238662082679 -1.7897361974641304 0.15251800259972456 0.88791598659817828 24.500000000000004 0.52501912782386218 1.0000000180025095e-35 2.1938163764113852 0.11161724522265287 1115.2585789002399 -0.069678332997032924 1.0824477756734574 0.0067002845878403579 0.062477679350448796 -0.029382614548818388 0.15118912394193282 0.23169954809160845 -0.28051840254061466
decision_type=2 2 2 2 2 2 2 2 2 2 2 2 2 2 2 2 2 2 2 2 2 2 2 2 2 2 2 2 2 2
left_child=1 4 -3 -4 6 -6 7 -1 -8 11 12 -2 21 -14 16 17 -12 -16 19 22 -10 -11 -18 24 25 28 -26 -28 -24 -30
right_child=9 2 3 -5 5 -7 8 -9 20 10 14 -13 13 -15 15 -17 18 -19 -20 -21 -22 -23 23 -25 26 -27 27 -29 29 -31
leaf_value=0.0034174452256411311 -0.0081499284292970344 0.010619435906410209 -0.0005662552247356088 0.006062167814340106 0.0096047626063227604 0.00093789505038876088 0.0021056501689495884 -0.0026563426156274296 -0.0070228938013315199 -0.0051598177850246431 -0.0052608156949281691 -0.0012048574993745065 -0.00081751090673995821 0.0075944112325933844 -0.0057460447613682068 0.0034885295480489732 0.0017168902244551905 -0.00066179095767438412 -0.0048799156956374646 0.0057001489826611108 1.517021351239898e-05 0.0008572960715779724 -0.0020269380593351248 -0.0055720896273851392 -0.0046035358528880507 0.003226595391752198 0.0022087845231334741 -0.0024983916245400902 -0.0015812112404753195 0.003725418090605392
leaf_weight=9.9999999999999982 7.0000000000000027 5.0000000000000027 14.000000000000005 10.999999999999995 6.0000000000000027 14.999999999999998 56 55 4.9999999999999991 4.9999999999999991 7.9999999999999991 12.999999999999998 7.0000000000000027 10.999999999999998 21 5.9999999999999991 35 11.999999999999998 7.9999999999999991 6.9999999999999991 10.999999999999998 45 29 5.9999999999999991 17 20 13.000000000000002 14.999999999999998 11.000000000000002 12.999999999999998
leaf_count=10 7 5 14 11 6 15 56 55 5 5 8 13 7 11 21 6 35 12 8 7 11 45 29 6 17 20 13 15 11 13
internal_value=-3.65935e-12 0.000822313 0.00372845 0.00235025 0.000270515 0.00341414 -0.000211355 -0.00172191 0.00115234 -0.000500307 -0.00028333 -0.00363563 0.00133228 0.00432311 -0.000780441 -0.00276096 -0.000356045 -0.00389723 -0.000130538 9.83476e-05 -0.00218422 0.000255585 -0.000148273 -0.00067473 -0.000425712 0.000503943 -0.00193382 -0.000312917 -0.000523473 0.00129321
internal_weight=497 188 30 25 158 21 137 65 72 309 289 20 68 18 221 39 182 33 174 166 16 50 159 124 118 73 45 28 53 24
internal_count=497 188 30 25 158 21 137 65 72 309 289 20 68 18 221 39 182 33 174 166 16 50 159 124 118 73 45 28 53 24
is_linear=0
shrinkage=0.03


Tree=117
num_leaves=31
num_cat=0
split_feature=93 45 51 60 56 80 81 43 28 5 48 46 52 27 44 42 19 45 28 58 20 56 84 52 66 5 88 22 78 54
split_gain=0.2162 0.324242 0.378756 0.300784 0.308693 0.423594 0.342573 0.341888 0.290804 0.27603 0.246675 0.227106 0.217125 0.210653 0.21043 0.195541 0.290759 0.233359 0.254126 0.224882 0.22957 0.224366 0.20793 0.188056 0.183576 0.172305 0.16655 0.165742 0.148042 0.147071
threshold=32302.000000000004 -0.3537048062754245 0.035450662188633401 -0.17925600040249709 -0.063676721020631918 107.82515719039354 48.378052193769115 -0.40233202966564691 -0.1048869694597843 0.20464789417089649 -0.26768597841927727 -0.059235618747609013 -0.32594847710241626 0.054209888777064764 -0.20997866483427652 1.3065533084858936 0.018946901356934682 -0.13902785237249926 0.083740892493014668 0.059921683417589647 0.12750870456202551 -0.050071502803741522 0.16532567143440249 0.031403249542795844 14.292857142857146 -0.607158813045649 1574.3035862460963 -0.036426202166322023 102.84278595196761 -0.011109620267258131
decision_type=2 2 2 2 2 2 2 2 2 2 2 2 2 2 2 2 2 2 2 2 2 2 2 2 2 2 2 2 2 2
left_child=1 2 13 -3 11 6 -6 9 -9 -8 -10 14 -2 23 -5 17 -17 22 19 20 21 29 25 -1 -15 -14 27 -12 -13 -19
right_child=12 3 -4 4 5 -7 7 8 10 -11 26 28 15 24 -16 16 -18 18 -20 -21 -22 -23 -24 -25 -26 -27 -28 -29 -30 -31
leaf_value=0.0012678555217816641 -0.0063256567344069483 -0.0038846335373818874 -0.0037348215617239475 -0.0057736223811904585 0.0070095154913988973 0.0096377840638160704 0.0016340779513120654 -0.0038420528803880414 0.0056925047934055376 0.0075767710059881201 0.0058059252798557314 -0.001249363028577396 7.2171421197708693e-06 0.0071623812190123974 -0.00039457120059523728 -0.00034574570506811127 -0.0083176775808845253 -0.00052155430162591568 0.0018040239174892617 -0.0038765927069189569 0.00279269431072932 -0.00010535965313796292 -0.002836765188046477 -0.0034147944100774248 -0.00036399804800748816 0.0030327302861648301 -0.0018397018470262226 0.00015219984808936682 0.002400816710233422 -0.0058473184066159378
leaf_weight=19 5.9999999999999991 9.9999999999999982 30 8.9999999999999982 10.999999999999998 6.9999999999999991 16.999999999999996 12.999999999999991 8.9999999999999911 11.999999999999998 6.9999999999999956 13.999999999999998 32 6.9999999999999982 24 10.000000000000002 6.9999999999999991 7.0000000000000027 22 31 12.999999999999998 33 10.999999999999998 12.999999999999998 5 36 19 14.000000000000027 35 13.999999999999998
leaf_count=19 6 10 30 9 11 7 17 13 9 12 7 14 32 7 24 10 7 7 22 31 13 33 11 13 5 36 19 14 35 14
internal_value=1.21569e-12 0.000562187 -0.00113555 0.00118723 0.00145277 0.00249884 0.00200891 0.00140444 0.000146835 0.00409312 0.00120511 6.22584e-05 -0.000696402 0.000636673 -0.00186159 -0.000540034 -0.00362831 -0.000276212 -0.00110976 -0.00176387 -0.000786346 -0.00164797 0.000989934 -0.000634471 0.00402639 0.00160896 0.000195448 0.00203677 0.00135791 -0.00407206
internal_weight=497 275 74 201 191 109 102 91 62 29 49 82 222 44 33 216 17 199 120 98 67 54 79 32 12 68 40 21 49 21
internal_count=497 275 74 201 191 109 102 91 62 29 49 82 222 44 33 216 17 199 120 98 67 54 79 32 12 68 40 21 49 21
is_linear=0
shrinkage=0.03


Tree=118
num_leaves=31
num_cat=0
split_feature=8 93 62 58 1 81 80 32 43 27 63 2 52 87 66 22 48 78 17 56 13 1 39 55 63 20 49 30 87 79
split_gain=0.210455 0.240174 0.290508 0.360862 0.32257 0.273649 0.258085 0.217877 0.21783 0.234264 0.27443 0.230868 0.205557 0.202808 0.194072 0.188645 0.265926 0.187097 0.28229 0.214083 0.197666 0.198465 0.215003 0.179782 0.178222 0.226988 0.174051 0.167937 0.229284 0.168355
threshold=-1.9603947928755392 32302.000000000004 0.044415535612195793 0.016833040858090034 -2.4922449265053763 66.349325352864938 108.9830940444587 0.88286632817734134 0.68391167617641668 0.12849861252451802 -0.17813739903953299 0.62776070344421309 -0.32594847710241626 150.24038461538464 9.8500000000000032 -0.020545748063231242 0.25019652693662692 162.15285939107514 -0.24132992700731112 -0.010927948570095701 0.87798968848181835 0.73987877386137124 0.96298621445563082 0.032495532890300341 -0.05809675940502005 -0.14349950597298738 -0.032162413308355918 0.10006682846186031 107.23039215686276 17.48364224211684
decision_type=2 2 2 2 2 2 2 2 2 2 2 2 2 2 2 2 2 2 2 2 2 2 2 2 2 2 2 2 2 2
left_child=-1 2 5 4 -4 6 8 -7 9 10 -2 -10 -3 26 -9 16 -12 18 19 -14 21 24 -23 -17 -20 -26 -5 28 -6 -30
right_child=1 12 3 13 27 7 -8 14 11 -11 15 -13 17 -15 -16 23 -18 -19 20 -21 -22 22 -24 -25 25 -27 -28 -29 29 -31
leaf_value=-0.0051650205680302212 0.0065853402018547051 -0.0061358871683478353 0.0074299302846193311 0.00059973520027207475 0.0064836141765117596 -0.0041174596533908141 0.0058340292354114353 0.002728731915016065 -0.0037221011091023676 0.0048387468600412827 -0.0025836392816688341 0.0029875331744551657 -0.0059359941482543931 0.0096954884827136992 -0.0039786903373897073 0.0034346192227676497 0.0034789342316798866 0.0039955540699884292 -0.0007941875866215144 -0.00026920627383515239 -0.0041676215361803768 -0.0022266019774018785 0.0024060186786069109 -0.00045448871714103478 -0.0034252843047891343 0.0022784981326215334 0.0047776378300040953 -0.0034640920513237896 -0.0033097263171591529 0.0017330777186613817
leaf_weight=6.9999999999999991 5.9999999999999991 5.9999999999999991 4.9999999999999991 13.999999999999998 5.0000000000000027 23 7.9999999999999991 11.000000000000002 20.000000000000004 11.999999999999998 34.999999999999993 5.9999999999999991 15.000000000000002 4.9999999999999991 5.9999999999999991 20.000000000000007 7.9999999999999991 7.9999999999999991 42 9.9999999999999982 10.999999999999998 50 10.999999999999998 23 6.9999999999999991 61 25 12.999999999999998 11.000000000000002 12.999999999999998
leaf_count=7 6 6 5 14 5 23 8 11 20 12 35 6 15 5 6 20 8 8 42 10 11 50 11 23 7 61 25 13 11 13
internal_value=-1.33866e-12 7.3786e-05 0.0006758 0.00205464 0.000226756 -2.91124e-05 0.000604171 -0.00221394 0.000282334 0.000896349 0.000382123 -0.00217372 -0.000658982 0.00400715 0.000361406 -5.066e-05 -0.00145572 -0.000506138 -0.000680117 -0.00366928 -0.000269518 -1.87624e-05 -0.00139121 0.0013544 0.000742323 0.00169134 0.00327788 -0.000630764 0.000639348 -0.000578207
internal_weight=497 490 269 91 47 178 138 40 130 104 92 26 221 44 17 86 43 215 207 25 182 171 61 43 110 68 39 42 29 24
internal_count=497 490 269 91 47 178 138 40 130 104 92 26 221 44 17 86 43 215 207 25 182 171 61 43 110 68 39 42 29 24
is_linear=0
shrinkage=0.03


Tree=119
num_leaves=31
num_cat=0
split_feature=50 77 49 53 43 9 9 41 41 36 51 34 50 57 62 46 51 86 29 63 80 43 56 57 81 79 48 13 60 12
split_gain=0.203714 0.267361 0.341565 0.242933 0.309577 0.273805 0.241056 0.269722 0.363028 0.261222 0.239122 0.23415 0.280772 0.298573 0.233916 0.221824 0.216515 0.201023 0.183098 0.174495 0.184884 0.165225 0.191072 0.160684 0.158822 0.155538 0.153969 0.203439 0.154305 0.144507
threshold=0.11197300781538014 1.5000000000000002 0.2985180658265088 0.027940962606612472 -0.43362864661350969 -0.50086043858070173 0.081417964055384609 -0.23316102684615359 -0.17100013218935553 2.0424206128629705 -0.045639905766653922 -0.30761879423556021 -0.056163623701302741 0.18938616040272357 0.050394940861677645 1.205182299017411 -0.028569205659373677 0.20954659659280958 0.021605077119980876 0.045230441943877604 53.223592778173099 0.033481940302257214 0.071465365163703123 -0.10411615215023193 55.841195280484762 30.963162715511981 0.38611424062302907 -0.35207641421985186 -0.11403706447615532 -0.52496053542358501
decision_type=2 2 2 2 2 2 2 2 2 2 2 2 2 2 2 2 2 2 2 2 2 2 2 2 2 2 2 2 2 2
left_child=1 2 6 15 25 -6 7 24 -9 10 29 12 13 14 -8 21 -12 26 -3 20 -4 -2 -23 -7 -1 -5 27 -13 -29 -10
right_child=3 18 19 4 5 23 11 8 9 -11 16 17 -14 -15 -16 -17 -18 -19 -20 -21 -22 22 -24 -25 -26 -27 -28 28 -30 -31
leaf_value=0.0035929935032492301 -0.0024736636169254778 -0.0012165367549383324 0.0052914008796215014 0.0033190975750663444 0.0028901028044521809 -0.0058298852667212457 -0.0026695218130946157 -0.0092392584308981889 -0.00093201732529061122 -0.0068458199710585178 0.0050149664294440299 0.00082533602004072502 0.0038206006390973926 0.0058471513592771125 0.0019757685906370169 0.0056862210631370537 -0.00092652932917901666 0.0019460888024574767 -0.0059499721787869934 0.005402631445654801 -0.0019035614499201374 -0.0010973010999150571 0.0038252433694221754 -0.00019837470161483475 -0.00058942077353342688 0.0084827832877635949 0.0028426686115562917 0.00095521032810211228 -0.0043149763643741601 -0.0064458881792697044
leaf_weight=12.999999999999998 30 19.000000000000004 5.0000000000000027 21.000000000000004 25 6.0000000000000027 25 5.9999999999999991 7.0000000000000027 7.9999999999999991 5.9999999999999991 13.999999999999998 30 6.9999999999999991 15.999999999999998 4.9999999999999991 69 18 11.999999999999998 13.999999999999998 8.9999999999999982 20.000000000000004 10.999999999999998 19 22 6.9999999999999991 5.9999999999999991 5.9999999999999956 30.000000000000004 10.999999999999998
leaf_count=13 30 19 5 21 25 6 25 6 7 8 6 14 30 7 16 5 69 18 12 14 9 20 11 19 22 7 6 6 30 11
internal_value=-3.48049e-12 -0.000387925 -0.00013175 0.000950955 0.00208442 0.000670083 -0.000433284 -0.00132204 -0.00206983 -0.00164392 -0.00119645 0.000397004 0.00154388 0.000120923 -0.000856726 -0.000388593 -0.00045121 -0.000811861 -0.00304883 0.00303435 0.000666068 -0.000886529 0.000649408 -0.00154994 0.000964047 0.00461002 -0.00169834 -0.00224327 -0.00343661 -0.00430161
internal_weight=497 353 322 144 78 50 294 142 107 101 93 152 78 48 41 66 75 74 31 28 14 61 31 25 35 28 56 50 36 18
internal_count=497 353 322 144 78 50 294 142 107 101 93 152 78 48 41 66 75 74 31 28 14 61 31 25 35 28 56 50 36 18
is_linear=0
shrinkage=0.03


Tree=120
num_leaves=31
num_cat=0
split_feature=8 30 51 8 20 80 93 48 62 86 33 84 62 57 38 17 80 42 39 88 61 17 24 62 2 70 11 55 36 16
split_gain=0.193634 0.243053 0.196915 0.185864 0.17806 0.433609 0.325806 0.232786 0.276254 0.231815 0.211578 0.399598 0.209282 0.270048 0.194615 0.22234 0.21991 0.184144 0.18101 0.170784 0.241642 0.163729 0.148699 0.146966 0.165952 0.157645 0.146201 0.144916 0.160613 0.158978
threshold=1.07510268137137 0.10491929412926498 -0.37089541272968507 -1.9603947928755392 0.16677780430309594 105.73012364969138 663.50000000000011 0.14668451833247739 -0.14637273478979806 0.09264196214342843 -0.64315916726789057 0.095322117209434523 0.025361053853464658 -0.14940175463611785 -0.068273882389731519 0.079505553323912861 89.351875458529364 0.24370767282519581 0.86068373981277924 1790.427000587584 0.062493651912868389 -0.16190050864162422 -0.029640167154292376 -0.13939719847433688 1.3177071963836313 49.500000000000007 -0.42384876993866322 0.0058069723295097022 -0.97434329680961251 0.53668971375911545
decision_type=2 2 2 2 2 2 2 2 2 2 2 2 2 2 2 2 2 2 2 2 2 2 2 2 2 2 2 2 2 2
left_child=2 -2 -1 -4 7 6 -6 8 -5 17 21 12 -12 -14 16 26 23 -8 -15 -13 -21 22 -10 -9 -25 -26 -16 28 -23 -29
right_child=1 -3 3 4 5 -7 9 14 10 -11 11 19 13 18 15 -17 -18 -19 -20 20 -22 27 -24 24 25 -27 -28 29 -30 -31
leaf_value=-0.0045664877196153007 0.0030390990842980416 -0.0035249435529112814 -0.0049349088434662135 0.0027673162087140713 0.0079926976561546324 0.0083786137614931377 -0.00010791746849143826 -0.0038961247261613602 -0.00031807726481929415 -0.0027732710425104751 -0.0020268785746090788 -0.002975651424910341 -0.004876191470772024 0.0041242360656982965 0.0048414102941751443 0.0038422467619790858 -0.0032226259727030989 0.0036640772042686445 -0.002291063155978918 -0.0036769966199062766 -0.012084150731563565 -0.0015739136002957811 -0.0073231244981288917 2.1648752646377453e-05 0.0075014067441225045 0.0012235619189838569 -0.00077814818420447404 -0.0014659946860353414 0.0037815484389041856 0.0024948965106159448
leaf_weight=8.9999999999999982 33 5.9999999999999991 6.9999999999999991 17 4.9999999999999991 6.9999999999999991 37 5.9999999999999991 6 19 33 42 5.0000000000000027 19.000000000000004 5.0000000000000027 29 18 17 4.9999999999999991 7.9999999999999982 5 7.0000000000000027 4.9999999999999982 39 5.9999999999999991 8.9999999999999982 25 38 18 11.999999999999998
leaf_count=9 33 6 7 17 5 7 37 6 6 19 33 42 5 19 5 29 18 17 5 8 5 7 5 39 6 9 25 38 18 12
internal_value=6.28924e-12 0.00202925 -0.000172796 -8.47265e-05 -7.9137e-06 0.00122609 0.000584201 -0.000301725 -0.000906251 7.67701e-05 -0.00121389 -0.00204425 -0.000392948 0.00146635 0.000669046 0.00196913 -0.000314349 0.00107956 0.00278772 -0.00390571 -0.00691052 -8.42169e-05 -0.00350219 0.000558134 0.00105305 0.0037347 0.000158445 0.000417086 0.00228202 -0.000515381
internal_weight=497 39 458 449 442 85 78 357 220 73 203 117 62 29 137 59 78 54 24 55 13 86 11 60 54 15 30 75 25 50
internal_count=497 39 458 449 442 85 78 357 220 73 203 117 62 29 137 59 78 54 24 55 13 86 11 60 54 15 30 75 25 50
is_linear=0
shrinkage=0.03


Tree=121
num_leaves=31
num_cat=0
split_feature=50 77 49 1 56 46 53 31 27 9 41 41 51 13 34 57 50 51 60 86 29 54 49 27 57 87 62 68 0 75
split_gain=0.187956 0.248013 0.309646 0.225348 0.237922 0.232004 0.258773 0.295347 0.225038 0.218132 0.246818 0.333939 0.256334 0.217149 0.213552 0.256186 0.233455 0.212335 0.187963 0.183368 0.166231 0.162712 0.162358 0.162069 0.169529 0.160679 0.153555 0.149144 0.147988 0.147266
threshold=0.11197300781538014 1.5000000000000002 0.2985180658265088 0.59891945212463937 0.034413227462814173 1.2526031478255411 0.034283213494365729 0.067859886612265233 -0.071811010295192754 0.081417964055384609 -0.23316102684615359 -0.095171140953126843 -0.045639905766653922 0.12209810164704966 -0.30761879423556021 -0.14435356613904601 -0.17967239077959465 -0.028569205659373677 -0.020908553793237267 0.20954659659280958 0.021605077119980876 0.086812759343582582 0.33433948452100387 0.16676112062275308 0.18938616040272357 139.07967032967034 0.05423124363415141 66.233333333333348 2.304505548189161 0.18090909090909094
decision_type=2 2 2 2 2 2 2 2 2 2 2 2 2 2 2 2 2 2 2 2 2 2 2 2 2 2 2 2 2 2
left_child=1 2 9 5 27 6 7 -2 -8 10 26 13 18 -12 15 -11 -17 -14 -13 -16 -3 -6 -4 24 25 28 -1 -5 -18 -24
right_child=3 20 22 4 21 -7 8 -9 -10 14 11 12 17 -15 19 16 23 -19 -20 -21 -22 -23 29 -25 -26 -27 -28 -29 -30 -31
leaf_value=-0.00079243673721794033 -0.0016540546488249673 -0.0011895763766216602 0.0062078622604409828 -0.00035562135279178616 -0.00056590931862592682 0.0081954180747270573 0.0086662921682000155 0.0040926934253763068 0.0023189219688966628 -0.0036136527266353367 -0.0030770618468523026 -0.0072871946990489926 0.0048487770342035223 -0.01154224097728729 -0.0016242961548726142 -0.001411676110832819 0.0034684365558496208 -0.0010385498693829182 -0.0017181851109489797 0.001856417023615601 -0.0056997301056981083 0.0040196600785622223 0.0033336212299764144 0.0080739732384681687 0.0076605463027954101 -0.0017510202278693517 0.003222941733896732 -0.0044060369152575732 -0.0020813389867544172 -0.0021417087323165364
leaf_weight=20 30 19.000000000000004 9.0000000000000018 18 15.000000000000002 4.9999999999999991 5.9999999999999991 10.999999999999998 31 7.9999999999999991 5.9999999999999982 10.000000000000002 5.9999999999999991 5 56 13.999999999999998 32 68 11.999999999999998 18 11.999999999999998 12.999999999999998 12.000000000000002 4.9999999999999991 4.9999999999999991 8.9999999999999982 14.999999999999998 14.999999999999998 4.9999999999999991 6.9999999999999991
leaf_count=20 30 19 9 18 15 5 6 11 31 8 6 10 6 5 56 14 32 68 12 18 12 13 12 5 5 9 15 15 5 7
internal_value=6.18383e-13 -0.000372619 -0.000125888 0.000913435 -0.000470898 0.00193084 0.00152926 -0.000112244 0.00334823 -0.000412987 -0.00125843 -0.00197376 -0.00140645 -0.00692487 0.000376835 0.0014721 0.00205333 -0.000561199 -0.00424955 -0.000777636 -0.00293544 0.00156311 0.00288865 0.00291958 0.00241425 0.001844 0.00092844 -0.00219672 0.00271847 0.00131639
internal_weight=497 353 322 144 61 83 78 41 37 294 142 107 96 11 152 78 70 74 22 74 31 28 28 56 51 46 35 33 37 19
internal_count=497 353 322 144 61 83 78 41 37 294 142 107 96 11 152 78 70 74 22 74 31 28 28 56 51 46 35 33 37 19
is_linear=0
shrinkage=0.03


Tree=122
num_leaves=31
num_cat=0
split_feature=8 93 45 75 9 57 56 30 42 18 81 13 45 85 93 40 48 17 93 25 45 17 62 53 49 65 36 70 51 42
split_gain=0.179916 0.208033 0.249836 0.287417 0.352905 0.254982 0.257914 0.33965 0.24541 0.250027 0.194266 0.180696 0.242741 0.19729 0.192287 0.211877 0.187676 0.263246 0.226934 0.178166 0.179227 0.171156 0.191954 0.170701 0.164192 0.160997 0.138349 0.142773 0.135573 0.135116
threshold=-1.9603947928755392 32302.000000000004 -0.3537048062754245 0.13473174667204521 -0.15951670980770213 -0.078692543214638547 -0.063676721020631918 0.095461344134034676 -0.7185788384144921 -0.18439788922420228 54.79043647357107 0.87798968848181835 -0.13902785237249926 0.038832794874906547 47530.500000000007 -0.13634371188804703 0.098756259056441129 -0.16190050864162422 233023.50000000003 0.032340805182073343 0.11167696188707736 0.026640779822944303 0.11412302424201941 0.026270730025148958 0.2718566367712501 3.6850622296333317 -0.26451102131116955 66.500000000000014 0.098132440530495038 0.28468070005774454
decision_type=2 2 2 2 2 2 2 2 2 2 2 2 2 2 2 2 2 2 2 2 2 2 2 2 2 2 2 2 2 2
left_child=-1 2 3 4 -2 24 29 8 9 -8 -9 12 13 -3 -15 -16 17 -14 -18 20 -19 -10 -23 -13 26 -22 -4 -28 -27 -7
right_child=1 11 5 -5 -6 6 7 10 21 -11 -12 23 16 14 15 -17 18 19 -20 -21 25 22 -24 -25 -26 28 27 -29 -30 -31
leaf_value=-0.0047755873682243481 -0.0021450014244765044 0.0032499273600684396 0.00037970471931131263 -0.0026272527816203922 0.0041682781399611166 -0.0010168391478840599 0.0027037950498717159 0.0039847469409661608 0.0050438864352671722 0.010096278369426726 -0.0019534127855235163 -0.008427373453974726 -0.0060105669567397293 -0.0051280828006565566 -0.0012189113084847727 0.0027472239656543191 0.0018324301520647901 -0.0047310427401680497 -0.0022664079085516274 -0.0044986939838585942 -0.004448430314660072 5.7675772537053974e-05 0.0061112502962350846 -0.0011697176897100038 0.0038467852398753164 0.0025680196626017278 -0.0017705654774908903 -0.0075783379375934596 -0.00092505275504663588 0.0017413664682798327
leaf_weight=6.9999999999999991 14.999999999999998 23 19 39 17 33 7.0000000000000027 7.0000000000000027 19 9.9999999999999982 17 4.9999999999999982 12.999999999999998 5.9999999999999991 27 22 31 7.9999999999999991 20 12.999999999999998 5.9999999999999991 22.000000000000004 5.9999999999999991 7 5.9999999999999991 20 16.000000000000004 4.9999999999999991 20 31
leaf_count=7 15 23 19 39 17 33 7 7 19 10 17 5 13 6 27 22 31 8 20 13 6 22 6 7 6 20 16 5 20 31
internal_value=5.30764e-12 6.82227e-05 0.000628508 -0.00089827 0.00120893 0.00117599 0.00176823 0.0028221 0.00396343 0.00705231 -0.00022145 -0.000613754 -0.000408204 0.000916771 -5.89123e-05 0.000561802 -0.00119712 -0.00210375 0.000225043 -0.00134571 -0.000586659 0.00284617 0.00135487 -0.00419374 -0.000780992 0.000134103 -0.00147516 -0.00315337 0.000821483 0.000319167
internal_weight=497 490 269 71 32 198 152 88 64 17 24 221 209 78 55 49 131 80 51 67 54 47 28 12 46 46 40 21 40 64
internal_count=497 490 269 71 32 198 152 88 64 17 24 221 209 78 55 49 131 80 51 67 54 47 28 12 46 46 40 21 40 64
is_linear=0
shrinkage=0.03


Tree=123
num_leaves=31
num_cat=0
split_feature=50 77 49 43 43 3 33 80 63 42 81 8 57 78 34 49 33 93 58 29 93 62 37 57 17 42 27 33 70 46
split_gain=0.170812 0.225973 0.282778 0.204972 0.275926 0.214376 0.199081 0.220443 0.277514 0.227161 0.261909 0.186041 0.206859 0.174724 0.173243 0.167397 0.166854 0.166318 0.251551 0.154463 0.153035 0.225461 0.211597 0.195974 0.13985 0.132368 0.220804 0.188024 0.128891 0.125269
threshold=0.11197300781538014 1.5000000000000002 0.26512973598804429 -0.56512734248313434 0.033481940302257214 0.95456926371135531 -3.1572754914525292 49.315807023384131 0.19020913051192823 -1.4364756267626471 69.750145207299539 0.39346430115369485 0.18938616040272357 137.79485372394717 -0.45636957110317061 0.098185036285718105 2.036999439917293 217628.00000000003 -0.013894725530614991 0.021605077119980876 34533.500000000007 0.088405456957617784 -1.1192206049105278 -0.09855703686863608 0.32103480090566355 -0.31645159011411506 -0.095020211545108729 -1.1913508521200269 49.500000000000007 -0.90337353093788986
decision_type=2 2 2 2 2 2 2 2 2 2 2 2 2 2 2 2 2 2 2 2 2 2 2 2 2 2 2 2 2 2
left_child=1 2 6 5 29 15 14 13 9 -9 11 12 20 -8 -1 -2 25 18 -4 -3 24 23 -23 -22 -11 27 -27 -6 -14 -5
right_child=3 19 17 4 16 -7 7 8 -10 10 -12 -13 28 -15 -16 -17 -18 -19 -20 -21 21 22 -24 -25 -26 26 -28 -29 -30 -31
leaf_value=0.0052632282371632734 0.0027516055430393091 -0.0011185837912030122 0.00088434126286301735 0.0022127480506896969 0.0062736403476446843 -0.001696644820876827 -0.0033140570455445694 0.0052789897524884773 -0.0061062811527933395 0.00085727906468409029 -0.0041790449196871899 -0.0013953324679044142 0.0014015953663329131 0.0015530312620103358 -0.00089030238134520394 0.0083107402175664896 -0.0017404888413979538 -0.0015933907244886668 0.0068035913258790966 -0.0054661561176180835 0.0026922543393448004 -0.0083864571899175625 -3.0206321272999051e-05 -0.001092080638134995 0.0051024693483486773 0.00604179635643959 -0.00026254121121019124 0.00070373160392045973 0.0082134006991982453 -0.0029567882335848274
leaf_weight=10.000000000000002 26 19.000000000000004 14.000000000000002 4.9999999999999991 12.000000000000002 7.9999999999999991 39 6.9999999999999991 6.9999999999999991 55 13.999999999999998 56 4.9999999999999982 7.9999999999999991 6.9999999999999991 5.9999999999999991 13.999999999999998 6.9999999999999991 11.999999999999998 11.999999999999998 17.999999999999993 6 4.9999999999999982 39.000000000000007 7.9999999999999991 5.9999999999999991 30 9.9999999999999982 5 27
leaf_count=10 26 19 14 5 12 8 39 7 7 55 14 56 5 8 7 6 14 7 12 12 18 6 5 39 8 6 30 10 5 27
internal_value=4.832e-12 -0.000355219 -0.000119706 0.000870779 0.000168838 0.00269583 -0.000420122 -0.000616969 -0.000226629 -3.78329e-05 -0.00021422 6.75438e-05 0.000648544 -0.00248562 0.00272942 0.00379394 0.00119901 0.00251122 0.0036163 -0.00280152 0.000331067 -0.000655887 -0.00458816 0.000102973 0.00139635 0.00190854 0.000788182 0.00374186 0.0048075 -0.00214905
internal_weight=497 353 322 144 104 40 289 272 225 218 211 197 141 47 17 32 72 33 26 31 131 68 11 57 63 58 36 22 10 32
internal_count=497 353 322 144 104 40 289 272 225 218 211 197 141 47 17 32 72 33 26 31 131 68 11 57 63 58 36 22 10 32
is_linear=0
shrinkage=0.03


Tree=124
num_leaves=31
num_cat=0
split_feature=8 93 62 58 1 81 80 46 32 43 27 52 15 19 42 19 45 28 58 20 56 84 66 5 38 93 52 37 49 57
split_gain=0.167884 0.184772 0.23546 0.292588 0.261794 0.219099 0.213234 0.174709 0.171339 0.170127 0.275408 0.165375 0.162654 0.160911 0.158277 0.230164 0.19083 0.20435 0.17737 0.17717 0.176549 0.163 0.157475 0.151351 0.150095 0.146641 0.146226 0.138735 0.155901 0.134769
threshold=-1.9603947928755392 32302.000000000004 0.044415535612195793 0.016833040858090034 -2.4922449265053763 66.349325352864938 108.9830940444587 0.70464257411905784 0.88286632817734134 0.68391167617641668 0.12849861252451802 -0.32594847710241626 -0.86393157926618114 -0.18170288075417784 1.3065533084858936 0.018946901356934682 -0.13902785237249926 0.083740892493014668 0.059921683417589647 0.12750870456202551 -0.050071502803741522 0.16532567143440249 13.962442396313365 -0.607158813045649 0.02493929472454837 26100.000000000004 0.10831927875329711 1.0309668864292074 0.16930032004346615 0.19759751102836876
decision_type=2 2 2 2 2 2 2 2 2 2 2 2 2 2 2 2 2 2 2 2 2 2 2 2 2 2 2 2 2 2
left_child=-1 2 5 4 -4 6 7 9 29 10 25 -3 -9 -5 16 -16 21 18 19 20 -18 23 -10 -13 -11 -2 -6 28 -15 -7
right_child=1 11 3 13 26 8 -8 12 22 24 -12 14 -14 27 15 -17 17 -19 -20 -21 -22 -23 -24 -25 -26 -27 -28 -29 -30 -31
leaf_value=-0.0046131433067577226 -0.00071582601926942809 -0.0054893253743648531 0.0066785770654678341 -0.00097224941477179526 -0.0015075833845714277 -0.0024733640598909304 0.0052797225792892274 -0.0013930350515459257 0.0021519318781793107 -0.0049107847176492201 0.005273741533358892 1.8465705015842103e-05 0.0039963445439934724 0.0042832139058038583 -0.000297091454733163 -0.0073898562682526451 -0.0035777668245801967 0.0016607877885689958 -0.0034149678953502684 0.0024736392257126189 -5.9050760358910673e-05 -0.0024306264959953047 -0.0041849445998668666 0.002873043947853148 6.5722876461222763e-05 0.0038474626915662416 0.0028064222137133277 0.00080405671731568866 0.010086192369461058 -0.0080408538579940791
leaf_weight=6.9999999999999991 67 5.9999999999999991 4.9999999999999991 5.9999999999999991 33 18.000000000000004 7.9999999999999991 7.0000000000000027 12.000000000000002 12.000000000000002 8.9999999999999982 32 18 25.000000000000004 10.000000000000002 6.9999999999999991 21 22 31 12.999999999999998 33 10.999999999999998 4.9999999999999991 35 9.9999999999999982 6.9999999999999991 8.9999999999999982 7.9999999999999991 4.9999999999999991 4.9999999999999991
leaf_count=7 67 6 5 6 33 18 8 7 12 12 9 32 18 25 10 7 21 22 31 13 33 11 5 35 10 7 9 8 5 5
internal_value=-7.62438e-13 6.5902e-05 0.000593935 0.00183528 0.000189371 -4.06868e-05 0.000525972 0.000233433 -0.00199566 -0.000303206 0.000318501 -0.000576817 0.00248732 0.00359342 -0.000439723 -0.00321764 -0.000201215 -0.000952093 -0.00153866 -0.000670514 -0.00142744 0.000953981 0.000288145 0.00150966 -0.00264874 -0.000284164 -0.000583154 0.00431431 0.00525038 -0.00368369
internal_weight=497 490 269 91 47 178 138 130 40 105 83 221 25 44 215 17 198 120 98 67 54 78 17 67 22 74 42 38 30 23
internal_count=497 490 269 91 47 178 138 130 40 105 83 221 25 44 215 17 198 120 98 67 54 78 17 67 22 74 42 38 30 23
is_linear=0
shrinkage=0.03


Tree=125
num_leaves=31
num_cat=0
split_feature=71 8 30 51 1 79 30 56 6 15 57 93 40 48 9 9 75 9 60 17 52 38 85 65 2 93 56 26 36 55
split_gain=0.159824 0.185817 0.228186 0.173375 0.145558 0.28081 0.260723 0.238168 0.203346 0.229289 0.226059 0.202265 0.190588 0.190047 0.186211 0.205517 0.180177 0.184575 0.177226 0.213106 0.238466 0.179813 0.240633 0.157675 0.151471 0.130767 0.127798 0.127906 0.127246 0.121867
threshold=3.5000000000000004 1.07510268137137 0.10491929412926498 -0.37089541272968507 0.51369738702124335 37.188277809913878 -0.042539766898920799 0.18397989920008154 -1.4783142566470684 -0.86393157926618114 0.16329190976172744 54198.500000000007 -1.1428584674267288 -0.10214003199604889 0.15271868156931304 -0.15054448684855262 0.054299754299754303 0.85507909450720998 -0.17404556926004211 -0.09314993451341623 0.13384298038000103 -0.35519305834149356 0.036547582596540458 0.41885685175657278 -0.75138738626417234 11819.500000000002 -0.071631820631504375 -0.040007862767567591 0.46476440138438702 -0.051285695000549629
decision_type=2 2 2 2 2 2 2 2 2 2 2 2 2 2 2 2 2 2 2 2 2 2 2 2 2 2 2 2 2 2
left_child=-1 3 -3 -2 5 7 29 8 -5 11 12 -10 -11 26 15 -12 28 23 -14 24 21 22 -21 -18 -20 -23 -6 -28 -15 -7
right_child=1 2 -4 4 13 6 -8 -9 9 10 14 -13 18 16 -16 -17 17 -19 19 20 -22 25 -24 -25 -26 -27 27 -29 -30 -31
leaf_value=-0.0045010471024683543 -0.0042249227501451967 0.0031449372907199204 -0.0032466731593012812 0.0041843804195523266 -0.0051214366807387415 0.0038707266300916665 0.0069434227320280938 0.0066152400076389308 -0.001539039327358098 -0.0028439944084467633 -0.00097619714867323609 -0.0081965519785881027 -0.0032884172101815541 0.003537326444159535 0.00035043711153169473 -0.009211529195308682 0.0040122546181082727 0.002357881770003587 0.0032172909565269946 0.00389135147803105 -0.0009843286095187068 0.0052914807982742725 -0.0012150455513240202 -0.0014417391182073166 -0.002052410057513044 0.0023204875735100359 -0.0040190536954573218 0.0015338201075792313 -0.00040550919178013617 -0.0024708793358877291
leaf_weight=6.9999999999999991 8.9999999999999982 31 5.9999999999999991 9.9999999999999982 13.000000000000002 5 10.999999999999998 4.9999999999999991 23.000000000000004 13.999999999999998 5 4.9999999999999991 8.9999999999999982 17.000000000000004 8.9999999999999982 6.0000000000000018 4.9999999999999991 14.999999999999998 5.9999999999999991 12.999999999999991 25 20.000000000000021 23 104 26.999999999999986 40 7 7.9999999999999982 12.999999999999998 6.0000000000000018
leaf_count=7 9 31 6 10 13 5 11 5 23 14 5 5 9 17 9 6 5 15 6 13 25 20 23 104 27 40 7 8 13 6
internal_value=-1.0058e-11 6.43007e-05 0.00210846 -0.000102662 -1.91022e-05 0.00043362 0.00367755 0.000136261 -1.59006e-06 -0.000187633 0.000173417 -0.00272788 0.000515025 -0.000670824 -0.00284981 -0.0054682 -0.000257457 -0.000762188 0.00080353 0.00104267 0.00162547 0.00230511 0.000628931 -0.00119156 -0.00109428 0.00331082 -0.00294434 -0.00105752 0.00182876 0.000411669
internal_weight=497 490 37 453 444 262 22 240 235 225 197 28 177 182 20 11 154 124 163 154 121 96 36 109 33 60 28 15 30 11
internal_count=497 490 37 453 444 262 22 240 235 225 197 28 177 182 20 11 154 124 163 154 121 96 36 109 33 60 28 15 30 11
is_linear=0
shrinkage=0.03


Tree=126
num_leaves=31
num_cat=0
split_feature=8 93 62 58 1 81 80 63 47 13 45 85 93 40 48 17 93 32 59 25 45 53 43 22 65 30 54 60 44 50
split_gain=0.157206 0.166086 0.21458 0.26754 0.241073 0.200155 0.194952 0.16484 0.187908 0.155893 0.201366 0.168599 0.165435 0.192409 0.16389 0.223665 0.19507 0.154274 0.151952 0.149491 0.155977 0.145889 0.144978 0.144293 0.138583 0.133829 0.14025 0.12842 0.15436 0.127609
threshold=-1.9603947928755392 32302.000000000004 0.044415535612195793 0.016833040858090034 -2.4922449265053763 66.349325352864938 108.9830940444587 -0.17813739903953299 1.2989465632494714 0.87798968848181835 -0.13902785237249926 0.038832794874906547 47530.500000000007 -0.13634371188804703 0.098756259056441129 -0.16190050864162422 233023.50000000003 0.88286632817734134 -0.0045938786586300897 0.032340805182073343 0.11167696188707736 0.026270730025148958 -0.10483837450205351 0.064804334234217414 3.6850622296333317 -0.10008307067622689 0.12404610987230526 0.18361970930449989 -1.0956567076247214 0.015953739376871317
decision_type=2 2 2 2 2 2 2 2 2 2 2 2 2 2 2 2 2 2 2 2 2 2 2 2 2 2 2 2 2 2
left_child=-1 2 5 4 -4 6 7 -2 27 10 11 -3 -13 -14 15 -12 -16 29 -5 20 -17 -11 -19 -20 -22 -6 -27 28 -9 -7
right_child=1 9 3 18 25 17 -8 8 -10 21 14 12 13 -15 16 19 -18 22 23 -21 24 -23 -24 -25 -26 26 -28 -29 -30 -31
leaf_value=-0.0044640185683965678 0.004698460591690881 0.0030089674948755164 0.006402644723653793 0.0017460315687450295 0.0040408864170312885 -0.004839292380561612 0.005045576489064842 -0.0057395912334322931 0.0056619615107774733 -0.0077846800982952118 -0.0055215807318185952 -0.0047517587617039673 -0.0011710181206257806 0.0026085220759903844 0.0017460554407819383 -0.0043926554080098868 -0.0020541342805372553 0.0040082879923284027 0.0031220442615449416 -0.0041098361954881027 -0.0041056177392601962 -0.0010751881024667193 -0.0017889895628799091 0.0081471025012433539 0.00078371240291744463 -0.0021584053108757678 0.0023283170792274175 0.0028109219670295715 -0.00034080514698015414 0.00024963304866105319
leaf_weight=6.9999999999999991 6.9999999999999991 23 4.9999999999999991 23 4.9999999999999991 17.000000000000004 7.9999999999999991 4.9999999999999991 4.9999999999999991 4.9999999999999982 12.999999999999998 5.9999999999999991 27 22 31 7.9999999999999991 20 6.0000000000000027 12.000000000000002 12.999999999999998 5.9999999999999991 7 10.999999999999998 8.9999999999999982 40 29 7.9999999999999991 10.999999999999998 102 5.9999999999999991
leaf_count=7 7 23 5 23 5 17 8 5 5 5 13 6 27 22 31 8 20 6 12 13 6 7 11 9 40 29 8 11 102 6
internal_value=2.37164e-12 6.37717e-05 0.000564394 0.00174942 0.000175541 -4.14361e-05 0.000500172 0.000220455 -3.43913e-05 -0.000545583 -0.000354661 0.000852124 -4.98283e-05 0.000525918 -0.0010732 -0.00192044 0.000255785 -0.00190998 0.00343062 -0.00122171 -0.000526416 -0.00387081 0.000257108 0.00527564 0.000145974 -0.000565781 -0.0011883 -0.000275762 -0.000593085 -0.00351175
internal_weight=497 490 269 91 47 178 138 130 123 221 209 78 55 49 131 80 51 40 44 67 54 12 17 21 46 42 37 118 107 23
internal_count=497 490 269 91 47 178 138 130 123 221 209 78 55 49 131 80 51 40 44 67 54 12 17 21 46 42 37 118 107 23
is_linear=0
shrinkage=0.03


Tree=127
num_leaves=31
num_cat=0
split_feature=8 93 45 46 57 56 30 19 23 21 53 36 41 28 80 50 84 45 84 62 29 11 32 29 8 62 48 15 62 6
split_gain=0.147915 0.156271 0.203169 0.250348 0.218973 0.205433 0.277458 0.203929 0.181146 0.173292 0.187726 0.169225 0.15395 0.18649 0.188494 0.148867 0.174513 0.219161 0.203932 0.161055 0.204288 0.148305 0.140113 0.139625 0.130609 0.129999 0.123612 0.122711 0.117791 0.134729
threshold=-1.9603947928755392 32302.000000000004 -0.3537048062754245 1.2526031478255411 -0.078692543214638547 -0.063676721020631918 0.095461344134034676 0.24576880876864801 0.037297031306691555 0.18640829614233514 0.078393829978484666 1.3183350459804744 -0.6158380580496805 -0.10594205530833464 78.74610405815973 0.21094858177511908 0.15510345250368121 -0.13902785237249926 0.19238835573196414 -0.055392637672559732 0.077538227563358 0.63689350059869698 -2.2123157236522708 0.079248626197484975 0.54199636496299908 0.1363164797759894 0.087864038638547678 0.68516993539314364 0.051422492068622226 -0.44627829050944395
decision_type=2 2 2 2 2 2 2 2 2 2 2 2 2 2 2 2 2 2 2 2 2 2 2 2 2 2 2 2 2 2
left_child=-1 2 3 8 22 27 7 12 9 10 -2 -8 -7 -14 -15 16 17 25 -18 23 26 -20 -4 -19 -24 -3 -21 28 29 -6
right_child=1 15 4 -5 5 6 11 -9 -10 -11 -12 -13 13 14 -16 -17 18 19 21 20 -22 -23 24 -25 -26 -27 -28 -29 -30 -31
leaf_value=-0.0043300980755261011 0.00085699258176119683 0.0013471072218230655 0.0023691035136580467 0.0050339882448315618 0.0020429125017835761 -5.051597894635051e-05 -0.0018367530605824221 0.0083944738310362602 -0.003249427434056997 0.0042277206480503078 -0.003935895916074514 0.0037054939800873397 -0.0011500021535903215 0.003306564860174368 0.0080829963013529776 0.002464736262336373 -0.0061387262510305077 0.0013208415140397846 0.0016212125588208435 -0.003961592445319349 0.0015817612688988447 -0.0048227984234690659 -0.003003512987786013 -0.003139709187671542 0.00075852132890409283 -0.0032774850353598597 -0.0013234122260849203 -0.0042157239094376565 0.0028766364930197597 -0.0014312037564296687
leaf_weight=6.9999999999999991 19.000000000000004 62 9.9999999999999982 5.9999999999999991 15.999999999999995 11.999999999999998 17.000000000000004 6.9999999999999991 27 6.9999999999999991 11.999999999999998 6.9999999999999991 5.9999999999999991 29 9.9999999999999982 13.999999999999998 11.000000000000002 30 8.9999999999999982 33 11.999999999999998 4.9999999999999991 23 7.9999999999999991 12.999999999999998 5.9999999999999991 31 4.9999999999999991 15.999999999999998 27.000000000000004
leaf_count=7 19 62 10 6 16 12 17 7 27 7 12 7 6 29 10 14 11 30 9 33 12 5 23 8 13 6 31 5 16 27
internal_value=-3.61895e-12 6.18585e-05 0.000547462 -0.000829359 0.00104117 0.00159001 0.00253056 0.00356212 -0.00137059 -3.56276e-05 -0.000998319 -0.000220264 0.00296867 0.00377379 0.00453129 -0.000529216 -0.000731705 -0.000408868 -0.00308196 -0.00121289 -0.00201023 -0.00068022 -0.000772369 0.000381778 -0.001645 0.000939055 -0.00268372 0.000296745 0.000679157 -0.000138509
internal_weight=497 490 269 71 198 152 88 64 65 38 31 24 57 45 39 221 207 182 25 114 76 14 46 38 36 68 64 64 59 43
internal_count=497 490 269 71 198 152 88 64 65 38 31 24 57 45 39 221 207 182 25 114 76 14 46 38 36 68 64 64 59 43
is_linear=0
shrinkage=0.03


Tree=128
num_leaves=31
num_cat=0
split_feature=71 8 30 51 39 1 79 30 16 6 81 59 43 40 66 56 62 55 12 59 54 26 64 39 62 78 67 28 62 27
split_gain=0.141704 0.16286 0.202253 0.157512 0.130614 0.140653 0.258709 0.2444 0.198633 0.214323 0.21005 0.20058 0.177428 0.164824 0.137407 0.1353 0.144562 0.13404 0.125718 0.166327 0.144915 0.177264 0.125704 0.159189 0.152767 0.118596 0.112054 0.109266 0.116189 0.118744
threshold=3.5000000000000004 1.07510268137137 0.10491929412926498 -0.37089541272968507 1.6237716184615865 0.51369738702124335 37.188277809913878 -0.042539766898920799 0.94616155273058722 -1.4783142566470684 59.630734986498872 -0.14775315125441657 1.3202017886075981 -1.0269727288093768 0.21214953271028042 0.21042693704343171 0.246651958421476 0.20829201881298215 0.621142633201199 0.18923951583700016 0.008912971930518045 -0.051981831111951822 5.0089030669249253 -1.3629665216439639 0.12231039059458264 126.13116231433257 48.000000000000007 -0.23926949728448632 0.025361053853464658 0.059654210185391604
decision_type=2 2 2 2 2 2 2 2 2 2 2 2 2 2 2 2 2 2 2 2 2 2 2 2 2 2 2 2 2 2
left_child=-1 3 26 -2 5 6 8 -8 9 -5 -10 14 13 -13 -11 16 18 22 19 20 21 -7 -15 -24 27 -23 -3 -25 -29 -30
right_child=1 2 -4 4 -6 15 7 -9 10 11 -12 12 -14 17 -16 -17 -18 -19 -20 -21 -22 25 23 24 -26 -27 -28 28 29 -31
leaf_value=-0.0042382220631199223 -0.0040249156299978495 0.0039241605390270698 -0.0030673846043646332 0.003970465480349958 0.0027356277648359537 -0.0025801681374248704 0.00044033653187480824 0.0069204847030341623 0.0045280199229498115 0.005831240846642426 -0.00018797754940083798 -0.0031465518954209982 -0.0047106707710772751 -0.0035075184785422274 0.00022700898970166842 0.0014881086030176707 0.0039371828734874725 0.0041494277445599439 -0.0032877148073369067 0.0036187284280146869 -0.0022660241879692133 0.00020973520347143749 0.0042331002652645196 -0.0044500613361597189 -0.0041801579870904479 0.0044679977292461049 -0.00038965159628008089 -0.00046362479708881828 0.00032532442593947048 0.0046327239686312768
leaf_weight=6.9999999999999991 8.9999999999999982 24.000000000000004 5.9999999999999991 9.9999999999999982 14.999999999999998 19 11.000000000000002 9.9999999999999982 17 6.9999999999999991 17 20 9.9999999999999982 10.999999999999998 8.9999999999999982 21 4.9999999999999991 5.9999999999999991 23 6.9999999999999991 55 37 6.9999999999999849 4.9999999999999849 8.9999999999999982 6.9999999999999991 6.9999999999999991 81.000000000000028 16.000000000000004 8.9999999999999982
leaf_count=7 9 24 6 10 15 19 11 10 17 7 17 20 10 11 9 21 5 6 23 7 55 37 7 5 9 7 7 81 16 9
internal_value=7.09735e-13 6.0546e-05 0.00197427 -9.57625e-05 -1.61175e-05 -0.000112332 0.000336384 0.00352612 5.01253e-05 -0.000310257 0.00217002 -0.000535558 -0.000831137 -0.00059458 0.00267886 -0.000769934 -0.00107986 -0.000240139 -0.00124936 -0.000874298 -0.00114083 -0.000158524 -0.00043099 -0.000164519 -0.000421047 0.000887186 0.00295007 -0.000116254 8.81707e-05 0.00187599
internal_weight=497 490 37 453 444 429 255 21 234 200 34 190 174 164 16 174 153 144 148 125 118 63 138 127 120 44 31 111 106 25
internal_count=497 490 37 453 444 429 255 21 234 200 34 190 174 164 16 174 153 144 148 125 118 63 138 127 120 44 31 111 106 25
is_linear=0
shrinkage=0.03


Tree=129
num_leaves=31
num_cat=0
split_feature=33 56 11 66 22 93 8 28 35 54 61 26 60 47 63 18 14 14 50 24 29 55 5 4 65 45 45 8 42 54
split_gain=0.137743 0.201299 0.181684 0.237234 0.257313 0.23329 0.183708 0.183402 0.162027 0.15495 0.298842 0.188439 0.178614 0.228432 0.213375 0.156325 0.154338 0.202068 0.152031 0.151826 0.173934 0.141011 0.140026 0.137956 0.137509 0.132677 0.125997 0.121009 0.120448 0.117376
threshold=3.3160216566128886 0.19005669147640256 -0.16581944228242171 8.7773745463646637 0.12489800592314339 2916.0000000000005 -0.80760277395027102 0.067233854654117131 -1.7186773782819291 -0.013737437338043208 0.070329661167862836 -0.035314801154884008 -0.1223113038577392 -0.47623592793752639 -0.015941490872026492 -0.29810077246765992 0.97432085726478046 0.10698565478732334 -0.16357275976669464 0.0073788705280591555 -0.067504981274581752 -0.13109346442488146 -0.10654857324901167 0.9681773334593522 3.7886770218610768 1.122069648235797 0.24289129118114436 -0.51217806331270188 -0.58025736530574523 -0.19279987286548145
decision_type=2 2 2 2 2 2 2 2 2 2 2 2 2 2 2 2 2 2 2 2 2 2 2 2 2 2 2 2 2 2
left_child=1 2 3 7 5 22 -7 16 -9 12 15 -12 27 29 -15 -11 17 23 -16 21 -21 -17 -5 25 -13 -1 -3 -4 -23 -14
right_child=-2 26 9 4 -6 6 -8 8 -10 10 11 24 13 14 18 19 -18 -19 -20 20 -22 28 -24 -25 -26 -27 -28 -29 -30 -31
leaf_value=0.0017093081009277905 -0.0036776185024064035 0.0011653584247687829 -0.0065092097818851419 -0.0052529780566692346 0.007432740088552236 -0.0015553461108356714 0.0044298844356089823 0.0071617403626441905 0.001123861211584881 -0.0040761888166889549 -0.000399885356426239 -0.0097399652302265095 0.0016090844088995997 -0.00030253330753608179 -0.00090004600351676343 -0.0040582244396209716 0.0019958064774982629 -0.0025474421425522972 0.003650136675170966 0.0034704972300678492 -0.0025731824804097413 -0.0012099070923535951 0.0015447107004001738 -0.0043297811590600754 -0.0040803356252281982 -0.003140435479581356 0.0054396540423234307 -0.0011623917828546837 0.0020032132997377106 -0.0019318038069953522
leaf_weight=33 8.9999999999999982 20.000000000000004 5.0000000000000027 6 7.9999999999999991 5.9999999999999991 20.000000000000004 5.0000000000000027 20 9.9999999999999982 9.9999999999999982 5.0000000000000027 10.999999999999998 33 7.9999999999999991 4.9999999999999991 18 42 38 4.9999999999999991 30 13.999999999999998 4.9999999999999982 4.9999999999999991 17 5.9999999999999991 8.9999999999999982 15.999999999999998 42 36
leaf_count=33 9 20 5 6 8 6 20 5 20 10 10 5 11 33 8 5 18 42 38 5 30 14 5 5 17 6 9 16 42 36
internal_value=6.83735e-12 6.78249e-05 -8.53279e-05 0.000678544 0.00255407 0.00149922 0.00304868 2.42909e-05 0.00233144 -0.000551692 -0.00127365 -0.00381451 0.000126067 0.000552986 0.00153824 -0.000506601 -0.000530312 -0.00105903 0.0028588 -0.000134769 -0.0017098 0.000768937 -0.00216312 0.000361719 -0.00536662 0.000963194 0.00249186 -0.00243544 0.00119993 -0.00110309
internal_weight=497 488 459 174 45 37 26 129 25 285 138 32 147 126 79 106 104 86 46 96 35 61 11 44 22 39 29 21 56 47
internal_count=497 488 459 174 45 37 26 129 25 285 138 32 147 126 79 106 104 86 46 96 35 61 11 44 22 39 29 21 56 47
is_linear=0
shrinkage=0.03


Tree=130
num_leaves=31
num_cat=0
split_feature=39 38 15 42 36 64 44 56 40 24 62 5 89 54 30 57 78 88 64 5 45 30 26 15 19 35 64 31 85 31
split_gain=0.132711 0.197618 0.191599 0.182032 0.20137 0.188685 0.197294 0.18097 0.171753 0.169995 0.169017 0.245398 0.16841 0.161606 0.156973 0.148057 0.146088 0.144461 0.15362 0.183456 0.143041 0.140539 0.131779 0.11713 0.114424 0.113854 0.111372 0.127943 0.162887 0.10936
threshold=1.0777768827841976 -0.22001406910803231 0.75081475940527265 -0.8434180948922354 0.36794063433998753 13.458300812202589 0.73265867727489697 -0.1085070269735073 0.67010188195307896 -0.036343671606717302 -0.028860946511055998 1.6663665674688388 0.17813691414523203 -0.13111898131128868 0.079586287503125977 -0.15319631872135903 144.78607410845254 1592.0702202216423 7.7618826183492446 0.28311612044766798 0.16836752539225794 -1.0000000180025095e-35 -0.024355667066027115 0.66234134329183181 -0.15693110529734969 -1.1411461564304648 12.491373603749954 0.15820434640596528 0.11650335043668748 -0.079319199551992445
decision_type=2 2 2 2 2 2 2 2 2 2 2 2 2 2 2 2 2 2 2 2 2 2 2 2 2 2 2 2 2 2
left_child=1 10 7 4 -3 6 12 25 24 -7 13 15 14 20 26 -12 -16 -8 -19 -20 -1 -6 -4 -17 -9 -2 27 28 -5 -26
right_child=2 3 22 5 21 9 17 8 -10 -11 11 -13 -14 -15 16 23 -18 18 19 -21 -22 -23 -24 -25 29 -27 -28 -29 -30 -31
leaf_value=-0.0016828953847289085 0.0019099920491377504 0.00055216348365597101 0.00042777333408594126 0.0006220892085057921 0.0021098178039704049 -0.0072287271171808222 0.00063362593404375593 -0.00037589302483516255 0.0070385685110730782 -8.7399557232856762e-05 -0.0033753509335219859 0.0045421613566577436 0.0049092067312449215 -0.0027782383436826454 -0.0022930250140941804 -0.00061656092261810869 0.0032895757891237731 -0.00042753503386241677 -0.010001407742500306 -0.0024775014019438194 0.0042971011158078904 0.0081213673417057323 -0.0061666886508464818 0.0026055410469416531 0.0066181997954845428 -0.0025536861782893537 0.0041567217124005157 0.0037494657676539977 -0.0049378594011068346 0.0020703016583929236
leaf_weight=8.9999999999999982 9.0000000000000018 23 6 92 7 6 12.999999999999998 12.999999999999995 6.9999999999999991 5.9999999999999982 14.999999999999998 8.9999999999999982 7.9999999999999991 59 27 66 4.9999999999999991 9.0000000000000018 4.9999999999999982 7 5.9999999999999991 6.9999999999999982 4.9999999999999982 11.999999999999998 5.9999999999999991 11.999999999999998 8.9999999999999982 10.999999999999998 4.9999999999999991 23.000000000000007
leaf_count=9 9 23 6 92 7 6 13 13 7 6 15 9 8 59 27 66 5 9 5 7 6 7 5 12 6 12 9 11 5 23
internal_value=-1.74799e-13 -0.000216318 0.00111097 0.000343619 0.00227887 -9.11133e-06 0.000220142 0.00168936 0.00268795 -0.00365806 -0.000979868 -0.000188013 0.000668837 -0.00207134 0.000441166 -0.000645772 -0.00142074 -0.00185177 -0.00339035 -0.00561246 0.000709103 0.00511559 -0.00256971 -0.000120853 0.00196285 -0.000640681 0.000950406 0.000683213 0.000335494 0.00301125
internal_weight=497 416 81 240 37 203 191 70 49 12 176 102 157 74 149 93 32 34 21 12 15 14 11 78 42 21 117 108 97 29
internal_count=497 416 81 240 37 203 191 70 49 12 176 102 157 74 149 93 32 34 21 12 15 14 11 78 42 21 117 108 97 29
is_linear=0
shrinkage=0.03


Tree=131
num_leaves=31
num_cat=0
split_feature=8 93 7 3 43 7 1 37 55 93 82 56 24 85 13 45 85 48 17 93 93 40 25 33 15 53 17 25 16 19
split_gain=0.12906 0.134791 0.179116 0.227769 0.227103 0.236717 0.262517 0.192159 0.18464 0.181988 0.163396 0.15206 0.223854 0.174137 0.130062 0.164453 0.145886 0.135091 0.185646 0.165024 0.13454 0.171161 0.125836 0.133581 0.125362 0.117228 0.113806 0.113161 0.137419 0.109861
threshold=-1.9603947928755392 32302.000000000004 0.81639204436075308 1.2516996445975748 0.65426195426239353 0.5856280562065922 -2.3584975044642018 -0.15538241442418818 -0.043484476777255636 1208.0000000000002 14.086335606764319 0.099308996241186082 0.14617973552219818 0.073979321867227568 0.87798968848181835 -0.13902785237249926 0.038832794874906547 0.098756259056441129 -0.16190050864162422 233023.50000000003 47530.500000000007 -0.13634371188804703 0.032340805182073343 0.70998178725883343 0.88057621613150172 0.026270730025148958 0.32103480090566355 0.057140478629809137 0.88998039142415408 0.035441532745642636
decision_type=2 2 2 2 2 2 2 2 2 2 2 2 2 2 2 2 2 2 2 2 2 2 2 2 2 2 2 2 2 2
left_child=-1 2 4 10 5 6 7 -2 9 -8 -4 12 27 24 15 16 -3 18 -17 -19 -18 -22 23 -20 -13 -16 -11 28 -10 -6
right_child=1 14 3 -5 29 -7 8 -9 11 26 -12 13 -14 -15 25 17 20 19 22 -21 21 -23 -24 -25 -26 -27 -28 -29 -30 -31
leaf_value=-0.0040447127925498138 0.00064606162486597859 0.0027801054007495227 0.0028130745588113427 -0.00069958568364381784 -0.0033954894755567821 -0.0038925812132656573 -0.0012586117954924703 0.0067567039416594936 -0.0012985275165798764 0.0023401759031482718 0.0087968055009841912 0.0020144286006689061 0.0021351847297046331 0.006850456327199936 -0.0070368450880050675 -0.0050161723176447241 -0.0043054225854575632 0.0016111612530104111 0.00042189448146382342 -0.0018841398578952064 -0.0011464913181650142 0.0024182515176521106 -0.0037485417412020838 -0.0029829376989177294 -0.0035194761604070662 -0.0010224360759769166 0.0071970056891441335 -0.0031813067014221674 0.0040090918242931366 -0.00015133968896835164
leaf_weight=6.9999999999999991 8.0000000000000018 23 23.000000000000004 14.999999999999998 21 9.9999999999999982 11.999999999999998 10.999999999999998 36 33 4.9999999999999991 14.000000000000005 18 4.9999999999999991 4.9999999999999982 12.999999999999998 5.9999999999999991 31 40 20 27 22 12.999999999999998 13.999999999999998 4.9999999999999991 7 4.9999999999999991 26 4.9999999999999991 17
leaf_count=7 8 23 23 15 21 10 12 11 36 33 5 14 18 5 5 13 6 31 40 20 27 22 13 14 5 7 5 26 5 17
internal_value=-1.25873e-12 5.77816e-05 0.000508779 0.00228351 0.000171109 0.000598663 0.00085098 0.0041838 0.000452718 0.00196215 0.0038816 -0.000239681 -0.000835084 0.00186904 -0.00049117 -0.000316781 0.000773797 -0.000966133 -0.00173533 0.000240455 -6.52049e-05 0.000454005 -0.00109875 -0.00046084 0.000558138 -0.00352844 0.00297923 -0.00163307 -0.000651257 -0.00194416
internal_weight=497 490 269 43 226 188 178 19 159 50 28 109 85 24 221 209 78 131 80 51 55 49 67 54 19 12 38 67 41 38
internal_count=497 490 269 43 226 188 178 19 159 50 28 109 85 24 221 209 78 131 80 51 55 49 67 54 19 12 38 67 41 38
is_linear=0
shrinkage=0.03


Tree=132
num_leaves=31
num_cat=0
split_feature=39 38 15 49 63 60 56 48 4 40 87 49 62 5 58 50 45 17 21 35 54 65 58 31 8 9 34 9 85 65
split_gain=0.123209 0.179751 0.174537 0.168778 0.17823 0.180604 0.165284 0.159308 0.157014 0.155503 0.150699 0.150021 0.143228 0.205552 0.144696 0.143085 0.13271 0.164952 0.186388 0.192885 0.129654 0.121371 0.120157 0.119848 0.118478 0.109184 0.167622 0.107048 0.10652 0.117013
threshold=1.0777768827841976 -0.22001406910803231 0.75081475940527265 0.2985180658265088 0.04122986471042913 -0.17404556926004211 -0.1085070269735073 0.35403105345948999 -0.62469791377005446 0.67010188195307896 101.42543859649125 0.33433948452100387 -0.028860946511055998 1.6663665674688388 0.017510996284198312 0.21094858177511908 -0.2062890448874769 0.36975244169028798 -0.015669135400767756 -0.25482238429004139 -0.17893557563518842 4.9222922325134286 -0.017687590438116581 0.073652664531275294 0.71164961574682517 -0.41651921809657921 -0.58620755544802405 -0.79993367739075316 0.072260115295648589 8.5285005569458026
decision_type=2 2 2 2 2 2 2 2 2 2 2 2 2 2 2 2 2 2 2 2 2 2 2 2 2 2 2 2 2 2
left_child=1 7 6 4 10 -6 27 12 -7 28 -3 -5 15 14 -14 20 25 18 22 -20 -1 -21 -18 -4 -10 -12 -27 -2 29 -8
right_child=2 3 23 11 5 8 9 -9 24 -11 16 -13 13 -15 -16 -17 17 -19 19 21 -22 -23 -24 -25 -26 26 -28 -29 -30 -31
leaf_value=0.001647377237677574 -0.0044358364865183797 -0.0035705689430635952 -0.0053010958060622226 0.0071079485118389126 -0.006051169885322452 -0.0029556509935738224 0.0028478482169365235 0.0025590202030302449 0.00090874105392556108 0.0067165215140474691 -0.0019549870546907186 0.00083256232319399708 -0.0018244220186114455 0.0041981079708784813 0.00069242576356319822 0.0027063051760196685 0.0020020766287449404 0.0069878994226455684 0.0048744646396095825 0.003709971901495007 -0.0029778620345750823 -0.00033787599066272374 -0.001937813552243537 0.00098775807023048379 -0.0028842224491139254 0.0037215010635554789 -0.00053983789286576216 0.00059308679803507405 0.0041434012854901642 -0.00096569007076323019
leaf_weight=5.9999999999999991 5.0000000000000027 6.9999999999999991 5.9999999999999982 5.9999999999999991 5.9999999999999991 19 14.000000000000002 10.999999999999998 42 6.9999999999999991 20 7.9999999999999991 52 7.9999999999999991 34 4.9999999999999991 11.000000000000002 4.9999999999999991 18.999999999999996 10.000000000000005 60 20 19 5 8.9999999999999982 11.999999999999998 27 15.999999999999998 12.999999999999998 14.999999999999998
leaf_count=6 5 7 6 6 6 19 14 11 42 7 20 8 52 8 34 5 11 5 19 10 60 20 19 5 9 12 27 16 13 15
internal_value=-6.23302e-12 -0.00020843 0.00107045 0.000325594 0.000127585 -0.00105599 0.00162249 -0.000936644 -0.000627832 0.00257682 0.000727264 0.00352201 -0.00116969 -0.000401517 -0.000829389 -0.0021867 0.000937647 0.00170358 0.00136913 0.00250933 -0.00255739 0.00101141 -0.000493187 -0.00244253 0.000239395 -0.000152836 0.000771343 -0.000604276 0.00188687 0.000875328
internal_weight=497 416 81 240 226 76 70 176 70 49 150 14 165 94 86 71 143 84 79 49 66 30 30 11 51 59 39 21 42 29
internal_count=497 416 81 240 226 76 70 176 70 49 150 14 165 94 86 71 143 84 79 49 66 30 30 11 51 59 39 21 42 29
is_linear=0
shrinkage=0.03


Tree=133
num_leaves=31
num_cat=0
split_feature=51 93 56 48 78 15 84 52 24 13 35 51 32 77 47 42 56 52 22 38 2 75 51 52 10 21 65 47 20 43
split_gain=0.1201 0.131931 0.256729 0.242459 0.14839 0.175492 0.204204 0.161819 0.146477 0.142099 0.131896 0.205255 0.259684 0.199258 0.262219 0.172483 0.18933 0.157984 0.148487 0.165264 0.149426 0.12271 0.116883 0.113433 0.106238 0.106114 0.0976846 0.101498 0.0969513 0.0937621
threshold=-0.37089541272968507 6710.5000000000009 0.032264997733843663 -0.3321122117376446 137.79485372394717 0.24430756709354925 0.055430803447961814 -0.063401969415061141 0.0073788705280591555 -0.32213221364673644 0.23175931993687085 -0.030493173220133073 0.12766422500450217 1.0000000180025095e-35 0.49891482304035889 0.54338402843932909 -0.044678142622745921 0.049711564772642484 -0.12325699666321792 -0.18339069481760448 -1.6735133798441924 0.19821428571428576 -0.06148651882855833 -0.28188206277008249 0.021148027809668183 -0.040687791080405031 1.1402753326110544 1.0593069639642676 -0.0053514309338616997 -0.4888202305250578
decision_type=2 2 2 2 2 2 2 2 2 2 2 2 2 2 2 2 2 2 2 2 2 2 2 2 2 2 2 2 2 2
left_child=29 2 4 -4 5 7 -7 21 28 -9 11 17 13 14 25 16 -14 22 19 -12 -20 -2 -3 -22 -15 -13 -25 -28 -5 -1
right_child=1 10 3 8 -6 6 -8 9 -10 -11 18 12 15 24 -16 -17 -18 -19 20 -21 23 -23 -24 26 -26 -27 27 -29 -30 -31
leaf_value=-0.00034953276067972174 -0.0020052242721430957 0.00018405342495680086 0.0089312210530042655 0.0074814110398292487 0.0034705291315913198 -0.0035480724424123739 0.0032658478014759326 0.001750344886003356 0.00028211823791604145 -0.0014564459270332009 -0.0020091360434889784 0.0089676852822303654 -0.0023221079853828997 -0.0021027198352385305 -0.0013081011618487537 -0.0039497434347867963 0.0018159192408818531 0.0041542347378152262 -0.0058503350522369144 0.0033960807877260126 -0.0054501747339963909 -0.0076733603775501254 0.0046742940694093705 0.0018602390722794967 0.0025782573688775301 0.0036967599633234466 -0.00087805348159441642 -0.0045988248049148488 0.0025657973825358427 -0.0061593839228153242
leaf_weight=5 10.999999999999998 40 4.9999999999999991 5.0000000000000027 9.9999999999999982 5.0000000000000027 19 19 22 36 8.0000000000000018 5.0000000000000062 24 16.000000000000004 7.9999999999999991 21 17 17 5.9999999999999991 13.999999999999998 4.9999999999999991 4.9999999999999991 5.9999999999999991 10.999999999999998 5.9999999999999991 10.999999999999998 115 6.9999999999999991 12.999999999999998 4.9999999999999982
leaf_count=5 11 40 5 5 10 5 19 19 22 36 8 5 24 16 8 21 17 17 6 14 5 5 6 11 6 11 115 7 13 5
internal_value=-9.10534e-12 6.68267e-05 0.000806943 0.00270278 -5.55935e-06 -0.000371463 0.00184628 -0.00112112 0.00192423 -0.000348645 -0.000262602 0.00032216 -0.000471672 0.00123617 0.00312658 -0.00173878 -0.000606341 0.00168301 -0.000864977 0.00143055 -0.00121568 -0.00377652 0.000769737 -0.00101418 -0.00082609 0.00534392 -0.000847408 -0.00109154 0.00393125 -0.00325446
internal_weight=497 487 150 45 105 95 24 71 40 55 337 171 108 46 24 62 41 63 166 22 144 16 46 138 22 16 133 122 18 10
internal_count=497 487 150 45 105 95 24 71 40 55 337 171 108 46 24 62 41 63 166 22 144 16 46 138 22 16 133 122 18 10
is_linear=0
shrinkage=0.03


Tree=134
num_leaves=31
num_cat=0
split_feature=8 3 29 56 84 50 79 22 54 86 8 49 63 4 8 59 28 65 93 38 10 6 22 57 2 71 55 54 54 47
split_gain=0.114258 0.119294 0.264686 0.122525 0.226918 0.19763 0.24092 0.140414 0.168377 0.148524 0.133532 0.130756 0.131363 0.128572 0.126387 0.124909 0.121211 0.120349 0.117968 0.115474 0.121833 0.118486 0.114479 0.188838 0.114905 0.112688 0.112355 0.110802 0.104759 0.10238
threshold=-1.9603947928755392 -1.9635153653962176 0.017891910289077804 -0.071631820631504375 0.069619812071323409 0.099803489642793494 35.719198067716881 -0.084973771849345681 -0.084050317066793903 0.80514725058824899 1.528469102559985 0.30765978528004295 -0.08591427595752639 -0.37478026265344772 0.81356113959125487 0.091282563896721652 0.00092088400711952932 5.4734645958524206 1455.5000000000002 1.0550396188318418 -0.30050120826486176 -1.0503233394600293 -0.060561169157115138 0.17506719006286858 -0.25238542922448481 12.500000000000002 0.014215894030783762 0.15300076278679794 -0.061363388855624763 -0.8188920825995516
decision_type=2 2 2 2 2 2 2 2 2 2 2 2 2 2 2 2 2 2 2 2 2 2 2 2 2 2 2 2 2 2
left_child=-1 2 -2 4 13 7 19 8 17 11 14 12 16 -3 27 25 -9 -5 -10 21 -21 -7 24 29 -14 -15 -4 28 -6 -24
right_child=1 3 26 5 10 6 -8 9 18 -11 -12 -13 22 15 -16 -17 -18 -19 -20 20 -22 -23 23 -25 -26 -27 -28 -29 -30 -31
leaf_value=-0.0038057002691285952 -0.001328177170362323 -0.0013936378850656398 0.0067694611350695285 0.0063144899904727901 -0.000286354121806867 -0.0026220866907387974 0.0058775711171329022 0.0039267115543285989 -0.00406603442505002 -0.005267995558679104 0.0020196196844335644 0.0016891971027309244 -0.00746061524748802 0.0021828398355991457 -0.0046386782678642441 0.0061678921803832052 -0.00033727469066131258 0.001640640250441399 0.0005179592507192865 0.0071397856771945947 0.0012991226464509962 0.00094364753494469026 -0.0040235022675584667 0.0032453431561589238 -0.0016632274235598744 -0.0017767434101551771 0.0014695689920336008 0.00051247351701022125 -0.0031568668700222456 -0.00093900310923345387
leaf_weight=6.9999999999999991 12.000000000000002 17 8.9999999999999982 7.0000000000000027 17 9.9999999999999982 9.9999999999999982 9.0000000000000018 5.9999999999999991 5.9999999999999991 7.9999999999999991 22 5 23 13.999999999999998 4.9999999999999991 18 17 32 4.9999999999999991 8.9999999999999982 52 10.999999999999998 8.9999999999999982 7.9999999999999982 8.9999999999999982 5.9999999999999991 18 35 81
leaf_count=7 12 17 9 7 17 10 10 9 6 6 8 22 5 23 14 5 18 17 32 5 9 52 11 9 8 9 6 18 35 81
internal_value=-1.30081e-11 5.43671e-05 0.00199276 -5.86707e-05 -0.000777782 0.000272529 0.00150018 -0.000184519 0.00103663 -0.000632513 -0.0016839 -0.000461882 -0.000797512 0.000765967 -0.00203661 0.00175822 0.00108405 0.00300385 -0.000205829 0.000924208 0.00338507 0.000368529 -0.00124315 -0.000902076 -0.00389299 0.00106921 0.0046495 -0.0015162 -0.00221843 -0.0013078
internal_weight=497 490 27 463 146 317 86 231 62 169 92 163 141 54 84 37 27 24 38 76 14 62 114 101 13 32 15 70 52 92
internal_count=497 490 27 463 146 317 86 231 62 169 92 163 141 54 84 37 27 24 38 76 14 62 114 101 13 32 15 70 52 92
is_linear=0
shrinkage=0.03


Tree=135
num_leaves=31
num_cat=0
split_feature=33 56 11 66 34 64 63 12 78 9 42 36 22 70 64 5 45 45 62 38 49 84 27 63 79 30 12 63 30 37
split_gain=0.11273 0.164419 0.146206 0.189506 0.203585 0.18027 0.162211 0.148807 0.132973 0.132587 0.133968 0.129277 0.140368 0.12726 0.113484 0.104918 0.103142 0.100686 0.0992015 0.146462 0.142881 0.155562 0.138958 0.207616 0.114184 0.107346 0.106485 0.102629 0.0908485 0.164548
threshold=3.3160216566128886 0.19005669147640256 -0.16581944228242171 8.7773745463646637 -1.9465612615759109 10.889183849118806 0.021681379587798869 0.3623267270873905 127.31847047776445 0.33740167359470313 -1.4649954269731986 2.4233662619251772 0.073551725943341736 22.500000000000004 12.795318806351409 -0.076687264313252776 1.686851116454275 0.24289129118114436 -0.10635024728396152 0.14282244970663774 0.30765978528004295 0.031483251601457603 -0.11355438841469515 -0.0138318152857078 8.1718423887300471 0.12184699135102413 1.1472232819848018 0.0049864335190802434 0.069172432111782617 -1.1192206049105278
decision_type=2 2 2 2 2 2 2 2 2 2 2 2 2 2 2 2 2 2 2 2 2 2 2 2 2 2 2 2 2 2
left_child=1 2 3 7 -5 6 15 8 9 10 -1 13 -13 -4 -9 -6 18 -3 19 24 22 -22 23 -20 -15 -25 28 -23 -24 -30
right_child=-2 17 11 4 5 -7 -8 14 -10 -11 -12 12 -14 16 -16 -17 -18 -19 20 -21 21 27 26 25 -26 -27 -28 -29 29 -31
leaf_value=0.0043219011090695853 -0.0033269959005216756 0.001066316362819634 -0.0038522050405542054 0.0063201590720564126 -0.0046996330682720459 0.0044759527424519706 0.0030893998406827448 -0.00070671631209552285 0.0034909120825334238 0.0027485232409089799 -0.00079601960094617512 -0.00083666449412703517 -0.0067605072632431979 0.0022394388809334476 -0.0047281015058979392 0.00019743916889031711 0.004043429262936115 0.0048872349162896473 -0.0019924028676289777 0.0035562538328979694 -0.0032649978026747677 0.0001345710254584749 -0.00059672188699488318 0.0044902996778882166 -0.0024709724802100524 -0.00011766128508108001 -0.0050979983061552039 0.0043020610110117838 -0.0073392890095710754 -0.0015313257560289153
leaf_weight=4.9999999999999991 8.9999999999999982 20.000000000000004 8.9999999999999982 8.9999999999999982 6.9999999999999991 10.999999999999998 8.9999999999999982 30 12.999999999999998 14.999999999999998 58 8.9999999999999982 5.9999999999999991 8.0000000000000018 7.9999999999999991 9.0000000000000053 4.9999999999999991 8.9999999999999982 12.999999999999998 13.999999999999998 5.0000000000000027 9.0000000000000018 116 13.000000000000002 10.999999999999998 6.9999999999999991 5.9999999999999991 12.999999999999998 4.9999999999999991 36
leaf_count=5 9 20 9 9 7 11 9 30 13 15 58 9 6 8 8 9 5 9 13 14 5 9 116 13 11 7 6 13 5 36
internal_value=-1.92893e-12 6.13585e-05 -7.70555e-05 0.000608189 0.00228447 0.00127554 -0.000132635 2.34401e-05 0.000681869 0.000213695 -0.000389835 -0.000495415 -0.0032062 -0.000344816 -0.00155332 -0.00194503 -0.000223871 0.00225212 -0.000307217 0.00122795 -0.000534394 0.00151159 -0.000816239 0.000959062 -0.000487641 0.00287751 -0.00117566 0.00259718 -0.00102576 -0.00223961
internal_weight=497 488 459 174 45 36 25 129 91 78 63 285 15 270 38 16 261 29 256 33 223 27 196 33 19 20 163 22 157 41
internal_count=497 488 459 174 45 36 25 129 91 78 63 285 15 270 38 16 261 29 256 33 223 27 196 33 19 20 163 22 157 41
is_linear=0
shrinkage=0.03


Tree=136
num_leaves=31
num_cat=0
split_feature=51 93 56 48 24 57 19 55 2 46 43 23 56 50 23 14 46 2 22 22 54 89 33 1 66 52 7 87 93 93
split_gain=0.107086 0.117978 0.224479 0.21937 0.133085 0.131952 0.141641 0.161625 0.142466 0.140444 0.1321 0.122651 0.168606 0.19916 0.20613 0.161057 0.144469 0.13823 0.135136 0.134203 0.130269 0.135752 0.129139 0.161623 0.121083 0.114143 0.109035 0.0994879 0.0943316 0.0919942
threshold=-0.37089541272968507 6710.5000000000009 0.032264997733843663 -0.3321122117376446 0.0073788705280591555 -0.078692543214638547 0.0016542893418206724 -0.044652118510335133 1.0374735313710584 0.72774216005340253 0.68391167617641668 -0.043468962785354885 -0.050071502803741522 0.014457753628401447 -0.010150803080732717 -0.17075724809203727 1.0924717865923157 0.81964329289382298 -0.084973771849345681 -0.034599544040852401 0.12404610987230526 0.17813691414523203 -1.5521231960198072 0.62576156580461428 0.55000000000000016 0.0087903806254454372 -0.171208863517708 113.74080882352943 81278.500000000015 23300.500000000004
decision_type=2 2 2 2 2 2 2 2 2 2 2 2 2 2 2 2 2 2 2 2 2 2 2 2 2 2 2 2 2 2
left_child=-1 2 5 -4 -5 9 8 -8 10 -2 -7 20 17 14 27 29 -17 -13 -16 28 21 22 -3 -24 -21 -22 -9 -14 -20 -15
right_child=1 11 3 4 -6 6 7 26 -10 -11 -12 12 13 15 18 16 -18 -19 19 24 25 -23 23 -25 -26 -27 -28 -29 -30 -31
leaf_value=-0.0030730813583359118 -0.0031297371117398136 -0.0020619289958491347 0.008460216030478477 0.0037082662293687462 0.00022995982869443568 -0.00044059749812849102 0.0049081286962609737 -0.0015321214075877583 0.0042337736785411839 0.0012245614109560848 -0.0056954226940870286 -0.0029194958929275702 -0.007435618564486505 0.0072022355496883387 0.0015650853715752334 -0.00051518686639610671 0.0049682096242904669 0.00061080018918101601 -0.0062201163385595601 -0.0036614785413257773 0.00068283882854022781 0.0040689169509070264 0.0019354187023021621 -0.00097120453157306956 0.00013680021744221448 0.0049460632950067522 0.0026918735600669269 -0.0017057845573872324 -0.0012950073229148981 0.0022945125138556415
leaf_weight=9.9999999999999982 20.000000000000004 26 4.9999999999999991 18 22 31 11.999999999999998 11 4.9999999999999991 9.9999999999999982 4.9999999999999991 43 5.9999999999999982 4.9999999999999991 22 32 4.9999999999999991 12.999999999999998 6.9999999999999982 8.9999999999999982 13.000000000000002 6.9999999999999991 33 36 47 9.9999999999999982 11 5 7 10.999999999999998
leaf_count=10 20 26 5 18 22 31 12 11 5 10 5 43 6 5 22 32 5 13 7 9 13 7 33 36 47 10 11 5 7 11
internal_value=-3.178e-12 6.31023e-05 0.000762986 0.00253576 0.0017952 3.22783e-06 0.000675841 0.00210749 -0.000511385 -0.0016783 -0.00117043 -0.000248419 -0.000687888 -0.00018099 -0.000949906 0.00131332 0.000225813 -0.00209996 -0.000485844 -0.00113042 0.000496922 3.70365e-05 -0.000260049 0.00041892 -0.000473637 0.00253641 0.000579876 -0.00483115 -0.00375756 0.00382818
internal_weight=497 487 150 45 40 105 75 34 41 30 36 337 212 156 103 53 37 56 92 70 125 102 95 69 56 23 22 11 14 16
internal_count=497 487 150 45 40 105 75 34 41 30 36 337 212 156 103 53 37 56 92 70 125 102 95 69 56 23 22 11 14 16
is_linear=0
shrinkage=0.03


Tree=137
num_leaves=31
num_cat=0
split_feature=33 56 11 66 22 93 8 28 7 36 59 70 14 14 4 45 45 47 33 38 19 47 42 5 34 46 30 14 8 24
split_gain=0.103772 0.135114 0.136066 0.170365 0.192281 0.161246 0.139426 0.136269 0.121549 0.117281 0.130492 0.114572 0.107767 0.150676 0.109577 0.102634 0.100659 0.0968194 0.178293 0.179656 0.133053 0.160181 0.148373 0.143163 0.11822 0.113038 0.105221 0.10493 0.102866 0.092245
threshold=3.3604089637785388 0.19005669147640256 -0.16133938102156017 8.7773745463646637 0.12489800592314339 2916.0000000000005 -0.80760277395027102 0.067233854654117131 0.077123597206962394 2.4233662619251772 0.030614502775446879 22.500000000000004 0.97432085726478046 0.10698565478732334 0.9681773334593522 0.24289129118114436 1.122069648235797 0.094870939456786374 -2.981168877318281 -0.090905257930286573 -0.011881020980854492 -0.0841584308912635 -0.7185788384144921 0.63095991246686378 -0.47490896685536516 0.40256707084971682 -0.040694259058766731 0.56738313318674805 -0.1993024219551916 -0.0028184334119514469
decision_type=2 2 2 2 2 2 2 2 2 2 2 2 2 2 2 2 2 2 2 2 2 2 2 2 2 2 2 2 2 2
left_child=1 2 3 7 5 -5 -7 12 -9 11 -11 -4 13 14 16 -3 -1 20 -19 25 21 22 -13 -22 -24 -20 27 -21 -26 -28
right_child=-2 15 9 4 -6 6 -8 8 -10 10 -12 17 -14 -15 -16 -17 -18 18 19 26 23 -23 24 -25 28 -27 29 -29 -30 -31
leaf_value=0.0014814695536487681 -0.0039214673545211551 0.00085002461514834828 -0.0036762027504543462 -0.0014767651879586852 0.0063570283725857728 -0.0013956631626933812 0.0038185533760115497 -2.4910726083012722e-06 0.0041845264052972203 -0.00026848533057740757 -0.0060611495056322635 -0.0021348333781441827 0.0016600488203888139 -0.0021575106869365064 -0.0038612910420633855 0.0046791282544533406 -0.0027331918291747569 0.0047259246278554198 -0.0029682922854342244 0.0014488885010359807 -0.0026020472348318438 -0.0029371638825306527 0.0038019760348834111 0.00053521885847051935 0.0033306478026012614 0.00028880545869469643 0.0015291903104240956 0.005884478352963924 -0.00037279043320773343 -0.0013244321556042202
leaf_weight=34 5.9999999999999991 21.000000000000004 8.9999999999999982 12.999999999999998 7.9999999999999991 5.9999999999999991 20.000000000000004 13.000000000000002 11.999999999999998 6.9999999999999982 7 12.999999999999991 18 43 4.9999999999999991 8.9999999999999982 5.9999999999999991 7.9999999999999991 22 24.000000000000004 48 12.999999999999998 13.999999999999991 18 8.9999999999999876 17 19 5.9999999999999991 27.000000000000025 22
leaf_count=34 6 21 9 13 8 6 20 13 12 7 7 13 18 43 5 9 6 8 22 24 48 13 14 18 9 17 19 6 27 22
internal_value=6.18383e-13 4.79202e-05 -7.90322e-05 0.00057084 0.00212033 0.00125126 0.00261527 1.49176e-05 0.00200728 -0.000487786 -0.00316482 -0.000348461 -0.000454979 -0.000887598 0.000325875 0.00199876 0.00084927 -0.00023327 0.000401796 8.73142e-05 -0.000761001 9.47656e-05 0.000720402 -0.00174643 0.00146276 -0.00154853 0.000985878 0.00233601 0.000553069 -2.02174e-06
internal_weight=497 491 461 178 47 39 26 131 25 283 14 269 106 88 45 30 40 260 118 110 142 76 63 66 50 39 71 30 36 41
internal_count=497 491 461 178 47 39 26 131 25 283 14 269 106 88 45 30 40 260 118 110 142 76 63 66 50 39 71 30 36 41
is_linear=0
shrinkage=0.03


Tree=138
num_leaves=31
num_cat=0
split_feature=33 56 11 29 60 86 47 63 79 52 65 45 70 36 18 47 87 65 10 33 80 62 38 49 84 27 63 70 8 79
split_gain=0.0976392 0.127129 0.128024 0.163774 0.150792 0.127865 0.126319 0.193398 0.169489 0.184755 0.127061 0.111933 0.129495 0.112708 0.125284 0.110124 0.151184 0.105974 0.102103 0.0981099 0.0934619 0.093247 0.129289 0.129231 0.13906 0.123664 0.186038 0.10774 0.115816 0.100279
threshold=3.3604089637785388 0.19005669147640256 -0.16133938102156017 0.099857817309769337 -0.10647463115888457 0.074113569714742741 0.55156315333182004 -0.15556570025709962 34.225622186469884 -0.01233075859484546 11.648198604583742 1.686851116454275 22.500000000000004 2.4233662619251772 -1.0000000180025095e-35 0.64902458038974464 113.74080882352943 11.513700246810915 -0.17106101428817552 2.4107097766247665 67.641271511754766 -0.10635024728396152 0.14282244970663774 0.30765978528004295 0.031483251601457603 -0.11355438841469515 -0.0138318152857078 44.500000000000007 -1.0524537932504792 8.1718423887300471
decision_type=2 2 2 2 2 2 2 2 2 2 2 2 2 2 2 2 2 2 2 2 2 2 2 2 2 2 2 2 2 2
left_child=1 2 3 6 -5 -6 7 10 9 17 -1 12 -4 21 -15 16 -8 -9 -10 -3 -11 22 29 25 -25 26 -23 -27 -29 -14
right_child=-2 19 11 4 5 -7 15 8 18 20 -12 -13 13 14 -16 -17 -18 -19 -20 -21 -22 23 -24 24 -26 27 -28 28 -30 -31
leaf_value=0.0013684099693782631 -0.0038038233015686273 0.0029733412422832434 -0.004322277889586985 0.0073558701574802342 0.0031773608503863206 -0.0014677754987496882 7.2344616055488589e-05 -0.0031019931989298617 0.0063698218390345566 -0.00014605164527893065 0.0081316858828067769 0.003580735009163618 0.0021264966228045513 0.00020711555145680897 -0.0055276141036301862 -0.0002437566751032136 -0.0064173010098082664 0.00093005382106639437 0.0010366194495665176 -0.00090621450450271361 0.0026890355690071979 -0.0019157272118788498 0.0033702799012618402 -0.0030973312351852632 0.0024451911716129289 -5.7607327153990888e-05 0.0026941817114129662 -0.0061492723971605301 -0.0014728652911178547 -0.002287791555916721
leaf_weight=4.9999999999999982 5.9999999999999991 22.000000000000004 7.9999999999999991 5.0000000000000027 16.000000000000004 7.9999999999999991 5.9999999999999982 22.000000000000004 6 25 5 5.9999999999999991 8.0000000000000018 6.0000000000000009 7.9999999999999973 40 7 7.9999999999999991 6.9999999999999982 7.9999999999999991 18 12.999999999999998 13.999999999999998 5.0000000000000027 22 55 20 4.9999999999999991 102 10.999999999999998
leaf_count=5 6 22 8 5 16 8 6 22 6 25 5 6 8 6 8 40 7 8 7 8 18 13 14 5 22 55 20 5 102 11
internal_value=-2.89867e-12 4.64826e-05 -7.66613e-05 0.000553715 0.00261638 0.00162898 0.000152258 0.000801288 0.00034213 -0.000219891 0.00475005 -0.000473152 -0.000560962 -0.000449102 -0.00306987 -0.00102335 -0.00342208 -0.00202678 0.0034981 0.00193879 0.00104073 -0.000305216 0.00118273 -0.000526398 0.0014188 -0.000795733 0.000878157 -0.00113671 -0.00169139 -0.000429144
internal_weight=497 491 461 178 29 24 149 96 86 73 10 283 277 269 14 53 13 30 13 30 43 255 33 222 27 195 33 162 107 19
internal_count=497 491 461 178 29 24 149 96 86 73 10 283 277 269 14 53 13 30 13 30 43 255 33 222 27 195 33 162 107 19
is_linear=0
shrinkage=0.03


Tree=139
num_leaves=31
num_cat=0
split_feature=51 93 56 48 57 46 19 55 2 43 32 23 56 50 23 14 46 2 46 22 13 22 66 61 54 55 7 66 64 45
split_gain=0.0948362 0.103178 0.199386 0.197728 0.117467 0.125874 0.125372 0.140967 0.12764 0.119328 0.116395 0.114167 0.14568 0.173926 0.185989 0.142339 0.125324 0.123812 0.123274 0.122948 0.120547 0.116764 0.106915 0.0993875 0.0999162 0.112796 0.0978847 0.0948924 0.091318 0.0885597
threshold=-0.37089541272968507 6710.5000000000009 0.032264997733843663 -0.3321122117376446 -0.078692543214638547 0.72774216005340253 0.0016542893418206724 -0.044652118510335133 1.0374735313710584 0.68391167617641668 -1.3905778940602211 -0.043468962785354885 -0.050071502803741522 0.014457753628401447 -0.010150803080732717 -0.17075724809203727 1.0924717865923157 0.81964329289382298 1.039260874864653 -0.084973771849345681 -0.26263834106394285 -0.034599544040852401 0.55000000000000016 -0.13787768036962098 0.12404610987230526 -0.081741084349028686 -0.171208863517708 3.9500000000000006 10.215368348674444 0.31734417543848553
decision_type=2 2 2 2 2 2 2 2 2 2 2 2 2 2 2 2 2 2 2 2 2 2 2 2 2 2 2 2 2 2
left_child=-1 2 4 -4 5 -2 8 -8 9 -6 -5 18 17 14 28 -15 -17 -13 20 -16 27 -21 -23 -22 25 -25 -9 -3 -14 -12
right_child=1 11 3 10 6 -7 7 26 -10 -11 29 12 13 15 19 16 -18 -19 -20 21 23 22 -24 24 -26 -27 -28 -29 -30 -31
leaf_value=-0.0028919750573113559 -0.0029627744068857274 0.0046773080136626958 0.008009278491139412 0.0049181621661409736 -0.0004146391987019489 0.0011594761563465 0.0045949496841058129 -0.0014483444447713815 0.0040069886595010757 -0.005408974304795265 -0.00026980201979832989 -0.0027441259741046746 -0.0075843552164733428 0.0035758925339905543 0.0014937449255111542 -0.00050083988415281053 0.0046063104271888734 0.00059698845474765849 -0.003115728573175147 -0.0035278481088711743 -0.0030721269780769945 -0.0034602367051411419 0.00010890449347727476 0.0016935828002169727 0.0032365694115869701 -0.00093124871034311449 0.0025538412676277479 0.0012194994352525098 -0.0020948238787241277 0.0030530293463644658
leaf_weight=9.9999999999999982 20.000000000000004 9.9999999999999982 4.9999999999999991 7.9999999999999991 31 9.9999999999999982 11.999999999999998 11 4.9999999999999991 4.9999999999999991 21 43 4.9999999999999982 15.999999999999998 22 32 4.9999999999999991 12.999999999999998 7.9999999999999991 13.999999999999998 7.9999999999999991 8.9999999999999982 47 23 9.9999999999999982 41 11 25 6 10.999999999999998
leaf_count=10 20 10 5 8 31 10 12 11 5 5 21 43 5 16 22 32 5 13 8 14 8 9 47 23 10 41 11 25 6 11
internal_value=-6.99195e-13 5.93835e-05 0.000713897 0.00238465 -2.13913e-06 -0.00158869 0.000632482 0.00197941 -0.000484482 -0.0011083 0.00168157 -0.000231943 -0.000655941 -0.000184762 -0.000903319 0.00121168 0.000189316 -0.00196851 0.000487157 -0.000462512 0.000733508 -0.00107734 -0.000464707 0.000104389 0.000447796 1.20501e-05 0.000552748 0.00220744 -0.00459007 0.000872421
internal_weight=497 487 150 45 105 30 75 34 41 36 40 337 212 156 103 53 37 56 125 92 117 70 56 82 74 64 22 35 11 32
internal_count=497 487 150 45 105 30 75 34 41 36 40 337 212 156 103 53 37 56 125 92 117 70 56 82 74 64 22 35 11 32
is_linear=0
shrinkage=0.03


Tree=140
num_leaves=31
num_cat=0
split_feature=33 56 11 66 34 64 8 63 54 25 61 85 60 47 63 61 24 50 65 63 71 40 78 55 8 36 56 5 46 54
split_gain=0.0902473 0.127908 0.112657 0.148932 0.179805 0.14983 0.119903 0.118677 0.104784 0.209276 0.167344 0.134894 0.126056 0.163701 0.150965 0.130623 0.110359 0.108548 0.105374 0.10295 0.105015 0.0995125 0.11818 0.0938299 0.0930449 0.0919023 0.10474 0.0913089 0.0904652 0.0867183
threshold=3.3160216566128886 0.19005669147640256 -0.16133938102156017 8.7773745463646637 -1.9465612615759109 10.889183849118806 0.89709138229124163 0.021681379587798869 -0.013737437338043208 -0.014503737594413733 0.070329661167862836 0.083715364336967482 -0.1223113038577392 -0.47623592793752639 -0.062674482918070304 0.098259701121795204 -0.0045464201986291355 -0.16357275976669464 3.7886770218610768 0.16383859071609805 16.500000000000004 -0.87793913314080152 132.31884326418935 -0.0057736918190379122 -0.25576688302964606 -0.69769666085427295 -0.034946266503392415 -0.20462578705691345 0.47603981923389033 -0.19279987286548145
decision_type=2 2 2 2 2 2 2 2 2 2 2 2 2 2 2 2 2 2 2 2 2 2 2 2 2 2 2 2 2 2
left_child=1 2 3 6 -5 7 19 27 12 11 -11 16 24 29 28 17 -10 -16 -12 20 23 -8 -23 25 -4 26 -1 -6 -15 -14
right_child=-2 -3 8 4 5 -7 21 -9 9 10 18 -13 13 14 15 -17 -18 -19 -20 -21 -22 22 -24 -25 -26 -27 -28 -29 -30 -31
leaf_value=-0.0034864189928131427 -0.0029767945579563578 0.0019871661450778103 -0.0045776310190558415 0.0057861353099967041 -0.0042854047140904834 0.0040216142870485782 -8.3579883600274688e-05 0.0024611888956278562 0.0016174539445421179 -0.00125459672533907 -0.0083133079111576014 -0.0035622378531843424 0.0013806244658983566 -0.0021164522720500821 -0.0016006365674547851 0.0062886997312307348 -0.00096272795858094479 0.0021983065227157736 -0.0032844083681702616 -0.003895743718104703 -0.0043790249526500704 0.0075259999036788958 0.00100336402002722 -0.0008371598346624523 -0.00046556136929071863 0.0021352611498774163 0.0010080157205395934 0.00018197879008948788 0.0022421807236969469 -0.0016730673510049071
leaf_weight=7.0000000000000027 8.9999999999999982 29 8.0000000000000018 8.9999999999999982 6.9999999999999991 10.999999999999998 9.0000000000000018 9.9999999999999982 37 46 5.0000000000000027 7.9999999999999991 10.999999999999998 15.000000000000002 7.9999999999999991 5.9999999999999991 25 44 14.999999999999998 6.9999999999999991 4.9999999999999991 4.9999999999999982 5 50 12.999999999999998 28 13.999999999999998 10.000000000000005 5.9999999999999991 35
leaf_count=7 9 29 8 9 7 11 9 10 37 46 5 8 11 15 8 6 25 44 15 7 5 5 5 50 13 28 14 10 6 35
internal_value=4.38314e-12 5.48999e-05 -6.71823e-05 0.00052606 0.00197334 0.00107031 2.81444e-06 -0.00013208 -0.000439537 -0.00103871 -0.00225067 0.000103996 0.000118596 0.000479907 0.00130834 0.00209746 0.000577058 0.00161385 -0.00454163 -0.000374133 -0.000137101 0.00220498 0.00426468 7.71375e-05 -0.00203206 0.00101009 -0.000490129 -0.00165753 -0.000871129 -0.000942837
internal_weight=497 488 459 177 47 38 130 27 282 136 66 70 146 125 79 58 62 52 20 111 104 19 10 99 21 49 21 17 21 46
internal_count=497 488 459 177 47 38 130 27 282 136 66 70 146 125 79 58 62 52 20 111 104 19 10 99 21 49 21 17 21 46
is_linear=0
shrinkage=0.03


Tree=141
num_leaves=31
num_cat=0
split_feature=39 15 38 44 17 6 64 24 62 5 64 53 54 56 40 57 26 51 30 84 34 68 45 2 62 49 15 19 36 31
split_gain=0.088377 0.143379 0.13143 0.127515 0.146946 0.157154 0.119138 0.179294 0.115708 0.170475 0.115644 0.14051 0.113596 0.11072 0.117862 0.107802 0.0969922 0.0967491 0.114985 0.114047 0.159383 0.0994314 0.0950913 0.0949306 0.0907307 0.0831196 0.0902961 0.0812022 0.0808499 0.0807159
threshold=1.0777768827841976 0.75081475940527265 -0.22001406910803231 0.73265867727489697 0.29494101853693322 -0.30061562969073247 13.458300812202589 0.054935589060152494 -0.028860946511055998 1.6663665674688388 7.7618826183492446 -0.03664441540016819 -0.13111898131128868 -0.1085070269735073 0.67010188195307896 -0.15319631872135903 -0.024355667066027115 -0.22031669204816817 -0.075035551542218318 0.081893682479858412 -0.23762555842825925 912.50000000000011 0.16836752539225794 -1.1904277942782662 -0.016507660869287854 -0.14653771800386864 -0.64209069879408109 -0.15693110529734969 0.87517859364235151 -0.079319199551992445
decision_type=2 2 2 2 2 2 2 2 2 2 2 2 2 2 2 2 2 2 2 2 2 2 2 2 2 2 2 2 2 2
left_child=2 13 8 4 6 -6 17 -8 12 15 -5 -12 22 -2 27 -10 -3 -4 23 20 -20 24 -1 -19 -21 -14 -27 -15 -7 -29
right_child=1 16 3 10 5 28 7 -9 9 -11 11 -13 25 14 -16 -17 -18 18 19 21 -22 -23 -24 -25 -26 26 -28 29 -30 -31
leaf_value=-0.0013214693171903489 -0.00041557570586779288 0.0002941909991204738 -0.0017644282719120384 0.00047475710433597364 -0.00092087287455797139 0.0030784247271367351 -0.0052301468420773755 0.0020116496309638019 -0.0028546959869563578 0.0037984700966626405 -0.0059303709212690566 -0.00087715176937098679 0.0010516760079190134 -0.00038282977493229119 0.0057920393560613901 -7.7654602691137162e-05 -0.0053633186817169196 0.0047094221847752728 0.0040586018096655605 0.0022593206539750104 -0.00020932453063627083 -0.0019748947321652222 0.0035542700253427028 0.0013212102217339844 -0.0006146356073641699 -0.00010608531162142754 -0.0032709815476068054 0.0055693222954869273 0.007941408053040503 0.0016621702283863783
leaf_weight=8.9999999999999982 21 6 14.999999999999998 18 6.0000000000000027 7.9999999999999982 7.9999999999999982 5 14.999999999999998 8.9999999999999982 8.0000000000000018 12.999999999999998 5.9999999999999991 12.999999999999995 6.9999999999999991 78 4.9999999999999982 8.9999999999999982 13.999999999999998 14.999999999999995 18 26 5.9999999999999991 43 29.000000000000004 9.9999999999999982 43 5.9999999999999991 5 23.000000000000007
leaf_count=9 21 6 15 18 6 8 8 5 15 9 8 13 6 13 7 78 5 9 14 15 18 26 6 43 29 10 43 6 5 23
internal_value=-4.70814e-13 0.000906602 -0.000176526 0.000280113 0.000584713 0.00309522 0.000322627 -0.00244484 -0.000799215 -0.000144032 -0.00128975 -0.00280219 -0.00170231 0.00140695 0.00218803 -0.000525565 -0.0022774 0.00053551 0.000759529 0.000174223 0.00165789 -0.000504027 0.000628826 0.00190763 0.000365122 -0.00229497 -0.00267383 0.00158736 0.0049488 0.00247055
internal_weight=497 81 416 240 201 19 182 13 176 102 39 21 74 70 49 93 11 169 154 102 32 70 15 52 44 59 53 42 13 29
internal_count=497 81 416 240 201 19 182 13 176 102 39 21 74 70 49 93 11 169 154 102 32 70 15 52 44 59 53 42 13 29
is_linear=0
shrinkage=0.03


Tree=142
num_leaves=31
num_cat=0
split_feature=8 17 33 56 13 30 3 93 62 14 32 40 9 8 5 12 12 23 38 55 10 21 59 50 44 75 5 41 71 67
split_gain=0.0849614 0.088612 0.0946283 0.164072 0.157173 0.112773 0.157342 0.139227 0.230548 0.211768 0.15361 0.130614 0.128837 0.119539 0.114043 0.0993068 0.0992706 0.213913 0.116128 0.0993669 0.0915957 0.0901115 0.132466 0.0851926 0.0835473 0.0834046 0.080183 0.077993 0.0758507 0.0806662
threshold=-1.9603947928755392 0.49441715520357671 2.6565311201463548 0.19005669147640256 0.67689422920049258 0.098854178027546535 -0.79665461122952264 23300.500000000004 0.044415535612195793 -0.29018505749701784 1.7945404218066827 -1.0269727288093768 0.2476368787794643 1.2372477391768009 -1.0859109559486733 -0.56956839255112557 0.62825637750704766 0.013453501691522584 -0.085141943736539813 -0.1622061555541435 -0.067927244930173089 0.055039864251545854 0.041670313043978426 0.088266503809308935 -0.67952702110289931 0.26253132832080206 0.40898435892486146 0.076828323939096735 11.500000000000002 18.500000000000004
decision_type=2 2 2 2 2 2 2 2 2 2 2 2 2 2 2 2 2 2 2 2 2 2 2 2 2 2 2 2 2 2
left_child=-1 2 3 5 -4 7 15 8 10 26 13 25 -11 21 -8 -7 18 -18 19 -13 -17 22 23 -2 -20 28 -10 -12 29 -9
right_child=1 -3 4 -5 -6 6 14 11 9 12 27 16 -14 -15 -16 20 17 -19 24 -21 -22 -23 -24 -25 -26 -27 -28 -29 -30 -31
leaf_value=-0.0032817297561892442 -0.0036309629194843378 0.0040202173367142671 -0.0024644820338497603 0.0025345409114379434 0.0028860264737159014 -0.0014858920659337716 -0.0061136916428804391 0.00037695828559143163 0.0039027954762180643 0.00042160458016124637 0.00053575631609419365 0.0031036942079663275 0.0041706029765985224 0.003308734982939703 -0.0013849907526465746 0.0052254877771650034 0.00061519724898971605 -0.0057179463375359773 -0.00062313570010968868 -0.00095178798748308732 -9.0885752812027961e-05 0.00085527053399180823 0.00036894922797649124 -0.00051277950115036219 0.0017994874761699555 -0.0042842387370765206 0.0086410692930221564 0.00519693745832358 0.0013702116039348766 -0.0037426685982129789
leaf_weight=6.9999999999999991 23 4.9999999999999991 28 24 5.9999999999999991 7.0000000000000027 4.9999999999999991 7.0000000000000062 8.9999999999999982 33 5.9999999999999982 5.9999999999999991 10.999999999999998 6.9999999999999991 56 7.0000000000000009 12.000000000000002 7.9999999999999991 17 58 4.9999999999999973 22 23 11.999999999999998 52 9.9999999999999982 4.9999999999999991 7 7.9999999999999991 10.999999999999998
leaf_count=7 23 5 28 24 6 7 5 7 9 33 6 6 11 7 56 7 12 8 17 58 5 22 23 12 52 10 5 7 8 11
internal_value=-1.0769e-12 4.68819e-05 5.91963e-06 0.000120976 -0.00152027 -1.46806e-05 -0.00103006 0.000219414 0.000876649 0.00238138 3.90528e-06 -0.000330021 0.00135885 -0.000450604 -0.00177259 0.00135383 5.25314e-05 -0.00191806 0.000348861 -0.000571587 0.00301033 -0.000779546 -0.00139965 -0.00256187 0.00120261 -0.00195587 0.00559504 0.00304562 -0.00106034 -0.00214059
internal_weight=497 490 485 451 34 427 80 347 158 58 100 189 44 87 61 19 153 20 133 64 12 80 58 35 69 36 14 13 26 18
internal_count=497 490 485 451 34 427 80 347 158 58 100 189 44 87 61 19 153 20 133 64 12 80 58 35 69 36 14 13 26 18
is_linear=0
shrinkage=0.03


Tree=143
num_leaves=31
num_cat=0
split_feature=51 93 56 48 64 7 43 32 23 56 50 23 14 46 46 2 22 13 22 10 66 61 61 54 55 64 66 93 45 45
split_gain=0.0824003 0.0889967 0.169717 0.170752 0.104357 0.168866 0.122202 0.102739 0.0979524 0.120861 0.147821 0.164092 0.124398 0.109442 0.107587 0.104622 0.102934 0.100053 0.0993248 0.0937073 0.0900827 0.0853805 0.0852598 0.0849721 0.0934088 0.0825852 0.0817891 0.0771393 0.0769283 0.0750434
threshold=-0.37089541272968507 6710.5000000000009 0.032264997733843663 -0.3321122117376446 7.5137645537699465 0.18426115176339239 -0.43362864661350969 -1.3905778940602211 -0.043468962785354885 -0.050071502803741522 0.014457753628401447 -0.010150803080732717 -0.17075724809203727 1.0924717865923157 1.039260874864653 0.81964329289382298 -0.084973771849345681 -0.26263834106394285 -0.034599544040852401 -0.59683992373857409 0.55000000000000016 -0.13787768036962098 -0.040821897833711353 0.12404610987230526 -0.081741084349028686 10.215368348674444 3.9500000000000006 81278.500000000015 0.10075674875472755 0.31734417543848553
decision_type=2 2 2 2 2 2 2 2 2 2 2 2 2 2 2 2 2 2 2 2 2 2 2 2 2 2 2 2 2 2
left_child=-1 2 4 -4 6 22 -2 -5 14 15 11 25 -12 -14 17 -10 -13 26 27 -8 -20 -19 -6 24 -23 -11 -3 -18 -7 -9
right_child=1 8 3 7 5 28 19 29 9 10 12 16 13 -15 -16 -17 18 21 20 -21 -22 23 -24 -25 -26 -27 -28 -29 -30 -31
leaf_value=-0.0026957019120454786 0.0042725709825754167 0.0043168325275182726 0.0074315555244684221 0.0045921087171882386 -0.0032156618325971066 -0.00062124117510393225 -0.0027523283447538102 -0.00026034828541534287 -0.0025164719633649774 -0.007151672456413509 0.0033187969430582597 0.0013627931097289546 -0.00049210077684620041 0.0042804900929331782 -0.0029149823589250446 0.00055481851530762817 -0.0054767237177916943 -0.0028363245888613164 -0.0031743443276112276 0.0011746992286294697 0.00010182107372724629 0.0015545239350151108 -0.00058772733528167007 0.0029979258781040697 -0.0008341082840981871 -0.0019312192490906453 0.0011066266474546865 -0.0010229818715846962 0.0032450959814543071 0.002798419032584537
leaf_weight=9.9999999999999982 8.9999999999999982 9.9999999999999982 4.9999999999999991 7.9999999999999991 20 8.0000000000000018 6.9999999999999991 21 43 4.9999999999999982 15.999999999999998 22 32 4.9999999999999991 7.9999999999999991 12.999999999999998 6.9999999999999982 7.9999999999999991 8.9999999999999982 25 47 23 25 9.9999999999999982 41 6 25 7 10.999999999999998 10.999999999999998
leaf_count=10 9 10 5 8 20 8 7 21 43 5 16 22 32 5 8 13 7 8 9 25 47 23 25 10 41 6 25 7 11 11
internal_value=5.28338e-12 5.53532e-05 0.000663226 0.00220467 2.60979e-06 -0.00075438 0.00118425 0.0015513 -0.000215213 -0.00060795 -0.00017878 -0.00084122 0.0011086 0.000152844 0.000450867 -0.00180349 -0.000427174 0.000681011 -0.000989735 0.000315662 -0.000424706 0.000107857 -0.0017557 0.000426147 2.43064e-05 -0.00430415 0.00202383 -0.00324985 0.00161716 0.000791103
internal_weight=497 487 150 45 105 64 41 40 337 212 156 103 53 37 125 56 92 117 70 32 56 82 45 74 64 11 35 14 19 32
internal_count=497 487 150 45 105 64 41 40 337 212 156 103 53 37 125 56 92 117 70 32 56 82 45 74 64 11 35 14 19 32
is_linear=0
shrinkage=0.03


Tree=144
num_leaves=31
num_cat=0
split_feature=62 54 14 88 37 93 56 25 60 64 38 64 42 78 87 80 35 85 58 34 16 29 43 43 57 82 89 35 61 26
split_gain=0.0784749 0.0999407 0.168066 0.150597 0.147827 0.145527 0.207753 0.140855 0.12818 0.117352 0.125373 0.125118 0.116644 0.105273 0.100838 0.0978161 0.0926746 0.119751 0.0978075 0.0912449 0.0858725 0.0853526 0.0851744 0.0776399 0.0776219 0.0773901 0.0760959 0.0728723 0.070404 0.0914134
threshold=-0.22623668830237065 -0.0058863124766386351 0.12014477664097196 1995.2309750937029 -0.46139116541011477 5345.5000000000009 0.0056934819765204698 -0.075229601855020908 -0.026423942131822479 8.5822808359345739 1.4737435149844951 8.0996269837487507 0.47767638336341584 120.57412562692903 121.09375000000001 60.651447357438578 0.11542247204001012 0.08664970844984056 0.029063998046164833 -0.84411201865718699 0.32051640242531004 0.065139056163503836 -0.092324165425786461 -0.34339512662420296 -0.055619715908126456 11.958907963127841 0.1124660545868905 0.38663422828141331 -0.037478814848158876 -0.073819677688910373
decision_type=2 2 2 2 2 2 2 2 2 2 2 2 2 2 2 2 2 2 2 2 2 2 2 2 2 2 2 2 2 2
left_child=-1 5 3 16 8 6 13 -8 26 11 12 28 14 -2 -11 -13 17 18 -3 -16 25 -6 -9 -14 -12 -18 -4 -5 -7 -30
right_child=1 2 4 27 21 9 7 22 -10 10 24 15 23 -15 19 -17 20 -19 -20 -21 -22 -23 -24 -25 -26 -27 -28 -29 29 -31
leaf_value=0.0031539685332349367 -0.0015520766010398374 0.00091871882556006303 -0.003438428677618502 -0.0045061952620744682 -0.0013727592094801365 -0.00095424106519203633 0.00036748737213201802 0.003305933542549609 -0.0014425370632670819 0.0007946777450852096 0.004466367438435555 0.0066961492002010339 2.6513813063502296e-05 0.0017865609487189963 -0.0043896107445471006 0.0015570495855063199 -0.0007001506542572035 -0.0018398760035634042 0.0037041757311089894 -0.00074179756096176173 0.00043757749578634381 0.0018935954182719191 0.007458981480449438 -0.0039140426383043325 6.1201527714729309e-05 -0.0040743576711975036 -0.0082163742184638965 -0.00057105119107291101 -0.0012755111890146509 0.0017701041868970018
leaf_weight=6.9999999999999991 17 39 6.0000000000000018 9.0000000000000018 36 27 8.0000000000000018 10.000000000000002 11.999999999999998 30 5.9999999999999991 4.9999999999999991 6.0000000000000027 17 7.9999999999999956 9.9999999999999982 26 9.9999999999999982 15.999999999999998 27.000000000000004 53 8.9999999999999982 7.9999999999999991 18 8.9999999999999982 7.9999999999999991 6 7.9999999999999991 11.999999999999998 34
leaf_count=7 17 39 6 9 36 27 8 10 12 30 6 5 6 17 8 10 26 10 16 27 53 9 8 18 9 8 6 8 12 34
internal_value=9.31088e-14 -4.50567e-05 -0.000485922 2.34719e-05 -0.00173357 0.000371316 0.00166096 0.00367966 -0.00363497 -3.16959e-05 -0.00071394 0.000774593 -0.00114156 0.000117242 -0.000481617 0.00327008 0.000322967 0.00117997 0.00172903 -0.00157558 -0.000317324 -0.000719488 0.00515173 -0.0029289 0.00182327 -0.00149408 -0.0058274 -0.00265436 0.000261821 0.000975596
internal_weight=497 490 238 169 69 252 60 26 24 192 104 88 89 34 65 15 152 65 55 35 87 45 18 24 15 34 12 17 73 46
internal_count=497 490 238 169 69 252 60 26 24 192 104 88 89 34 65 15 152 65 55 35 87 45 18 24 15 34 12 17 73 46
is_linear=0
shrinkage=0.03


Tree=145
num_leaves=31
num_cat=0
split_feature=51 1 5 8 79 38 80 42 16 24 29 18 20 13 48 51 82 62 48 60 57 17 7 39 62 23 56 7 43 82
split_gain=0.0758958 0.081126 0.13436 0.224642 0.221634 0.151437 0.139562 0.145393 0.119863 0.111677 0.155677 0.140454 0.106062 0.105339 0.10304 0.0854548 0.11014 0.0987332 0.0890882 0.0845503 0.0838047 0.0813004 0.0797221 0.123274 0.0838437 0.10294 0.0760076 0.0749977 0.072776 0.0711456
threshold=-0.37089541272968507 0.51369738702124335 -0.65890964374932559 -0.84826788803688358 37.562746571857907 0.8845220925791214 115.0886920030382 -1.0932571294657176 1.0996376895215303 0.054935589060152494 0.069619096346175455 -0.13998786564093957 -0.059475356579702453 0.05335478205825895 -0.10214003199604889 0.0040401878187095184 11.689235953653347 0.246651958421476 0.21677994095215969 -0.091568108714972826 0.18938616040272357 -0.036679985666853758 -0.1121818009052452 0.90433185685719419 -0.099495288017000985 -0.064501530188727327 -0.071631820631504375 1.0813863758191049 -0.4888202305250578 5.4853295670913198
decision_type=2 2 2 2 2 2 2 2 2 2 2 2 2 2 2 2 2 2 2 2 2 2 2 2 2 2 2 2 2 2
left_child=28 2 3 -2 5 6 7 -4 9 11 -11 -9 -7 -6 26 16 18 27 21 -14 -13 -16 23 -5 -24 -26 -3 29 -1 -17
right_child=1 14 4 22 13 12 -8 8 -10 10 -12 20 19 -15 15 17 -18 -19 -20 -21 -22 -23 24 -25 25 -27 -28 -29 -30 -31
leaf_value=-2.7852769475430246e-05 -0.0067367810821160673 -0.0036578088200518049 -0.002509927568491548 -0.00038737105242808923 0.0005981222055852413 -0.00042060846462845804 -0.0048198721781373029 0.0017633909189506722 0.0039509941823780538 0.00057151019922457641 0.0051981263227450347 -0.00065588607527421433 0.0003140863263979552 0.0058497596057978541 0.004223133817028539 -0.0032855075103445696 -0.0010924788945071075 0.0033700993806123733 -0.00015282169746933506 0.0044262707109252609 -0.0047125090286135674 0.0011096938711125403 0.0044800001531839365 -0.0046547030976840428 0.0028264546366408468 -0.00084448481782932168 -0.00058426665514707565 0.0016340324562042949 -0.0051463839411735541 -0.00086039889442261807
leaf_weight=5 4.9999999999999991 14.000000000000002 14.999999999999998 47 4.9999999999999991 8.9999999999999982 4.9999999999999991 22.999999999999993 8.9999999999999982 24 8.9999999999999982 55.000000000000007 6.0000000000000027 10.999999999999998 13.000000000000002 12.999999999999998 23 4.9999999999999991 20 18 4.9999999999999991 18 4.9999999999999991 6.9999999999999991 9.9999999999999982 22 14.999999999999998 8.9999999999999982 4.9999999999999982 67
leaf_count=5 5 14 15 47 5 9 5 23 9 24 9 55 6 11 13 13 23 5 20 18 5 18 5 7 10 22 15 9 5 67
internal_value=3.97206e-12 5.31236e-05 0.000372256 -0.000545702 0.000826503 0.000522493 0.000105047 0.000280937 0.00061584 0.000357078 0.00183331 -0.000229859 0.00235672 0.00420862 -0.000416665 -0.000131606 0.00063097 -0.000731931 0.00140821 0.00339822 -0.000993938 0.00241533 -0.000205533 -0.000940544 0.000867186 0.000302684 -0.00206805 -0.000962382 -0.00258712 -0.00125448
internal_weight=497 487 290 96 194 178 145 140 125 116 33 83 33 16 197 168 74 94 51 24 60 31 91 54 37 32 29 89 10 80
internal_count=497 487 290 96 194 178 145 140 125 116 33 83 33 16 197 168 74 94 51 24 60 31 91 54 37 32 29 89 10 80
is_linear=0
shrinkage=0.03


Tree=146
num_leaves=31
num_cat=0
split_feature=39 15 51 38 44 64 24 35 71 11 48 64 53 30 88 93 48 18 47 26 59 71 10 35 62 80 56 44 29 13
split_gain=0.0740929 0.124475 0.110533 0.101857 0.119301 0.125865 0.147541 0.114646 0.12288 0.107401 0.103816 0.0971898 0.11544 0.0950924 0.0922291 0.089985 0.089786 0.0997372 0.0864716 0.079957 0.0790052 0.074396 0.0740148 0.0729141 0.0811928 0.119155 0.105877 0.0715769 0.0699902 0.0697408
threshold=1.0777768827841976 0.75081475940527265 -0.3377120822216419 -0.22001406910803231 0.73265867727489697 13.458300812202589 0.054935589060152494 0.076373126028252983 15.500000000000002 1.1589987353186089 0.35403105345948999 7.7618826183492446 -0.03664441540016819 0.079586287503125977 765.89352883322806 223771.50000000003 -0.39003274305657881 -0.27750027044520903 -0.44153367702005081 -0.024355667066027115 0.065718976876338334 9.5000000000000018 -0.93145276551843781 -2.6838296917340667 0.016769376584214447 110.9822055754485 -0.11848421261741476 0.8806231295069481 0.025413317910035645 0.29932835835062643
decision_type=2 2 2 2 2 2 2 2 2 2 2 2 2 2 2 2 2 2 2 2 2 2 2 2 2 2 2 2 2 2
left_child=2 16 -1 10 5 7 -7 8 9 15 14 -6 -13 -9 -4 18 -2 -18 21 -3 28 -5 -19 -16 25 27 -26 -25 -20 -15
right_child=1 19 3 4 11 6 -8 13 -10 -11 -12 12 -14 29 23 -17 17 22 20 -21 -22 -23 -24 24 26 -27 -28 -29 -30 -31
leaf_value=-0.0036538851232035085 0.0045195824919002396 0.00019829200580716129 0.0023090921348193657 -0.00095226246805396033 0.00041315330580497784 -0.0047678739717230204 0.0018014319464564319 0.00056301241398351381 -0.0016706698884566625 -0.0010296627630790073 0.0023181178355589508 -0.0054263850906863783 -0.00084610252372490659 -0.0033319839428771611 -0.0039860716728227479 -6.0655820098790248e-06 0.0043143341743520332 -0.0023694563331082461 0.0019990254970200885 -0.0049384187757968911 0.0063476414792239663 0.0034668945427983994 0.00092836790452046052 -0.0015015207188943886 -0.002470075120218098 -0.0059140200912952421 0.00070141250042555234 0.0009986240978469142 0.00495301481675018 0.00049851680440562117
leaf_weight=7.9999999999999991 6.9999999999999991 6 7.9999999999999991 7.9999999999999911 18 7.9999999999999982 5 83 8.9999999999999982 8.9999999999999982 9.9999999999999982 8.0000000000000018 12.999999999999998 11.000000000000002 6.9999999999999991 10.999999999999998 6.9999999999999991 6.9999999999999991 21.000000000000007 4.9999999999999982 7.9999999999999991 6 49 73 11.999999999999998 4.9999999999999991 45 11.999999999999998 10.999999999999998 6.9999999999999991
leaf_count=8 7 6 8 8 18 8 5 83 9 9 10 8 13 11 7 11 7 7 21 5 8 6 49 73 12 5 45 12 11 7
internal_value=-2.18542e-12 0.00083011 -0.000161632 -9.31564e-05 0.000311507 0.000611621 -0.00224122 0.00081318 0.00163925 0.0020418 -0.000648393 -0.00120445 -0.00259097 0.000134335 -0.000831511 0.00246708 0.0012963 0.000938161 0.00297087 -0.00213658 0.0036811 0.000941662 0.00051614 -0.000994659 -0.000852211 -0.00141331 3.37309e-05 -0.00114856 0.00301446 -0.00184234
internal_weight=497 81 416 408 236 197 13 184 83 74 172 39 21 101 162 65 70 63 54 11 40 14 56 154 147 90 57 85 32 18
internal_count=497 81 416 408 236 197 13 184 83 74 172 39 21 101 162 65 70 63 54 11 40 14 56 154 147 90 57 85 32 18
is_linear=0
shrinkage=0.03


Tree=147
num_leaves=31
num_cat=0
split_feature=33 56 36 54 64 3 30 64 2 49 38 8 62 36 57 24 46 31 53 11 45 57 20 79 23 39 85 8 9 30
split_gain=0.0704189 0.087373 0.0888084 0.0898081 0.130643 0.135795 0.124618 0.120853 0.12016 0.116278 0.114773 0.111487 0.103094 0.159896 0.119511 0.114398 0.0957422 0.0898581 0.087033 0.0846932 0.0772756 0.0769395 0.0995942 0.072119 0.0725349 0.0784066 0.074007 0.107614 0.0719998 0.0665572
threshold=3.3604089637785388 0.19005669147640256 2.9976943955111621 -0.061363388855624763 9.1075761523740066 1.0043877733352427 0.098854178027546535 7.1074702020888649 0.74639209882364721 -0.032162413308355918 -0.22001406910803231 -1.0344388639825095 0.055986726243741812 0.2124458172608932 -0.055619715908126456 -0.10397518482598063 1.3275092853283856 0.014684505359053497 0.084895919344155038 -0.059509151159348177 0.24289129118114436 -0.19070377197765012 -0.075283988425918755 43.776398447527164 0.10574593534362549 1.5188321329788279 0.056291524320840843 0.91943956847296859 0.086614810956581648 0.069172432111782617
decision_type=2 2 2 2 2 2 2 2 2 2 2 2 2 2 2 2 2 2 2 2 2 2 2 2 2 2 2 2 2 2
left_child=1 2 3 4 7 9 12 -1 19 -6 28 -8 16 15 -15 -14 21 -13 -17 -9 -3 22 -5 24 25 26 27 29 -11 -23
right_child=-2 20 -4 6 5 -7 11 8 -10 10 -12 17 13 14 -16 18 -18 -19 -20 -21 -22 23 -24 -25 -26 -27 -28 -29 -30 -31
leaf_value=0.00044721219228720721 -0.0032303729350678621 0.00061147759934621179 -0.0034159468617872336 0.0041007514191525318 -0.0011576926182150036 -0.0046717165224254131 -0.004332877663387494 0.0035717258921691337 0.0066000610589981076 -0.0034274590015411382 0.0025106581004903368 0.00014841439471078606 -0.00078533768809090055 -0.0036749324450890209 0.00082227691936378295 0.0039624817653194713 0.0028013229137286541 -0.0027090305078309026 0.00014206375926733016 0.00027185847483841434 0.0039340328300992641 -0.00089221217244182924 -0.00095987394585141117 0.0027905413806438447 0.00029865593494226536 0.0012857388078700749 -0.0025920126453274862 0.0029296918027102948 0.0010510542020451142 -0.0038315373798832298
leaf_weight=52 5.9999999999999991 21.000000000000004 6.9999999999999991 7 37 5.9999999999999991 10.999999999999998 14.000000000000002 5.9999999999999991 5.9999999999999982 23 26 8.9999999999999982 9.0000000000000018 12.999999999999998 23.000000000000004 7.9999999999999991 15.999999999999998 6.9999999999999991 13.999999999999998 8.9999999999999982 52 6.9999999999999982 4.9999999999999991 36 9.9999999999999982 36 5.9999999999999991 7 7.9999999999999991
leaf_count=52 6 21 7 7 37 6 11 14 6 6 23 26 9 9 13 23 8 16 7 14 9 52 7 5 36 10 36 6 7 8
internal_value=3.95287e-12 3.9475e-05 -6.26141e-05 -1.09107e-05 0.000547506 -0.000333255 -0.00032973 0.00135658 0.00274737 2.33306e-05 0.00123716 -0.00164429 -3.45106e-05 0.00102752 -0.00101749 0.00218112 -0.000404704 -0.000940136 0.00307105 0.00192179 0.00160824 -0.000558286 0.00157044 -0.000753071 -0.000872788 -0.00124932 -0.00149786 -0.000901048 -0.00101595 -0.00128412
internal_weight=497 491 461 454 165 79 289 86 34 73 36 53 236 61 22 39 175 42 30 28 30 167 14 153 148 112 102 66 13 60
internal_count=497 491 461 454 165 79 289 86 34 73 36 53 236 61 22 39 175 42 30 28 30 167 14 153 148 112 102 66 13 60
is_linear=0
shrinkage=0.03


Tree=148
num_leaves=31
num_cat=0
split_feature=62 54 14 60 88 37 93 56 25 14 64 64 38 42 88 78 89 80 81 35 85 42 46 70 43 58 57 85 9 57
split_gain=0.0695256 0.083973 0.147148 0.129593 0.129488 0.128698 0.127877 0.17767 0.119375 0.0985072 0.0984573 0.107329 0.10071 0.102169 0.090247 0.0887929 0.0815576 0.0812249 0.0806834 0.104454 0.0979531 0.0814719 0.082995 0.0803954 0.0749194 0.0732259 0.0872866 0.0692462 0.0681302 0.0667004
threshold=-0.22623668830237065 -0.0058863124766386351 0.12014477664097196 -0.035679746984856632 1995.2309750937029 -1.0186088096137127 5345.5000000000009 0.0056934819765204698 -0.075229601855020908 0.23944370149573893 8.5822808359345739 8.0996269837487507 1.4737435149844951 0.47767638336341584 1869.623635969788 120.57412562692903 0.12309590858596654 60.651447357438578 68.878702146202471 0.11542247204001012 0.08664970844984056 0.33323841691488071 -0.50099619422824715 55.500000000000007 -0.092324165425786461 0.059921683417589647 0.12803121242843618 0.050646234303712852 0.061551192498086389 -0.055619715908126456
decision_type=2 2 2 2 2 2 2 2 2 2 2 2 2 2 2 2 2 2 2 2 2 2 2 2 2 2 2 2 2 2
left_child=-1 6 4 5 18 -4 7 15 -9 -5 11 -8 13 14 25 -2 -11 -13 19 20 21 22 -3 -20 -10 -12 -27 -7 -21 -14
right_child=1 2 3 9 -6 27 10 8 24 16 12 17 29 -15 -16 -17 -18 -19 23 28 -22 -23 -24 -25 -26 26 -28 -29 -30 -31
leaf_value=0.0029686865396797656 -0.0014125169961548903 -0.00093505002278834618 -0.0077105092406272828 -0.0037202955409884452 -0.0024529594434973072 0.0003616018174216149 0.00022508160423245023 0.00036581299966201167 0.0030390641838312134 -0.00094473539722255524 -0.00021731178397947751 0.006133308202028274 0.0040606722794473173 -0.0027194775233510883 0.0016118331365287304 0.0016536855056662771 0.00211981658061797 0.001450282950885594 0.00056692479810278331 0.00066567218136908703 -0.0015405553719028829 0.0044543495401740069 0.0022488539729134311 -0.003835465461015701 0.0069340830389410255 -0.0012532885675318535 -0.005971135944128036 -0.0035855994001030918 -0.0010777707086067254 -2.2844225168228149e-05
leaf_weight=6.9999999999999991 17 9.9999999999999947 5.0000000000000027 7.9999999999999991 17 6.0000000000000027 73 8.0000000000000018 10.000000000000002 27 33 4.9999999999999991 5.9999999999999991 24 14.999999999999998 17 10.999999999999998 9.9999999999999982 6.9999999999999991 43 7.9999999999999991 9.9999999999999982 28.000000000000004 7.9999999999999991 7.9999999999999991 12.000000000000002 4.9999999999999991 11.999999999999998 38 8.9999999999999982
leaf_count=7 17 10 5 8 17 6 73 8 10 27 33 5 6 24 15 17 11 10 7 43 8 10 28 8 8 12 5 12 38 9
internal_value=5.74464e-12 -4.24098e-05 -0.000446525 -0.00161395 3.01155e-05 -0.00345261 0.000339254 0.00154816 0.00341499 -0.000694614 -3.85293e-05 0.000700004 -0.000663442 -0.0010467 -0.000429061 0.000120584 -5.76282e-05 0.00301129 0.000307828 0.000536533 0.00153279 0.00204502 0.00141098 -0.00178102 0.00477018 -0.00104133 -0.00264089 -0.00226987 -0.000152239 0.00161056
internal_weight=497 490 238 69 169 23 252 60 26 46 192 88 104 89 65 34 38 15 152 137 56 48 38 15 18 50 17 18 81 15
internal_count=497 490 238 69 169 23 252 60 26 46 192 88 104 89 65 34 38 15 152 137 56 48 38 15 18 50 17 18 81 15
is_linear=0
shrinkage=0.03


Tree=149
num_leaves=31
num_cat=0
split_feature=62 54 14 60 88 37 93 56 25 45 64 22 14 87 78 35 61 78 2 89 35 70 85 16 43 82 8 85 45 42
split_gain=0.0654166 0.0790102 0.138451 0.121934 0.121835 0.121092 0.12032 0.167169 0.11232 0.094475 0.0992332 0.100514 0.0926855 0.0877269 0.0835452 0.0810211 0.0799409 0.0871132 0.0783745 0.0767375 0.0759352 0.105578 0.0954899 0.0735204 0.0704916 0.0658503 0.0655886 0.0651538 0.062776 0.0664531
threshold=-0.22623668830237065 -0.0058863124766386351 0.12014477664097196 -0.035679746984856632 1995.2309750937029 -1.0186088096137127 5345.5000000000009 0.0056934819765204698 -0.075229601855020908 1.4073398739755836 8.5822808359345739 0.18174749789548589 0.23944370149573893 121.09375000000001 120.57412562692903 0.17159934580729422 -0.11903371899049402 151.73460848721592 2.3297498660820359 0.12309590858596654 0.11542247204001012 27.500000000000004 0.08664970844984056 0.32051640242531004 -0.092324165425786461 11.958907963127841 -1.1885969326370061 0.050646234303712852 -0.28709586813266047 0.33323841691488071
decision_type=2 2 2 2 2 2 2 2 2 2 2 2 2 2 2 2 2 2 2 2 2 2 2 2 2 2 2 2 2 2
left_child=-1 6 4 5 20 -4 7 14 -9 10 16 13 -5 18 -2 -15 -8 26 -12 -14 21 -3 28 25 -10 -22 -18 -7 -23 -30
right_child=1 2 3 12 -6 27 9 8 24 -11 11 -13 19 15 -16 -17 17 -19 -20 -21 23 22 -24 -25 -26 -27 -28 -29 29 -31
leaf_value=0.0028796258449022257 -0.0013701414629159604 0.0052626783549785611 -0.0074791939705610216 -0.0036086867423728106 -0.0023793707021019035 0.00035075377672910669 -0.0022629597558989187 0.0003548385738395153 0.002947892194613813 0.0040323502421379092 0.0010855974513106048 -0.0031481093873402901 -0.00091639333074757206 -0.00042150451449560932 0.0016040749264442744 -0.003121855992823839 0.003943028194829821 0.0047165988832712172 -0.0029227406792342661 0.0020562221567061814 -0.00063748246999099272 -0.00077901018127291043 -0.0021236519142985343 0.00041750770795844356 0.0067260606307536358 -0.0037499727273825555 0.00038473609359125079 -0.0034780314564704894 0.0012663575723383795 0.0046908304467797278
leaf_weight=6.9999999999999991 17 4.9999999999999991 5.0000000000000027 7.9999999999999991 17 6.0000000000000027 7.9999999999999991 8.0000000000000018 10.000000000000002 4.9999999999999991 36 13.999999999999998 27 30 17 14.999999999999998 4.9999999999999991 4.9999999999999991 4.9999999999999991 10.999999999999998 26 10.999999999999998 8.9999999999999982 53 7.9999999999999991 7.9999999999999991 69 11.999999999999998 34 5.9999999999999991
leaf_count=7 17 5 5 8 17 6 8 8 10 5 36 14 27 30 17 15 5 5 5 11 26 11 9 53 8 8 69 12 34 6
internal_value=1.83934e-12 -4.11375e-05 -0.000433129 -0.00156553 2.9212e-05 -0.00334904 0.000329077 0.00150172 0.00331254 -3.73735e-05 -0.00014619 -0.000790787 -0.000673775 -0.000407037 0.000116967 -0.00132162 0.000594727 0.000884113 0.000596776 -5.58994e-05 0.000298593 0.00107435 0.000725319 -0.000280993 0.00462708 -0.00136983 0.000625161 -0.00220177 0.00122808 0.00178003
internal_weight=497 490 238 69 169 23 252 60 26 192 187 100 46 86 34 45 87 79 41 38 152 65 60 87 18 34 74 18 51 40
internal_count=497 490 238 69 169 23 252 60 26 192 187 100 46 86 34 45 87 79 41 38 152 65 60 87 18 34 74 18 51 40
is_linear=0
shrinkage=0.03


Tree=150
num_leaves=31
num_cat=0
split_feature=39 51 51 1 5 8 79 45 13 18 23 89 31 36 35 39 22 62 12 56 28 41 29 59 26 30 11 48 50 42
split_gain=0.0636866 0.102112 0.0985663 0.0807715 0.11593 0.203733 0.190695 0.108047 0.100954 0.0868011 0.117696 0.126682 0.0879493 0.0807972 0.0757061 0.114125 0.0956124 0.074593 0.0793977 0.0757817 0.0874138 0.0744096 0.0731275 0.071602 0.0699687 0.0670419 0.0652153 0.0645165 0.0785688 0.0621708
threshold=1.6237716184615865 0.011919923823088154 -0.3377120822216419 0.51369738702124335 -0.65890964374932559 -0.82091199274195714 37.562746571857907 -0.88267613997752892 -1.0000000180025095e-35 -0.1132742841709584 0.097893096913705999 0.20178884505644609 0.0055364591820610933 1.2960598072950413 -0.77101208512396269 0.90433185685719419 0.0094080690888045573 0.246651958421476 0.78398636988904813 0.071465365163703123 0.1209936444120734 -0.4738451656058949 0.099857817309769337 0.18923951583700016 0.025608234789295862 0.090354746894376656 0.40391188731984529 0.34610395732928728 -0.22101516546913449 0.45667488988645688
decision_type=2 2 2 2 2 2 2 2 2 2 2 2 2 2 2 2 2 2 2 2 2 2 2 2 2 2 2 2 2 2
left_child=2 -2 -1 4 5 -4 7 13 -8 25 11 12 24 -6 16 -16 -7 18 19 20 23 -14 -23 27 -11 -9 -21 28 -5 -30
right_child=1 -3 3 17 6 14 8 9 -10 10 -12 -13 21 -15 15 -17 -18 -19 -20 26 -22 22 -24 -25 -26 -27 -28 -29 29 -31
leaf_value=-0.0030232602800242601 0.0026373978781824305 -0.0018817098077852279 -0.0064488153979182236 0.0020941750220954416 -0.00030465388360122832 -0.00040206915078063805 0.00050144717842340455 0.0025291038025170563 0.0057223294526338583 -0.00038396423237155308 0.0023904094283534504 0.0043923998828977349 -0.0016199667658656834 -0.0041030840229775226 -0.00024626557493152525 -0.0042778176388570234 0.0042727862777454505 0.0027867125719785689 -0.0024467721445283752 3.688857796078082e-05 0.0015285822767047927 0.0006307319625047965 0.004687046304345131 0.0020982792694121599 -0.0028812311558673782 -3.8793806631404621e-06 0.0028124165497720242 0.00088453643023967744 -0.0013845650067510591 -0.0035241977646946906
leaf_weight=9.9999999999999982 18.000000000000004 5.9999999999999991 4.9999999999999991 4.9999999999999991 18.000000000000004 8.9999999999999982 5.0000000000000009 34 9.9999999999999964 23 19 4.9999999999999991 9.9999999999999982 6.9999999999999991 65 6.9999999999999991 6.9999999999999991 5.9999999999999991 19 32 12.999999999999998 20.000000000000004 4.9999999999999991 5.9999999999999991 18 12.999999999999998 9.9999999999999982 10.999999999999998 66 14.999999999999998
leaf_count=10 18 6 5 5 18 9 5 34 10 23 19 5 10 7 65 7 7 6 19 32 13 20 5 6 18 13 10 11 66 15
internal_value=1.89215e-12 0.00150762 -7.64966e-05 -1.28516e-05 0.000307485 -0.00055812 0.000737973 0.00045506 0.00398204 0.000765141 0.000265366 -0.0002331 -0.00053741 -0.00136821 -0.000223422 -0.000638222 0.00164318 -0.000502984 -0.000614499 -0.000394162 -0.000789502 0.000567149 0.00144199 -0.00108208 -0.00148033 0.00182849 0.000697729 -0.0012788 -0.0015555 -0.00178079
internal_weight=497 24 473 463 280 93 187 172 15 147 100 81 76 25 88 72 16 183 177 158 116 35 25 103 41 47 42 97 86 81
internal_count=497 24 473 463 280 93 187 172 15 147 100 81 76 25 88 72 16 183 177 158 116 35 25 103 41 47 42 97 86 81
is_linear=0
shrinkage=0.03


Tree=151
num_leaves=31
num_cat=0
split_feature=33 56 11 66 34 64 63 63 28 58 3 45 70 33 36 18 5 62 38 49 87 27 63 70 27 86 55 79 46 37
split_gain=0.0608709 0.0743903 0.0806833 0.100553 0.133564 0.0975616 0.0876622 0.0874333 0.0950243 0.0836449 0.0791259 0.0696838 0.0832353 0.0693625 0.0691751 0.0935725 0.0660726 0.0646568 0.0841124 0.0798055 0.0914689 0.0738096 0.128556 0.0765977 0.0790901 0.0892001 0.0775913 0.0698742 0.067742 0.0644049
threshold=3.3604089637785388 0.19005669147640256 -0.16133938102156017 8.7773745463646637 -1.9465612615759109 10.889183849118806 0.021681379587798869 0.16383859071609805 0.067233854654117131 -0.16388840201886584 1.5320969940656937 1.686851116454275 22.500000000000004 2.4107097766247665 2.4233662619251772 -1.0000000180025095e-35 -0.20462578705691345 -0.10635024728396152 0.14282244970663774 0.30765978528004295 107.23039215686276 -0.11355438841469515 -0.0138318152857078 44.500000000000007 0.1118476418630192 0.0024221739728411463 -0.11446372304548491 8.1718423887300471 0.10528252070593731 -1.0646531881269941
decision_type=2 2 2 2 2 2 2 2 2 2 2 2 2 2 2 2 2 2 2 2 2 2 2 2 2 2 2 2 2 2
left_child=1 2 3 7 -5 6 16 8 9 -1 -11 12 -4 -3 17 -16 -6 18 27 21 -21 22 -19 28 25 -25 -27 -14 -23 -10
right_child=-2 13 11 4 5 -7 -8 -9 29 10 -12 -13 14 -15 15 -17 -18 19 -20 20 -22 23 -24 24 -26 26 -28 -29 -30 -31
leaf_value=0.0024165315533755346 -0.0030033982847817242 0.0023541093963748683 -0.0034570900630205869 0.004919489288392166 -0.0036616803492818557 0.0032365635647015139 0.0021135870177531615 -0.0030231644748710093 -0.0004479001685311749 -0.00077212061937273208 0.0021929698996245861 0.0028263299725949762 0.0018330800242256364 -0.00090792045230045912 0.00042701430618762953 -0.0045290713850408802 0.00013852815516293037 -0.0016642743463699634 0.0027643228122698408 -0.0018462000191876921 0.0021383177832467481 -0.0010606955650210794 0.002167836019769311 0.0013031715585384517 0.00051057865761001324 -0.0042444108962081369 -0.001633481911184 -0.0018517308055677197 0.0010453647158491159 0.0030022320826537906
leaf_weight=9.9999999999999982 5.9999999999999991 22.000000000000004 7.9999999999999991 8.9999999999999982 6.9999999999999991 10.999999999999998 9.9999999999999982 7.9999999999999991 7.0000000000000027 81 8.9999999999999982 5.9999999999999991 8.0000000000000018 7.9999999999999991 6.0000000000000009 7.9999999999999973 10.000000000000005 12.999999999999998 13.999999999999998 7.0000000000000027 20 27 20 7.9999999999999991 17 11.999999999999998 70 10.999999999999998 28 15.999999999999998
leaf_count=10 6 22 8 9 7 11 10 8 7 81 9 6 8 8 6 8 10 13 14 7 20 27 20 8 17 12 70 11 28 16
internal_value=-5.22376e-12 3.67014e-05 -5.74982e-05 0.000442935 0.00163334 0.000855042 -0.000115208 1.58425e-05 0.000213502 -0.000186397 -0.000475612 -0.000372258 -0.000441542 0.00148423 -0.00035186 -0.00240503 -0.00142626 -0.000239136 0.000999882 -0.000423315 0.00110529 -0.000634969 0.000658217 -0.000898395 -0.00136609 -0.00172057 -0.00201557 -0.000300232 1.14806e-05 0.00195219
internal_weight=497 491 461 178 47 38 27 131 123 100 90 283 277 30 269 14 17 255 33 222 27 195 33 162 107 90 82 19 55 23
internal_count=497 491 461 178 47 38 27 131 123 100 90 283 277 30 269 14 17 255 33 222 27 195 33 162 107 90 82 19 55 23
is_linear=0
shrinkage=0.03


Tree=152
num_leaves=31
num_cat=0
split_feature=39 51 51 1 16 8 8 22 43 68 28 57 17 57 30 62 53 57 8 62 12 56 28 59 65 54 31 86 26 42
split_gain=0.0592105 0.0925529 0.0893582 0.0730484 0.106284 0.106693 0.142658 0.115229 0.114239 0.101092 0.095523 0.0902859 0.0855365 0.0839242 0.0828594 0.0774948 0.0914944 0.0995695 0.0816977 0.0697574 0.0728707 0.0682677 0.08017 0.0661683 0.0634068 0.0613552 0.0610831 0.0655596 0.0602567 0.0588944
threshold=1.6237716184615865 0.011919923823088154 -0.3377120822216419 0.51369738702124335 0.9632248386000809 -0.70973768840866047 -0.29837769328431224 -0.029306094958434798 0.22746357917462015 1520.6061061061064 -0.023610105526188665 0.16329190976172744 0.24305995600170102 -0.020189991772824944 0.016107426724660173 0.067965411581236923 -0.13347536863975173 -0.10411615215023193 1.0984575701070554 0.246651958421476 0.78398636988904813 0.071465365163703123 0.1209936444120734 0.18923951583700016 10.518489599227907 0.008912971930518045 -0.015783666459182492 0.059609990235085432 -0.051981831111951822 -0.64048749158179485
decision_type=2 2 2 2 2 2 2 2 2 2 2 2 2 2 2 2 2 2 2 2 2 2 2 2 2 2 2 2 2 2
left_child=2 -2 -1 4 5 8 7 10 29 12 -7 15 -6 -10 -13 18 -17 -18 -8 20 21 22 23 25 -19 28 -23 -28 -5 -4
right_child=1 -3 3 19 9 6 11 -9 13 -11 -12 14 -14 -15 -16 16 17 24 -20 -21 -22 26 -24 -25 -26 -27 27 -29 -30 -31
leaf_value=-0.0028795054228976367 0.0025292733389263348 -0.001773119342396967 -0.0021543802544474601 -0.0019623148741255347 0.0020725865277584966 0.0078332883417606344 -0.00031737102989983911 0.00042851687715896828 -0.0059278366342186911 6.8979404236683067e-06 0.002218789421021937 6.0892291367053957e-05 0.0065363253951072689 -0.0016871115997699753 -0.0040099655712644254 -0.0014427490442592116 -0.0013489235155284395 0.0024090282013639803 0.0020320431254804137 0.0027020086720585821 -0.0023424573274984906 -0.00059844370980403926 0.0014687050907657695 0.0020258563943207266 0.0063100058734416953 -0.0020150057316008631 0.0038933589868247491 0.00053046812489628795 0.00022517098928801713 0.0018332853158935904
leaf_weight=9.9999999999999982 18.000000000000004 5.9999999999999991 4.9999999999999991 17 17.000000000000004 5 119 10.999999999999998 6.0000000000000009 17 6.0000000000000018 9.0000000000000018 4.9999999999999991 14 8.9999999999999982 6.9999999999999991 5.0000000000000027 15.000000000000002 14.999999999999998 5.9999999999999991 19 19 12.999999999999998 5.9999999999999991 4.9999999999999991 46 8.0000000000000018 14.999999999999998 34 9.9999999999999982
leaf_count=10 18 6 5 17 17 5 119 11 6 17 6 9 5 14 9 7 5 15 15 6 19 19 13 6 5 46 8 15 34 10
internal_value=7.74736e-13 0.00145368 -7.37594e-05 -1.31601e-05 0.000291477 5.63513e-05 0.000316535 0.00259968 -0.00147502 0.00174443 0.00477083 4.35512e-05 0.00308707 -0.00295933 -0.00197454 0.00026238 0.0015888 0.00243763 -5.43769e-05 -0.000479271 -0.000587111 -0.000376026 -0.000751254 -0.00103144 0.00338427 -0.00122055 0.000660321 0.00170017 -0.000503991 0.000504063
internal_weight=497 24 473 463 280 241 206 22 35 39 11 184 22 20 18 166 32 25 134 183 177 158 116 103 20 97 42 23 51 15
internal_count=497 24 473 463 280 241 206 22 35 39 11 184 22 20 18 166 32 25 134 183 177 158 116 103 20 97 42 23 51 15
is_linear=0
shrinkage=0.03


Tree=153
num_leaves=31
num_cat=0
split_feature=62 54 14 37 93 56 88 60 3 45 64 22 87 78 35 30 81 35 85 70 45 61 78 42 46 29 51 43 35 9
split_gain=0.0568387 0.0646401 0.121203 0.106905 0.104266 0.142709 0.10364 0.0960344 0.0947648 0.0807229 0.084676 0.0848984 0.0781115 0.0727987 0.0718004 0.0699024 0.0682527 0.0860908 0.0759871 0.0690663 0.0676959 0.067664 0.0751782 0.06653 0.0714321 0.0646732 0.0596019 0.0593212 0.0588916 0.058409
threshold=-0.22623668830237065 -0.0058863124766386351 0.12014477664097196 -0.46139116541011477 5345.5000000000009 0.0056934819765204698 1995.2309750937029 -0.026423942131822479 0.34737890493160656 1.4073398739755836 8.5822808359345739 0.18174749789548589 121.09375000000001 120.57412562692903 0.17159934580729422 0.098854178027546535 68.878702146202471 0.11542247204001012 0.08664970844984056 55.500000000000007 -0.16372400497323414 -0.11903371899049402 151.73460848721592 0.33323841691488071 -0.50099619422824715 0.065139056163503836 -0.01488501332385536 -0.10483837450205351 0.38663422828141331 0.061551192498086389
decision_type=2 2 2 2 2 2 2 2 2 2 2 2 2 2 2 2 2 2 2 2 2 2 2 2 2 2 2 2 2 2
left_child=-1 4 6 7 5 13 16 -4 20 10 21 12 15 -2 -14 -12 17 18 23 -18 -7 -6 -23 24 -3 -5 -16 -10 -8 -19
right_child=1 2 3 25 9 8 28 -9 27 -11 11 -13 14 -15 26 -17 19 29 -20 -21 -22 22 -24 -25 -26 -27 -28 -29 -30 -31
leaf_value=0.0026841956257287942 -0.0012794828154694508 -0.00089534068526700167 -0.0049670753255486476 -0.0011586994778675338 -0.0020898935658624396 -0.0014143995009362697 -0.0038465220481157291 -0.0011716613685712218 0.0029082279931753868 0.003717263638973236 0.0012161794560961426 -0.0029071306315849401 -0.00040361671938444484 0.0014968631070052436 -0.0056200343370437604 -0.001776518141850829 0.00054315691481211347 0.00063049625775906748 -0.0013039609277620912 -0.0035372740589082238 0.0029393185644100098 0.00056489702701140697 0.0043657406195998184 0.0040313064493238925 0.0020584562928083216 0.0016845638568823537 -0.0016084880065172912 0.0071268010139465335 -0.0003089429112151265 -0.00098377976830019359
leaf_weight=6.9999999999999991 17 9.9999999999999947 12.000000000000002 36 7.9999999999999991 4.9999999999999991 9.0000000000000018 11.999999999999998 6 4.9999999999999991 32 13.999999999999998 30 17 5.0000000000000009 8.9999999999999982 6.9999999999999991 43 7.9999999999999991 7.9999999999999991 9.0000000000000018 74 4.9999999999999991 9.9999999999999982 28.000000000000004 8.9999999999999982 9.9999999999999964 5.9999999999999982 7.9999999999999991 38
leaf_count=7 17 10 12 36 8 5 9 12 6 5 32 14 30 17 5 9 7 43 8 8 9 74 5 10 28 9 10 6 8 38
internal_value=-8.90683e-13 -3.83457e-05 -0.000392903 -0.00145242 0.000296514 0.00138813 3.96812e-05 -0.00306937 0.00306123 -4.46148e-05 -0.0001452 -0.000740643 -0.000387959 0.00010869 -0.00125097 0.000559246 0.000288134 0.000498485 0.00140294 -0.00163307 0.00138442 0.000539218 0.000805457 0.00185409 0.00128114 -0.000590047 -0.00294567 0.00501751 -0.00218178 -0.000126818
internal_weight=497 490 238 69 252 60 169 24 26 192 187 100 86 34 45 41 152 137 56 15 14 87 79 48 38 45 15 12 17 81
internal_count=497 490 238 69 252 60 169 24 26 192 187 100 86 34 45 41 152 137 56 15 14 87 79 48 38 45 15 12 17 81
is_linear=0
shrinkage=0.03


Tree=154
num_leaves=31
num_cat=0
split_feature=39 51 51 1 16 8 8 22 43 68 28 57 17 57 63 45 62 53 57 8 62 12 56 28 59 48 50 65 11 32
split_gain=0.0548753 0.0843628 0.0818614 0.0666482 0.0986797 0.0974721 0.130316 0.106542 0.103528 0.0913572 0.0857742 0.0813027 0.0790861 0.0767154 0.0761422 0.108973 0.0704116 0.0827836 0.0913229 0.0729971 0.0632054 0.0668085 0.0629567 0.0731742 0.0596172 0.0581538 0.0699426 0.057446 0.0572349 0.0552467
threshold=1.6237716184615865 0.011919923823088154 -0.3377120822216419 0.51369738702124335 0.9632248386000809 -0.70973768840866047 -0.29837769328431224 -0.029306094958434798 0.22746357917462015 1520.6061061061064 -0.023610105526188665 0.16329190976172744 0.24305995600170102 -0.020189991772824944 -0.023933758645504444 -0.06060084529305531 0.067965411581236923 -0.13347536863975173 -0.10411615215023193 1.0984575701070554 0.246651958421476 0.78398636988904813 0.071465365163703123 0.1209936444120734 0.18923951583700016 0.34610395732928728 -0.22101516546913449 10.518489599227907 0.40391188731984529 -2.1216096273857974
decision_type=2 2 2 2 2 2 2 2 2 2 2 2 2 2 2 2 2 2 2 2 2 2 2 2 2 2 2 2 2 2
left_child=2 -2 29 4 5 8 7 10 -4 12 -7 16 -6 -10 -13 -16 19 -18 -19 -8 21 22 23 24 25 26 -5 -20 -24 -1
right_child=1 -3 3 20 9 6 11 -9 13 -11 -12 14 -14 -15 15 -17 17 18 27 -21 -22 -23 28 -25 -26 -27 -28 -29 -30 -31
leaf_value=-0.0049863247722387299 0.0024263521982356901 -0.0016812704200856387 0.00047173777222633367 0.0020145018361508848 0.0019788693688357903 0.0074719455242156967 -0.00030367309388023715 0.000394539104738876 -0.0056634479016065579 2.6231742436614107e-05 0.0021516556292772281 -0.0046352482959628079 0.0062710015028715135 -0.0016089420925293647 -0.0038787910497339894 0.0019199913740158084 -0.0013724241714849735 -0.0013077403083443632 0.0022969394922256461 0.0019171166233718396 0.0025699655711650849 -0.0022416273467732884 1.7364052764605729e-05 0.001401786441520716 0.0019152189698070287 0.0008875962211327119 -0.0016415626929072594 0.0060100286006927487 0.0026175315119326115 -0.00052663546800613408
leaf_weight=5 18.000000000000004 5.9999999999999991 14.999999999999998 4.9999999999999991 17.000000000000004 5 119 10.999999999999998 6.0000000000000009 17 6.0000000000000018 6.0000000000000027 4.9999999999999991 14 5.0000000000000009 6.9999999999999973 6.9999999999999991 5.0000000000000027 15.000000000000002 14.999999999999998 5.9999999999999991 19 32 12.999999999999998 5.9999999999999991 10.999999999999998 81 4.9999999999999991 9.9999999999999982 4.9999999999999982
leaf_count=5 18 6 15 5 17 5 119 11 6 17 6 6 5 14 5 7 7 5 15 15 6 19 32 13 6 11 81 5 10 5
internal_value=-4.23821e-13 0.00139945 -7.10079e-05 -1.30063e-05 0.000277979 5.14211e-05 0.000300108 0.00248225 -0.00141228 0.00167799 0.00456997 3.91995e-05 0.00295435 -0.00282529 -0.00187586 -0.000496168 0.000246857 0.00151121 0.00231862 -5.50772e-05 -0.00045823 -0.000560881 -0.000358766 -0.000719103 -0.000986788 -0.00116629 -0.001429 0.00322521 0.000636452 -0.00275648
internal_weight=497 24 473 463 280 241 206 22 35 39 11 184 22 20 18 12 166 32 25 134 183 177 158 116 103 97 86 20 42 10
internal_count=497 24 473 463 280 241 206 22 35 39 11 184 22 20 18 12 166 32 25 134 183 177 158 116 103 97 86 20 42 10
is_linear=0
shrinkage=0.03


Tree=155
num_leaves=31
num_cat=0
split_feature=62 54 14 60 37 88 93 56 25 14 33 35 62 25 78 18 89 89 81 35 85 70 53 42 46 45 71 39 23 63
split_gain=0.0516899 0.058593 0.111748 0.0985148 0.0967309 0.0956451 0.093095 0.129186 0.0875808 0.0804173 0.0762851 0.0701205 0.0958304 0.0922784 0.0691408 0.0666405 0.0770296 0.0641976 0.0619805 0.079223 0.0687017 0.0635337 0.0608991 0.0601619 0.0660778 0.0560512 0.0595439 0.0558351 0.088057 0.078863
threshold=-0.22623668830237065 -0.0058863124766386351 0.12014477664097196 -0.035679746984856632 -1.0186088096137127 1995.2309750937029 5345.5000000000009 0.0056934819765204698 -0.075229601855020908 0.23944370149573893 3.0599867415181397 0.17159934580729422 0.025361053853464658 -0.067657952909641564 128.32699879135325 0.19198151552320961 0.20178884505644609 0.12309590858596654 68.878702146202471 0.11542247204001012 0.08664970844984056 55.500000000000007 0.040517277894986208 0.33323841691488071 -0.50099619422824715 -0.16030405452716293 14.500000000000002 1.4060571995082782 -0.027463924607917162 0.093003782631998308
decision_type=2 2 2 2 2 2 2 2 2 2 2 2 2 2 2 2 2 2 2 2 2 2 2 2 2 2 2 2 2 2
left_child=-1 6 5 4 -4 18 7 14 -9 -5 11 15 25 -14 -2 16 -8 -11 19 20 23 -20 -15 24 -3 -13 -27 28 29 -21
right_child=1 2 3 9 -6 -7 10 8 -10 17 -12 12 13 22 -16 -17 -18 -19 21 27 -22 -23 -24 -25 -26 26 -28 -29 -30 -31
leaf_value=0.0025597349008811372 -0.00059242685377183888 -0.00086118962871842113 -0.0066859911382198284 -0.0033237121906131506 -0.0019692014530301094 -0.0020928251195479843 0.00066962982486334758 0.00029384544643107786 0.0040663620845104251 -0.00080144852348085899 -0.0036971040666103363 -0.0032357606463707406 -0.0030167731308029032 -4.105236115200179e-05 0.0027533504579748428 -0.0013416823556014735 0.0045024682134389878 0.0019174576161259953 0.00053635635945413799 -0.0026720624186564231 -0.0012258740980178118 -0.003377231634221971 0.002461728174705058 0.0038473698589950797 0.00197974976844437 -0.0016319032716141503 0.0015448143745639493 0.0026652807602658866 0.00042870494828093795 0.0010277164434748035
leaf_weight=6.9999999999999991 27 9.9999999999999947 5.0000000000000027 7.9999999999999991 18 17 84 8.0000000000000018 18 27 4.9999999999999991 12.999999999999998 5.9999999999999991 21 6.9999999999999991 13.999999999999998 4.9999999999999991 10.999999999999998 6.9999999999999991 20.000000000000004 7.9999999999999991 7.9999999999999991 14.999999999999998 9.9999999999999982 28.000000000000004 22.000000000000004 6.9999999999999991 5.9999999999999991 48 6.9999999999999991
leaf_count=7 27 10 5 8 18 17 84 8 18 27 5 13 6 21 7 14 5 11 7 20 8 8 15 10 28 22 7 6 48 7
internal_value=3.26057e-12 -3.65676e-05 -0.000374133 -0.00139148 -0.00299459 4.12349e-05 0.000282244 0.00131372 0.00290559 -0.00058993 -4.00922e-05 5.76889e-05 -0.000585594 0.000427695 9.64097e-05 0.000582308 0.000884958 -1.43967e-05 0.000279913 0.000480366 0.001348 -0.00155089 0.00100177 0.00177697 0.00123213 -0.00159888 -0.000865109 -0.000119478 -0.000342259 -0.00171286
internal_weight=497 490 238 69 23 169 252 60 26 46 192 187 84 42 34 103 89 38 152 137 56 15 36 48 38 42 29 81 75 27
internal_count=497 490 238 69 23 169 252 60 26 46 192 187 84 42 34 103 89 38 152 137 56 15 36 48 38 42 29 81 75 27
is_linear=0
shrinkage=0.03


Tree=156
num_leaves=31
num_cat=0
split_feature=11 34 49 20 33 57 93 8 62 61 80 11 32 24 77 80 39 31 20 31 53 19 6 54 56 27 39 26 61 55
split_gain=0.0496093 0.0966135 0.123994 0.0850338 0.116525 0.0840373 0.0777991 0.0600948 0.0859016 0.0857658 0.0817163 0.0787634 0.0785152 0.074319 0.0745571 0.074134 0.073625 0.0720721 0.0677834 0.0698323 0.0711773 0.0629315 0.0596696 0.0593908 0.0584457 0.0577279 0.0576757 0.0517356 0.0517006 0.0497373
threshold=-0.1737558975098695 -2.0384241889482584 0.1007937334484148 0.29175046828219342 -1.2223461984516686 0.13496630472359242 1580.0000000000002 -1.0524537932504792 -0.10635024728396152 -0.071885003340651177 31.422414417300484 -0.0992972622818281 -0.63866736316559714 -0.046673398602688036 1.0000000180025095e-35 83.085477502893539 0.81107556520110691 0.089050686790112382 -0.051443642843248587 -0.049452966078848144 0.06303656091113255 0.018946901356934682 -0.22585495685335988 -0.016333230140692667 0.085989353521509576 0.079614136676419089 1.6237716184615865 0.070493623071837777 0.041701684525185058 -0.042526146319108012
decision_type=2 2 2 2 2 2 2 2 2 2 2 2 2 2 2 2 2 2 2 2 2 2 2 2 2 2 2 2 2 2
left_child=1 2 24 4 6 26 -3 12 9 -9 -10 -11 -2 14 18 17 -16 21 19 -12 -21 25 -17 -23 -1 -15 29 -20 -24 -6
right_child=7 3 -4 -5 5 -7 -8 8 10 11 13 -13 -14 15 16 22 -18 -19 27 20 -22 23 28 -25 -26 -27 -28 -29 -30 -31
leaf_value=-0.001128801734594162 -0.0039022067220260684 0.0047520187124609941 0.0052317743003368377 -0.003099352902333651 0.00014261073792087181 0.0020392480499755879 0.001082518027128222 -0.00098469069926068178 0.0028612523020378178 -0.0013943937979638565 0.0019933999011603493 0.0027445712732151149 -0.00012391405984420666 -0.00090904729755981485 -0.00033109936557593748 -0.00040907833534716193 -0.0042279139533638946 0.0011061421399936079 0.00096533751204753147 -0.0017847127883578648 0.0016533837414213588 -0.0011767195797476328 -0.0019145320099778469 -0.0042580680968239901 0.0027880848199129107 0.0012660102676600219 0.0017687473399564623 0.0039577016606926916 -0.0050280299317091706 -0.0012941508667886647
leaf_weight=8.0000000000000018 9.0000000000000018 5.9999999999999991 7.9999999999999991 6.9999999999999991 34.999999999999993 12.999999999999998 39 11.999999999999998 6.9999999999999991 5.0000000000000027 8.9999999999999982 24 10.999999999999998 41 16.000000000000004 11.000000000000002 5.9999999999999991 20 39 24.000000000000004 6.9999999999999991 19.000000000000004 12.000000000000002 7.9999999999999991 5.9999999999999991 14.999999999999998 8.9999999999999982 5.9999999999999991 7.9999999999999991 57.000000000000007
leaf_count=8 9 6 8 7 35 13 39 12 7 5 9 24 11 41 16 11 6 20 39 24 7 19 12 8 6 15 9 6 8 57
internal_value=-1.9465e-12 0.00038426 0.00225238 0.000136678 0.000279145 -0.000231108 0.00157178 -0.000233789 -0.00012373 0.00114833 -0.00033403 0.00203096 -0.00182415 -0.000426839 0.000162715 -0.000897602 -0.00139387 -0.000510487 0.000565595 -0.000332971 -0.00100837 -0.000900036 -0.00218382 -0.00208971 0.000549864 -0.000326443 -0.000523332 0.00136432 -0.00315993 -0.000747557
internal_weight=497 188 22 166 159 114 45 309 289 41 248 29 20 241 107 134 22 103 85 40 31 83 31 27 14 56 101 45 20 92
internal_count=497 188 22 166 159 114 45 309 289 41 248 29 20 241 107 134 22 103 85 40 31 83 31 27 14 56 101 45 20 92
is_linear=0
shrinkage=0.03


Tree=157
num_leaves=31
num_cat=0
split_feature=33 56 11 29 41 14 79 14 59 17 15 51 20 33 36 18 54 88 82 47 88 66 63 17 32 60 33 51 13 19
split_gain=0.0482569 0.055062 0.0679858 0.081259 0.0824521 0.07285 0.111719 0.0956891 0.0817913 0.0739319 0.0672905 0.0597893 0.0595196 0.0574024 0.0552323 0.0818854 0.0592835 0.112169 0.0967638 0.0867927 0.0817711 0.0868964 0.0787163 0.0760614 0.1087 0.0609719 0.0740964 0.0616779 0.05491 0.0566244
threshold=3.3604089637785388 0.19005669147640256 -0.16133938102156017 0.099857817309769337 0.098072704800081553 0.12014477664097196 37.562746571857907 0.33450374734553157 0.014072664002315745 -0.27120233670726468 -0.30638972597601966 0.054913240459429531 -0.0024693708624104467 2.4107097766247665 2.4233662619251772 -1.0000000180025095e-35 -0.061363388855624763 1938.9188520746472 12.551737800952379 -0.99992816884011171 1938.9188520746472 8.1000000000000014 -0.11608744755919016 0.17845275325152543 -2.3550969283261067 -0.01535872649057563 1.6236634811847062 0.056297072575278051 -0.7228649278182725 -0.011881020980854492
decision_type=2 2 2 2 2 2 2 2 2 2 2 2 2 2 2 2 2 2 2 2 2 2 2 2 2 2 2 2 2 2
left_child=1 2 3 5 -5 6 9 -7 -9 11 -11 -1 -12 -3 16 -16 20 18 22 -20 28 -22 -18 24 -24 26 27 -26 -4 -30
right_child=-2 13 14 4 -6 7 -8 8 -10 10 12 -13 -14 -15 15 -17 17 -19 19 -21 21 -23 23 -25 25 -27 -28 -29 29 -31
leaf_value=-0.0043843263164162639 -0.0026741623342968522 0.0020693752626803784 -0.0027111606672406197 0.00020813564607773767 0.0034093248993158341 -0.0030633198656141759 0.0040664774528704579 0.00086973041588921216 -0.0016300512037828172 -0.00067385083043270495 0.0023379404174163941 0.00025508611521217966 0.00019840751420071513 -0.00089812278980389232 0.00047487672651186569 -0.0041613829974085099 0.0031104397773742674 -0.0024409678012132642 -0.005154669787734747 -0.00095638527136403489 0.0036486831679940213 0.00022362552024424075 0.0029129238204600718 -0.0018030089233070611 -0.0014915681966522246 -0.0011728655386509163 0.0041095074936747548 0.0013175502550952574 0.0010210767199075029 -0.00072807837976142766
leaf_weight=4.9999999999999982 5.9999999999999991 22.000000000000004 6.9999999999999991 14.000000000000002 14.999999999999998 11.999999999999998 7.9999999999999991 31 19 22 24.999999999999996 5 22.000000000000004 7.9999999999999991 6.0000000000000009 7.9999999999999973 7.9999999999999991 25 4.9999999999999991 39 12.000000000000002 14.999999999999998 12.999999999999998 17 11.999999999999995 27.000000000000007 4.9999999999999991 17 31 36
leaf_count=5 6 22 7 14 15 12 8 31 19 22 25 5 22 8 6 8 8 25 5 39 12 15 13 17 12 27 5 17 31 36
internal_value=-1.14541e-12 3.26782e-05 -4.83651e-05 0.000411006 0.00186392 0.000128223 0.000688211 -0.000657567 -8.01866e-05 0.000346108 0.000695489 -0.00206462 0.00133646 0.00127804 -0.000337298 -0.00217441 -0.000241686 -0.000587003 -0.000262883 -0.00143346 0.000332703 0.00174587 0.000257375 6.55562e-06 0.000422266 -0.000108529 0.000736679 0.000155156 -0.000182913 8.12322e-05
internal_weight=497 491 461 178 29 149 87 62 50 79 69 10 47 30 283 14 269 168 143 44 101 27 99 91 74 61 34 29 74 67
internal_count=497 491 461 178 29 149 87 62 50 79 69 10 47 30 283 14 269 168 143 44 101 27 99 91 74 61 34 29 74 67
is_linear=0
shrinkage=0.03


Tree=158
num_leaves=31
num_cat=0
split_feature=33 13 56 36 18 30 35 88 6 62 9 93 11 49 61 46 54 32 82 17 55 63 21 37 15 89 38 35 27 0
split_gain=0.0460328 0.0935283 0.085582 0.0662428 0.0857273 0.070864 0.101348 0.0953636 0.0781203 0.0730967 0.0956406 0.0856491 0.0798923 0.0920081 0.074188 0.0666874 0.0770773 0.0842834 0.0636734 0.0594483 0.0655279 0.0606035 0.0592257 0.0582643 0.0572732 0.056232 0.0560147 0.0554093 0.050526 0.0493053
threshold=2.6565311201463548 0.67689422920049258 0.19005669147640256 2.4895092230674094 0.018838553338445321 0.11690172289616438 0.11542247204001012 1858.9219180918524 -0.15587298602097524 0.044415535612195793 0.21545755111546486 22145.500000000004 -0.45299875741349976 0.055148626228710668 0.0010918583033661391 1.3275092853283856 -0.13527935738742114 1.7945404218066827 11.958907963127841 -0.34482390262741919 -0.16531217309599555 -0.10059342669567418 0.11872413257914168 0.28444182994078065 -0.48353714880211435 0.1097522431518262 1.6826109393568174 1.6457627907409236 -0.043472329449772307 1.9048468203286899
decision_type=2 2 2 2 2 2 2 2 2 2 2 2 2 2 2 2 2 2 2 2 2 2 2 2 2 2 2 2 2 2
left_child=2 23 3 5 -5 9 7 28 -8 15 12 25 -11 14 -14 16 17 -1 -15 -18 21 -21 26 -2 -17 -12 -22 -20 -7 -13
right_child=1 -3 -4 4 -6 6 8 -9 -10 10 11 29 13 18 -16 24 19 -19 27 20 22 -23 -24 -25 -26 -27 -28 -29 -30 -31
leaf_value=0.00023063560464204504 -0.00018393566890154028 0.0020791921418692387 0.0018248858896549791 0.00035127761168405399 -0.0034866264293139633 0.00042063867294928059 -0.0047887107264250493 0.0030309733492322266 -0.0011936714850804386 0.0020091456485291322 0.0024054914212319994 0.0016166301188059147 0.00013299516246964533 0.0028489908415146839 -0.0025907525575409335 0.00035540782691289983 -0.0023167461278873294 0.0035989937838166951 -0.002729695066809654 -0.001456706028431653 -0.00098774376557880057 0.0023909647975649153 0.00058129191786671672 -0.0029142107398194427 0.0041393619403243057 0.005962483808398247 0.0014722540485672651 0.0012961258459836245 -0.002154538147733546 -0.0018539007743820547
leaf_weight=26 12.000000000000002 6.9999999999999991 24 10.000000000000002 10.999999999999998 15.999999999999998 8.0000000000000018 7.9999999999999991 17 18 12.000000000000002 14.000000000000002 18 11.000000000000002 18 8.9999999999999982 13.999999999999998 8.9999999999999982 4.9999999999999991 5.0000000000000027 112 13.999999999999998 36 17 5.9999999999999991 5.9999999999999991 8.9999999999999982 7.9999999999999991 12.000000000000002 4.9999999999999991
leaf_count=26 12 7 24 10 11 16 8 8 17 18 12 14 18 11 18 9 14 9 5 5 112 14 36 17 6 6 9 8 12 5
internal_value=3.30624e-12 -0.00103318 8.06821e-05 -1.51094e-05 -0.00165905 6.78782e-05 -0.000876698 0.000142321 -0.00234408 0.000230186 0.000852074 0.00210822 0.000256211 -0.00026967 -0.00122888 -6.78028e-05 -0.000196922 0.00109678 0.00116914 -0.000435237 -0.000285571 0.00137842 -0.000486946 -0.00178444 0.00186899 0.00359116 -0.000804769 -0.000252267 -0.000683009 0.000703333
internal_weight=497 36 461 437 21 416 61 36 25 355 115 37 78 60 36 240 225 35 24 190 176 19 157 29 15 18 121 13 28 19
internal_count=497 36 461 437 21 416 61 36 25 355 115 37 78 60 36 240 225 35 24 190 176 19 157 29 15 18 121 13 28 19
is_linear=0
shrinkage=0.03


Tree=159
num_leaves=31
num_cat=0
split_feature=62 54 14 37 93 56 51 88 60 43 45 64 54 22 22 61 3 46 78 64 49 29 35 70 85 16 35 82 89 28
split_gain=0.0442439 0.0492069 0.0961212 0.0867952 0.0804596 0.11087 0.0785745 0.0785462 0.0784428 0.0779207 0.0678722 0.069382 0.076487 0.0590578 0.0677562 0.0643015 0.0620295 0.0647565 0.0580524 0.0564497 0.0682561 0.0550207 0.054593 0.0759548 0.0629241 0.0532356 0.050226 0.0496381 0.0471148 0.0468694
threshold=-0.22623668830237065 -0.0058863124766386351 0.12014477664097196 -0.46139116541011477 5345.5000000000009 0.0056934819765204698 0.074619693087268388 1995.2309750937029 -0.026423942131822479 -0.10483837450205351 1.4073398739755836 8.5822808359345739 -0.023877528863672264 0.19782232802059374 0.10344984133616816 -0.11143672992453614 -0.3023186584254724 -0.59173494423110395 120.57412562692903 8.0996269837487507 0.1041903556263666 0.065139056163503836 0.11542247204001012 27.500000000000004 0.08664970844984056 0.32051640242531004 0.38663422828141331 11.958907963127841 0.1124660545868905 -0.14463136113763134
decision_type=2 2 2 2 2 2 2 2 2 2 2 2 2 2 2 2 2 2 2 2 2 2 2 2 2 2 2 2 2 2
left_child=-1 4 7 8 5 18 9 22 28 -7 11 19 13 14 15 -13 -17 -18 -2 -6 -21 -5 23 -3 29 27 -9 -24 -4 -25
right_child=1 2 3 21 10 6 -8 26 -10 -11 -12 12 -14 -15 -16 16 17 -19 -20 20 -22 -23 25 24 -26 -27 -28 -29 -30 -31
leaf_value=0.0023682029332433427 -0.0011500887137235087 0.0044686020612716669 -0.002578994557261466 -0.0010341838169066857 0.00015131445076916212 0.001977031745094184 0.00042534154063711562 -0.0034292563299338007 -0.0010285626550466985 0.0060462036542594409 0.0034081365019083022 0.0021482803579419879 0.0010983081674203277 -0.0030058014189125967 0.001558302702382207 -0.00045114263844001919 -0.0055374394655227617 -0.0017385658937772456 0.0013291711179429994 0.00041685733711346987 0.0046497307345271105 0.001588332657702267 -0.00052378117814301864 -0.0014624514058232305 -0.0016926230738560357 0.00036129301152508351 -0.00016229831264354287 -0.0032261008489876983 -0.0063385759294033043 0.0013602789435535668
leaf_weight=6.9999999999999991 17 4.9999999999999991 6.0000000000000018 36 73 9.0000000000000018 8.9999999999999982 9.0000000000000018 11.999999999999998 8.0000000000000018 4.9999999999999991 4.999999999999992 18 11.999999999999998 9.9999999999999982 28.999999999999993 5.0000000000000027 21.000000000000014 17 7.9999999999999982 6 8.9999999999999982 26 5.9999999999999991 8.9999999999999982 53 7.9999999999999991 7.9999999999999991 6 45
leaf_count=7 17 5 6 36 73 9 9 9 12 8 5 5 18 12 10 29 5 21 17 8 6 9 26 6 9 53 8 8 6 45
internal_value=-1.94826e-12 -3.38315e-05 -0.00034318 -0.00128672 0.000258331 0.00121726 0.00269196 4.2053e-05 -0.00274367 0.00389194 -4.13332e-05 -0.000133565 -0.000672559 -0.00106129 -0.00072794 -0.00110898 -0.00140509 -0.00246912 8.95412e-05 0.000485968 0.00223095 -0.000509681 0.000258346 0.000916111 0.000620071 -0.000233087 -0.00189186 -0.00115962 -0.00445879 0.00102819
internal_weight=497 490 238 69 252 60 26 169 24 17 192 187 100 82 70 60 55 26 34 87 14 45 152 65 60 87 17 34 12 51
internal_count=497 490 238 69 252 60 26 169 24 17 192 187 100 82 70 60 55 26 34 87 14 45 152 65 60 87 17 34 12 51
is_linear=0
shrinkage=0.03


Tree=160
num_leaves=31
num_cat=0
split_feature=44 47 62 62 6 23 11 53 47 93 34 14 81 29 29 93 80 7 17 11 21 79 61 40 80 54 14 53 37 27
split_gain=0.0432608 0.0881295 0.0833729 0.0581239 0.088549 0.0873953 0.116724 0.110333 0.111956 0.0806334 0.0783378 0.078318 0.0780432 0.0810378 0.0706696 0.0678546 0.0642349 0.0640147 0.0819533 0.0557987 0.0544761 0.0570864 0.0537217 0.0505195 0.0484674 0.0543463 0.0659582 0.0486139 0.0557916 0.045984
threshold=0.93175848871665423 -0.8188920825995516 -0.22623668830237065 0.044415535612195793 -0.60567200182411463 0.016982063553730862 -0.31738732514848306 0.094625294281036804 0.49891482304035889 10377.000000000002 0.2159478163725457 0.1656581759575613 62.002965720051797 0.13575037669544399 0.11275551794473196 22145.500000000004 31.422414417300484 0.36353410799023944 0.024314842092208303 0.26035870942579603 -0.15636471395077192 6.2808322563514851 -0.026975636683527194 -0.52244467758994095 63.247475971739966 -0.10951439277630684 -0.52367061931072179 -0.048633308169052085 -0.81199085619831102 0.03035071435481947
decision_type=2 2 2 2 2 2 2 2 2 2 2 2 2 2 2 2 2 2 2 2 2 2 2 2 2 2 2 2 2 2
left_child=2 19 -1 4 14 7 9 8 15 -7 23 -10 13 16 17 -5 -6 -4 -19 -2 -14 -22 -3 -8 25 -18 -27 -26 -29 -28
right_child=1 22 3 5 12 6 10 -9 11 -11 -12 -13 20 -15 -16 -17 24 18 -20 -21 21 -23 -24 -25 27 26 29 28 -30 -31
leaf_value=0.003963588461279869 -0.0010603864733129743 -0.0015198072278435576 0.0010234742892308807 0.0042355165473724659 0.0031625191727653146 0.0045675392448902095 -0.005227913796901699 -0.00051178117059981054 0.0029251550616962553 0.00024408134547146884 3.44365792856975e-06 -0.00091783139482140531 -0.0032651230608197771 -0.0025530572523447597 0.0030030916160903873 0.0014830189480978461 0.00086231100173400979 0.0016373573779128485 -0.0017842816395152892 -0.0055422972813248626 0.0012339777499437332 -0.0013614405179279854 0.00039257611219699562 -0.0016795305304157617 -0.00091709457017714153 0.0010618682760105001 -0.00089507641643285724 0.0032791728631127652 0.00054033136074771958 -0.0033328115954422035
leaf_weight=4.9999999999999991 4.9999999999999982 20 46 19 5.9999999999999991 6.0000000000000027 5.0000000000000027 23 7.0000000000000027 10.999999999999998 22 14.999999999999998 10.999999999999998 10.999999999999998 9.9999999999999982 13.999999999999998 13.999999999999998 9.0000000000000018 21 5 8.9999999999999982 50 39 12.999999999999998 15.999999999999998 7.9999999999999991 15.000000000000002 7.999999999999992 41.000000000000007 12.999999999999998
leaf_count=5 5 20 46 19 6 6 5 23 7 11 22 15 11 11 10 14 14 9 21 5 9 50 39 13 16 8 15 8 41 13
internal_value=-1.66015e-12 -0.000697088 0.000112381 6.68585e-05 -0.00017391 0.000580497 -0.000312414 0.00123301 0.00196265 0.00177001 -0.00119744 0.000304937 -0.000517144 -8.77307e-05 0.000632291 0.00306779 0.00013639 0.000320344 -0.00075779 -0.00330134 -0.00132689 -0.000965529 -0.000255689 -0.00266519 -2.14951e-05 -0.000723708 -0.00134049 0.000518669 0.000987489 -0.00202688
internal_weight=497 69 428 423 288 135 57 78 55 17 40 22 202 132 86 33 121 76 30 10 70 59 59 18 115 50 36 65 49 28
internal_count=497 69 428 423 288 135 57 78 55 17 40 22 202 132 86 33 121 76 30 10 70 59 59 18 115 50 36 65 49 28
is_linear=0
shrinkage=0.03


Tree=161
num_leaves=31
num_cat=0
split_feature=33 13 56 36 59 30 35 88 6 62 9 93 11 49 61 38 3 59 14 3 42 8 12 80 37 6 10 40 89 21
split_gain=0.0417781 0.0825355 0.0757963 0.0573244 0.0772256 0.0628672 0.0893267 0.0855361 0.0705767 0.0653454 0.085127 0.0736779 0.0686648 0.0830843 0.0652165 0.0605849 0.0589829 0.057087 0.0545641 0.051672 0.069403 0.056972 0.0640216 0.0542951 0.0516476 0.0511291 0.0569988 0.0506333 0.050041 0.0483498
threshold=2.6565311201463548 0.67689422920049258 0.19005669147640256 2.4895092230674094 0.030614502775446879 0.11690172289616438 0.11542247204001012 1858.9219180918524 -0.15587298602097524 0.044415535612195793 0.21545755111546486 22145.500000000004 -0.45299875741349976 0.055148626228710668 0.0010918583033661391 -2.0481252835945654 2.0229519663812385 -0.033277650611258272 0.032358726758800672 0.82446223319352729 -0.082047285401590161 1.0984575701070554 1.1472232819848018 49.315807023384131 0.28444182994078065 -1.2242717553270328 -0.85061194697833498 -1.6106862994410456 0.1097522431518262 -0.24098720598899392
decision_type=2 2 2 2 2 2 2 2 2 2 2 2 2 2 2 2 2 2 2 2 2 2 2 2 2 2 2 2 2 2
left_child=2 24 3 5 -5 9 7 29 -8 15 12 28 -11 14 -14 -1 19 -15 -19 21 -21 22 23 -17 -2 27 -27 -25 -12 -7
right_child=1 -3 -4 4 -6 6 8 -9 -10 10 11 -13 13 17 -16 16 -18 18 -20 20 -22 -23 -24 25 -26 26 -28 -29 -30 -31
leaf_value=-0.0024797649611718949 -0.00018311954248929392 0.0019394758563222628 0.0017183216541889123 -0.00011543045617425093 -0.0038616638537496326 0.0020229962663725 -0.0045269868336617926 0.0028666719782631843 -0.0011099283309543833 0.0018677225367476544 0.0022467841091565782 0.00068686124255978745 0.00012046128200987973 -0.0011577816999384328 -0.0024332902425279216 -0.0011383186298637436 0.0027408989771668399 0.004092655067465133 0.00063922779913991692 -0.0025561025604838505 -6.2641037576314468e-05 0.0018756755071808583 -0.0030413158610463143 -0.00022051902674138541 -0.0027536947975921279 -0.0014423457064035841 0.00043265613475368012 0.0036278896580915899 0.0056022596359252925 -0.001231987065402791
leaf_weight=8.9999999999999982 12.000000000000002 6.9999999999999991 24 13.000000000000002 7.9999999999999991 5.0000000000000027 8.0000000000000018 7.9999999999999991 17 18 12.000000000000002 19 18 7.0000000000000027 18 26 6.9999999999999991 7.0000000000000027 9.9999999999999982 15.999999999999998 27 15.999999999999998 5.9999999999999991 5 17 17 103 7.9999999999999982 5.9999999999999991 23
leaf_count=9 12 7 24 13 8 5 8 8 17 18 12 19 18 7 18 26 7 7 10 16 27 16 6 5 17 17 103 8 6 23
internal_value=-4.6774e-12 -0.000984275 7.68632e-05 -1.32856e-05 -0.00154257 6.39137e-05 -0.000825771 0.000130907 -0.00220339 0.000216789 0.000804781 0.00198987 0.000242621 -0.000244909 -0.00115641 -6.4957e-05 2.91264e-05 0.00112235 0.00206123 -5.56165e-05 -0.000990441 0.000166469 7.2756e-07 0.000115522 -0.00169001 0.000360633 0.000167031 0.00214773 0.00336528 -0.00065074
internal_weight=497 36 461 437 21 416 61 36 25 355 115 37 78 60 36 240 231 24 17 224 43 181 165 159 29 133 120 13 18 28
internal_count=497 36 461 437 21 416 61 36 25 355 115 37 78 60 36 240 231 24 17 224 43 181 165 159 29 133 120 13 18 28
is_linear=0
shrinkage=0.03


Tree=162
num_leaves=31
num_cat=0
split_feature=51 43 45 42 93 48 57 24 65 55 42 46 17 84 80 1 28 54 4 32 8 59 36 93 80 18 31 93 1 39
split_gain=0.0402765 0.045428 0.0445775 0.0814885 0.0756884 0.0877302 0.0876973 0.0727484 0.0724151 0.0866361 0.0715791 0.0813927 0.0766487 0.0614997 0.074563 0.0610676 0.0601907 0.0787146 0.062861 0.0565363 0.066827 0.0543754 0.0542777 0.0507041 0.0468177 0.0465133 0.0459434 0.0458788 0.0455722 0.0474906
threshold=-0.37089541272968507 -0.4888202305250578 -0.31592157426757278 -0.47596138377683056 39750.000000000007 0.087864038638547678 -0.078692543214638547 0.27240901028805337 3.6850622296333317 -0.16975610991674922 1.3065533084858936 1.2526031478255411 0.096028494904977599 0.028735924512147907 41.204681640625004 1.4806502959150114 -0.052767776547839117 -0.13527935738742114 0.29766696674358878 -2.2123157236522708 0.54199636496299908 0.18099584392915016 1.4022504309925006 233023.50000000003 62.164876446759258 -0.1132742841709584 0.10401404559447582 511425.00000000006 2.1539363738073902 1.0777768827841976
decision_type=2 2 2 2 2 2 2 2 2 2 2 2 2 2 2 2 2 2 2 2 2 2 2 2 2 2 2 2 2 2
left_child=1 -1 3 21 6 8 19 13 -6 -10 11 22 -12 -8 -15 -11 17 -16 25 -4 -21 27 24 -7 -5 -18 -19 -2 29 -26
right_child=2 -3 4 10 5 23 7 -9 9 15 12 -13 -14 14 16 -17 18 26 -20 20 -22 -23 -24 -25 28 -27 -28 -29 -30 -31
leaf_value=0.0001373476535081863 -0.0025608952139090329 -0.003906670644879341 0.0013625513300807638 -0.0008713632775470614 -0.0031252305395901201 0.0011443710771230299 -0.0010701994291905847 0.0045015719980001445 0.0032047255458310243 -0.00040893294250963661 -0.0045294928923249244 0.0037101381621323527 0.00026577570475637906 0.0036567140618960063 0.0028289950945015463 -0.0027268582396209238 0.0032173823535834498 -0.0011271175633009989 0.00047759850301580233 -0.0020818331641772681 0.00054704318870790302 0.0013961328752338886 -0.0019813285851851105 -0.00066837482952645838 0.00059389868977706168 0.0012115537746728434 0.001748610371723771 -8.7602793549497915e-05 -0.0016442125476896763 0.0027657578728394585
leaf_weight=5 27 4.9999999999999982 10.999999999999998 20 11.999999999999998 41 13.999999999999998 4.9999999999999991 4.9999999999999991 48 5.9999999999999982 5.9999999999999991 6 8.9999999999999982 6.9999999999999991 12.999999999999998 18.999999999999993 30 42 23 13.999999999999998 4.9999999999999991 9.9999999999999982 21 37 23.000000000000007 5.9999999999999991 8.9999999999999982 5.9999999999999991 11.999999999999998
leaf_count=5 27 5 11 20 12 41 14 5 5 48 6 6 6 9 7 13 19 30 42 23 14 5 10 21 37 23 6 9 6 12
internal_value=1.00338e-11 -0.00188466 3.86994e-05 -0.000404277 0.000224672 -0.000311955 0.00059476 0.000941753 -0.000981501 -0.000591732 4.5981e-05 0.000333169 -0.00213186 0.000823092 0.00101799 -0.000902917 0.000830994 -8.18349e-05 0.00129828 -0.000525739 -0.00108712 -0.00153541 9.47943e-05 0.000530376 0.000371611 0.00211895 -0.00064783 -0.00194257 0.000823601 0.00112578
internal_weight=497 10 487 144 343 140 203 155 78 66 103 91 12 150 136 61 127 43 84 48 37 41 85 62 75 42 36 36 55 49
internal_count=497 10 487 144 343 140 203 155 78 66 103 91 12 150 136 61 127 43 84 48 37 41 85 62 75 42 36 36 55 49
is_linear=0
shrinkage=0.03


Tree=163
num_leaves=31
num_cat=0
split_feature=71 39 51 1 79 30 56 8 43 8 57 19 26 45 61 52 52 88 79 10 62 12 93 0 34 28 33 40 79 51
split_gain=0.0395027 0.0475363 0.0631508 0.048729 0.0820764 0.0829906 0.0617067 0.0586276 0.0787677 0.0775792 0.0938791 0.0774739 0.061432 0.0519946 0.0511757 0.0506913 0.0588536 0.0595565 0.0534991 0.0529583 0.0493181 0.0500572 0.0461725 0.0458925 0.0430804 0.0429675 0.0424371 0.0419871 0.0419252 0.041902
threshold=3.5000000000000004 1.6237716184615865 -0.3377120822216419 0.51369738702124335 37.188277809913878 -0.042539766898920799 0.18397989920008154 -0.70973768840866047 0.22746357917462015 -0.29837769328431224 0.16329190976172744 0.033921391331797009 -0.024355667066027115 0.24959196906196007 0.017930052116721339 -0.28188206277008249 0.13384298038000103 1138.9760518485275 9.1744423439532561 -1.0758141595563488 0.246651958421476 0.78398636988904813 23300.500000000004 1.5529049364169154 0.37245216753732674 0.10377988241972408 0.72811147189223413 0.11406622546127716 26.206963879266272 -0.01872967066083937
decision_type=2 2 2 2 2 2 2 2 2 2 2 2 2 2 2 2 2 2 2 2 2 2 2 2 2 2 2 2 2 2
left_child=-1 2 -2 4 6 -6 7 8 13 11 15 22 -12 -4 -14 -11 17 -17 27 -20 21 23 -9 29 -23 -21 -10 -19 -13 -5
right_child=1 -3 3 20 5 -7 -8 9 26 10 12 28 14 -15 -16 16 -18 18 19 25 -22 24 -24 -25 -26 -27 -28 -29 -30 -31
leaf_value=-0.002237719918734261 -0.0023919691778719423 0.0013634350621546415 -0.0010328067882385637 0.00058187005399444245 0.00025846910895779721 0.0038660213181918313 0.0034121031886897978 0.005208872146904465 -0.0014937336674483953 -0.0027650437429547312 0.00056439625471830363 -0.0018283607249031774 -0.0012045458704233172 0.00277300534537062 -0.0053140458092093461 -0.0011909980067451086 -0.00062418006857236231 0.0010470151249319312 -0.0021785673964768645 0.0003847032984753032 0.0023078640829771757 -0.003130092363465915 0.0018113558987776438 -0.0016614344872313697 -0.00023677232471527531 0.0021313771352288314 -0.0046600817888975141 0.0036326749473810194 0.0014890730031765997 -0.00050172481353261643
leaf_weight=6.9999999999999991 9.9999999999999982 23 6.9999999999999982 52 12.000000000000002 10.999999999999998 4.9999999999999991 6.0000000000000027 16.000000000000004 4.9999999999999991 4.9999999999999991 5.9999999999999991 4.9999999999999982 6 6 13.999999999999998 45 13.000000000000002 5.9999999999999991 61 5.9999999999999991 11.000000000000002 8.9999999999999982 19 7.9999999999999991 15.999999999999998 4.9999999999999991 9.9999999999999982 7.9999999999999991 84
leaf_count=7 10 23 7 52 12 11 5 6 16 5 5 6 5 6 6 14 45 13 6 61 6 11 9 19 8 16 5 10 8 84
internal_value=1.86042e-12 3.19674e-05 -3.36081e-05 1.79972e-05 0.000267717 0.00198382 0.000112322 4.60613e-05 -0.00111152 0.000229121 4.10301e-06 0.00167234 -0.00219281 0.000723722 -0.00344609 0.000210872 0.000301051 0.000648013 0.000890901 0.000536115 -0.000366294 -0.000458506 0.00317036 -0.000280354 -0.00191185 0.000747649 -0.00224763 0.00217122 6.73157e-05 -8.74091e-05
internal_weight=497 490 467 457 277 23 254 249 34 215 186 29 16 13 11 170 165 120 106 83 180 174 15 155 19 77 21 23 14 136
internal_count=497 490 467 457 277 23 254 249 34 215 186 29 16 13 11 170 165 120 106 83 180 174 15 155 19 77 21 23 14 136
is_linear=0
shrinkage=0.03


Tree=164
num_leaves=31
num_cat=0
split_feature=63 65 53 61 25 19 12 33 52 5 3 64 54 5 64 20 63 80 33 63 39 41 50 89 42 17 25 6 65 11
split_gain=0.0376028 0.103268 0.0591726 0.0578235 0.0570447 0.0568528 0.0703695 0.0554861 0.0566286 0.0684566 0.0528028 0.0517352 0.0741415 0.142071 0.0830421 0.0620168 0.0594755 0.0566241 0.0535007 0.0528528 0.0647516 0.073163 0.0660067 0.0544045 0.0488496 0.0474266 0.0468697 0.0456049 0.0444158 0.0438027
threshold=-0.15731906564720899 11.648198604583742 0.040517277894986208 -0.19695005720036379 0.027072368439080268 0.29348830195136139 -0.29789434915029955 2.6565311201463548 -0.26725257590897367 0.031304939580795173 -0.37618693413912768 8.5822808359345739 -0.061363388855624763 -1.3258880264157824 7.1074702020888649 0.10757113483111945 -0.062674482918070304 120.41471906777036 0.14138153689559166 -0.020808238515390456 1.0000000180025095e-35 1.0000000180025095e-35 -0.037584821136930235 0.16744929216792193 -1.0932571294657176 -0.35661435424763333 0.023365260113370357 1.4268024626831717 11.14199209213257 0.4499805803032601
decision_type=2 2 2 2 2 2 2 2 2 2 2 2 2 2 2 2 2 2 2 2 2 2 2 2 2 2 2 2 2 2
left_child=1 4 -3 -2 -1 7 29 8 9 -5 -8 12 14 -14 15 -10 -16 19 24 23 21 -21 -22 25 -15 -13 -17 -9 -23 -7
right_child=3 2 -4 5 -6 6 10 27 11 -11 -12 17 13 18 16 26 -18 -19 -20 20 22 28 -24 -25 -26 -27 -28 -29 -30 -31
leaf_value=0.00090851098699587084 -0.0027828580300722802 0.0053656354919075968 0.0009467026877682653 -0.00397908271423408 -0.001890800370136276 0.0048361261934041977 0.0022384165624680452 -0.0020339344790630525 0.0013439966675097188 0.00061697453632950777 -0.00071721522082739012 -0.0025202352097257971 -0.0041679592430591585 -0.003103516474366188 -3.7864266894757721e-05 -0.003534859545528889 0.0037106132134795185 -0.0034123780578374863 0.00090130670287180692 0.00064247877220623194 -0.00034964665537700056 -0.0022216259663797575 0.0015429066715025622 -0.0038288600966334347 -0.00011089758061441696 -0.0003009864867912816 0.00026811885381383552 0.00059572212514467536 -0.00021219792154928048 0.0010341683216392992
leaf_weight=19.000000000000004 6.9999999999999991 5.9999999999999982 5 6.9999999999999982 9.9999999999999982 5.9999999999999982 8.0000000000000018 23.000000000000004 23 5 17 9.9999999999999982 6.9999999999999991 5.9999999999999991 5.0000000000000027 4.9999999999999982 15.999999999999998 4.9999999999999991 50 30 27 22 43 4.9999999999999991 27 65 7 7.9999999999999991 18 5
leaf_count=19 7 6 5 7 10 6 8 23 23 5 17 10 7 6 5 5 16 5 50 30 27 22 43 5 27 65 7 8 18 5
internal_value=4.02224e-12 0.000882026 0.00335703 -7.72014e-05 -5.67688e-05 -3.51134e-05 0.0011084 -0.000134549 -3.57404e-05 -0.00206406 0.000228587 2.98656e-05 0.000469652 -6.3619e-05 0.0013267 0.000431842 0.00281812 -0.000255507 0.00028253 -0.00018376 0.00016774 -0.000477442 0.000812922 -0.000798885 -0.00065501 -0.000596886 -0.00131646 -0.00135531 -0.00131738 0.00310796
internal_weight=497 40 11 457 29 450 36 414 383 12 25 371 146 90 56 35 21 225 83 220 140 70 70 80 33 75 12 31 40 11
internal_count=497 40 11 457 29 450 36 414 383 12 25 371 146 90 56 35 21 225 83 220 140 70 70 80 33 75 12 31 40 11
is_linear=0
shrinkage=0.03


Tree=165
num_leaves=31
num_cat=0
split_feature=70 12 79 3 61 12 12 22 34 75 51 63 78 50 20 33 49 61 13 78 65 75 13 47 49 44 13 84 22 65
split_gain=0.0367222 0.0422655 0.0635228 0.0920818 0.0613476 0.0574703 0.0726714 0.0521743 0.0514955 0.10264 0.0504226 0.0502523 0.0894161 0.0542368 0.0547381 0.0560825 0.0532885 0.0520993 0.0502805 0.0601434 0.054724 0.0479821 0.0451471 0.0466021 0.0537607 0.0444898 0.044276 0.0401119 0.0385834 0.0405308
threshold=99.500000000000014 1.0824477756734574 6.1953150783256774 -1.9068284587761546 -0.040821897833711353 0.98445339057351566 0.80905081536767798 0.0677372223645612 -2.2791810659222658 0.16823899371069184 -0.0068324500534223112 -0.15731906564720899 90.275201703723454 0.1739283407521986 0.32167017239962087 2.6565311201463548 0.11930966216850043 -0.19695005720036379 0.75915243346736572 60.913453189300419 5.2480444312095651 1.0000000180025095e-35 0.41550951713210277 0.67392428955192851 -0.35465402698839216 -0.84518773846977402 -0.14793452095126877 0.16532567143440249 0.20523152690640264 0.99321856908500206
decision_type=2 2 2 2 2 2 2 2 2 2 2 2 2 2 2 2 2 2 2 2 2 2 2 2 2 2 2 2 2 2
left_child=1 2 3 -1 -5 6 8 -3 9 10 -4 12 -10 14 15 17 -14 -13 19 -19 -20 -21 23 24 -23 -11 -15 -2 29 -26
right_child=27 7 5 4 -6 -7 -8 -9 11 25 -12 13 16 26 -16 -17 -18 18 20 21 -22 22 -24 -25 28 -27 -28 -29 -30 -31
leaf_value=0.0050212691724300382 -0.0033678252063691623 -0.0018316840426996349 0.00085005852687754636 0.0024977465439587829 -6.603140146970483e-05 0.0025130892835295527 -0.0023542670617462133 0.00078176102042198177 -0.0007888758045066002 0.0011519088124623518 -0.0024697207805833643 -0.0029424535110592841 0.0036004887335002412 -0.00046038407462594262 -0.0031910174898803234 -0.0019126698339823633 -8.5777293657883995e-05 -0.0029478796757757661 -0.0036839299835264663 0.0025403230238173688 -0.00043525211263581041 0.0021746181217687471 0.0012149001985788347 0.00074071703146078754 -0.0030157444328069685 0.0042266579220692317 0.0014678558437474843 0.00027043135464191426 -0.0021460456390923355 -0.0002607988377360837
leaf_weight=4.9999999999999991 5.9999999999999982 22 10.000000000000002 11.999999999999998 28 7.9999999999999991 11.999999999999998 9.9999999999999982 13.000000000000002 8.0000000000000018 6.9999999999999991 5.9999999999999991 12.000000000000002 17 5.9999999999999991 18 4.9999999999999991 5.9999999999999991 7.0000000000000027 6.9999999999999991 13.999999999999998 6.9999999999999991 25 42 4.9999999999999991 8.9999999999999982 29 5 11.999999999999998 124
leaf_count=5 6 22 10 12 28 8 12 10 13 8 7 6 12 17 6 18 5 6 7 7 14 7 25 42 5 9 29 5 12 124
internal_value=-3.59611e-12 3.87959e-05 0.000113071 0.0011829 0.000703102 -4.63617e-06 -5.48651e-05 -0.00101498 1.60676e-05 0.0011314 -0.000516909 -9.07533e-05 0.00108405 -0.000199197 -0.00035656 -0.000294265 0.00251629 -0.000180024 -0.00011346 1.59193e-05 -0.00151814 9.6022e-05 1.64401e-05 -0.000141252 -0.000391541 0.00277972 0.000755245 -0.00171407 -0.000518938 -0.00036758
internal_weight=497 486 454 45 40 409 401 32 389 34 17 355 30 325 279 273 17 255 249 228 21 222 215 190 148 17 46 11 141 129
internal_count=497 486 454 45 40 409 401 32 389 34 17 355 30 325 279 273 17 255 249 228 21 222 215 190 148 17 46 11 141 129
is_linear=0
shrinkage=0.03


Tree=166
num_leaves=31
num_cat=0
split_feature=71 39 51 1 79 30 15 93 15 52 1 79 27 66 72 17 70 4 57 62 12 45 64 48 41 17 25 32 1 54
split_gain=0.0353998 0.0422799 0.0567755 0.0440506 0.0731749 0.0729984 0.0568666 0.0731128 0.0702718 0.0746525 0.0559698 0.0760837 0.10644 0.0656651 0.0625077 0.0505758 0.0469537 0.0455937 0.0498589 0.0454803 0.0438873 0.0429044 0.0423784 0.0405918 0.0423737 0.0484498 0.0434611 0.0509323 0.0503575 0.0427263
threshold=3.5000000000000004 1.6237716184615865 -0.3377120822216419 0.51369738702124335 37.188277809913878 -0.042539766898920799 -0.86393157926618114 54198.500000000007 0.75081475940527265 0.13384298038000103 0.2741822468220575 8.856940297792276 0.045351372158251774 0.55000000000000016 1.0000000180025095e-35 -0.39209755695894372 64.500000000000014 -0.47486296778464315 0.20243261397765513 0.246651958421476 0.78398636988904813 -0.03826092513055912 11.143167850301774 -0.1839552880135337 -0.19740588500821335 -0.28045671385393606 0.01152792734393648 2.0278575080051295 1.2204727469373455 0.029958401130792799
decision_type=2 2 2 2 2 2 2 2 2 2 2 2 2 2 2 2 2 2 2 2 2 2 2 2 2 2 2 2 2 2
left_child=-1 2 -2 4 6 -6 7 21 9 10 11 12 22 14 -13 -15 -10 -17 -19 20 23 -4 -8 -5 25 -25 27 -26 -28 -30
right_child=1 -3 3 19 5 -7 8 -9 16 -11 -12 13 -14 15 -16 17 -18 18 -20 -21 -22 -23 -24 24 26 -27 28 -29 29 -31
leaf_value=-0.0021183244019214592 -0.0022677336540073154 0.0012859580394022328 -0.0018800814535511138 -0.0021184361111372708 0.00025699964258819814 0.0036404119652103293 -0.00074850897925595383 -0.0044181858748197555 -0.0021189413252560526 -0.00056938729040879519 0.0026074458199270467 -0.00017344692737634217 0.004702883983651796 -0.0018473321199417114 -0.003875286765396595 -0.000228882131453317 0.00047173629747703671 0.0015715993932612674 -0.0015675830729305743 0.0022199742496013639 -0.0017974141948415262 0.00058662265795283021 0.0021627918646360436 0.002671947349444963 -0.00033353154159461462 0.00014640593918615041 -0.0024802300830682115 0.0028313832096755506 0.0013297904573846609 -0.0022053800448775286
leaf_weight=6.9999999999999991 9.9999999999999982 23 11.000000000000005 9.9999999999999982 12.000000000000002 10.999999999999998 9.0000000000000053 4.9999999999999991 17.000000000000004 47 13.999999999999998 13.000000000000002 8.9999999999999982 6.9999999999999991 5.9999999999999991 25.999999999999993 9.9999999999999982 51.000000000000007 4.9999999999999991 5.9999999999999991 19 14.999999999999998 8.9999999999999982 7.9999999999999991 54 47 18.000000000000004 4.9999999999999991 7.9999999999999982 5
leaf_count=7 10 23 11 10 12 11 9 5 17 47 14 13 9 7 6 26 10 51 5 6 19 15 9 8 54 47 18 5 8 5
internal_value=1.27366e-12 3.02618e-05 -3.15819e-05 1.73492e-05 0.000254779 0.00187515 0.000108052 -0.00109589 0.000275416 0.000473073 0.000801903 0.000614662 0.00203906 0.000258564 -0.00134245 0.000600353 -0.00115943 0.000809301 0.00129132 -0.000348029 -0.000436581 -0.000456983 0.000707141 -0.000269769 -0.000142275 0.000513757 -0.000543183 -6.53184e-05 -0.00145267 -2.98905e-05
internal_weight=497 490 467 457 277 23 254 31 223 196 149 135 27 108 19 89 27 82 56 180 174 26 18 155 145 55 90 59 31 13
internal_count=497 490 467 457 277 23 254 31 223 196 149 135 27 108 19 89 27 82 56 180 174 26 18 155 145 55 90 59 31 13
is_linear=0
shrinkage=0.03


Tree=167
num_leaves=31
num_cat=0
split_feature=44 47 62 62 6 23 11 53 47 23 14 81 88 43 29 0 93 80 54 61 11 44 22 75 27 51 12 15 75 23
split_gain=0.0341303 0.0722096 0.0677678 0.0456541 0.0740804 0.0690854 0.0882458 0.0870934 0.0883761 0.0671343 0.0630905 0.0621598 0.0618456 0.0884679 0.0588097 0.0576933 0.0514037 0.0485764 0.0453331 0.0445708 0.0432809 0.0424208 0.0427721 0.0743262 0.0451925 0.0417867 0.0387432 0.0382357 0.0375808 0.0361113
threshold=0.93175848871665423 -0.8188920825995516 -0.22623668830237065 0.044415535612195793 -0.60567200182411463 0.016982063553730862 -0.0992972622818281 0.094625294281036804 0.49891482304035889 0.066604769944827169 0.1656581759575613 62.05776103178178 1206.3911637539986 -0.62794012604702709 0.13575037669544399 2.7476294191616506 22145.500000000004 31.422414417300484 0.075874788621140402 -0.026975636683527194 0.26035870942579603 0.57542103955916535 0.11510683404711046 0.0165390924002187 0.13706788683793295 0.10079380505916576 0.14745845353461381 -0.58592755031171273 0.11342195540308748 -0.013672804128512604
decision_type=2 2 2 2 2 2 2 2 2 2 2 2 2 2 2 2 2 2 2 2 2 2 2 2 2 2 2 2 2 2
left_child=2 20 -1 4 12 7 9 8 16 -7 -10 14 -4 -14 17 -15 -5 -6 25 -3 -2 22 24 -24 26 28 -19 -28 -13 -27
right_child=1 19 3 5 11 6 -8 -9 10 -11 -12 18 13 15 -16 -17 -18 21 -20 -21 -22 -23 23 -25 -26 29 27 -29 -30 -31
leaf_value=0.0035719527751207347 -0.0010028528496623041 -0.0013710543676279485 0.0030948473629541693 0.0037406535882894927 0.0027320578350918364 -0.0021151177771389466 -0.001360915431212033 -0.00045604396295106117 0.0026213082298636422 0.0017528741756853248 -0.00082790541648864737 0.0017502322446671305 0.0015691885065227265 -0.0010069127502011772 -0.0021903875978155568 0.0016643691916639607 0.0013449405363228704 -0.00028795494558289642 -0.0022193275563418863 0.0003708543085108081 -0.0049501444771885865 0.0015786209953232452 -0.0017326074206669405 0.0019404211610226944 0.0011184719181619584 -0.0040472205877304076 0.00014954560569354459 -0.0024266180936247106 -0.00063689925459861434 -0.00079720992478542034
leaf_weight=4.9999999999999991 4.9999999999999982 20 7.9999999999999991 19 5.9999999999999991 5.0000000000000027 31 23 7.0000000000000027 21 14.999999999999998 8.0000000000000018 31 38 10.999999999999998 8.9999999999999982 13.999999999999998 40 25 39 5 12.999999999999998 7.0000000000000027 17 11.999999999999998 5 7.0000000000000027 20 23 7.9999999999999982
leaf_count=5 5 20 8 19 6 5 31 23 7 21 15 8 31 38 11 9 14 40 25 39 5 13 7 17 12 5 7 20 23 8
internal_value=1.3369e-12 -0.00061917 9.98195e-05 5.87778e-05 -0.000154606 0.000513997 -0.000279888 0.00109414 0.0017424 0.00100903 0.000269572 -0.000468549 0.000582794 0.000325147 -8.94963e-05 -0.000495391 0.00272429 9.99283e-05 -0.00119919 -0.000219623 -0.0029765 -3.62164e-05 -0.000240031 0.000869121 -0.000576988 -0.000619559 -0.000880653 -0.00175872 -2.08653e-05 -0.00204721
internal_weight=497 69 428 423 288 135 57 78 55 26 22 202 86 78 133 47 33 122 69 59 10 116 103 24 79 44 67 27 31 13
internal_count=497 69 428 423 288 135 57 78 55 26 22 202 86 78 133 47 33 122 69 59 10 116 103 24 79 44 67 27 31 13
is_linear=0
shrinkage=0.03


Tree=168
num_leaves=31
num_cat=0
split_feature=63 61 33 56 31 36 18 24 55 43 80 40 84 1 60 48 42 38 27 15 15 24 5 57 12 46 60 33 88 93
split_gain=0.0326383 0.0497914 0.0407152 0.0612982 0.0496629 0.0452218 0.0609627 0.055458 0.0521131 0.0696083 0.076633 0.072447 0.0936692 0.0628095 0.0613056 0.0585352 0.0689387 0.0564783 0.0473185 0.0451987 0.0579545 0.0443777 0.0464984 0.0429256 0.0400196 0.0381965 0.0365886 0.03608 0.034956 0.0345541
threshold=-0.18852490764073909 -0.19695005720036379 2.6565311201463548 0.19005669147640256 0.11752825121919419 2.4895092230674094 0.018838553338445321 0.1094333671426342 -0.043484476777255636 0.05147001986449002 48.257090441121569 0.18036754292425042 0.16074770689010623 -2.8246190658974895 -0.1223113038577392 0.32954061906590831 -0.38233648825085043 -0.22001406910803231 -0.022137021243828062 -0.40542080981157586 -0.27130321184593947 0.080656826039507384 2.0513315475996223 0.14568664285123045 0.069694919263007846 0.15610502353696684 -0.083725918399313856 -0.61403286701222537 1463.291190658919 1739.5000000000002
decision_type=2 2 2 2 2 2 2 2 2 2 2 2 2 2 2 2 2 2 2 2 2 2 2 2 2 2 2 2 2 2
left_child=25 -2 3 5 -4 7 -7 8 9 14 -11 12 23 -10 -3 21 -17 18 -16 28 -21 22 26 -12 -19 -1 -15 -22 -9 -5
right_child=1 2 4 29 -6 6 -8 19 13 10 11 -13 -14 15 17 16 -18 24 -20 20 27 -23 -24 -25 -26 -27 -28 -29 -30 -31
leaf_value=7.2284412824294756e-05 -0.0025600425845810344 -0.0017600667104125023 -0.001560635849746177 0.0035525026870891429 0.0012645265938980238 0.00032477798033505662 -0.0029116540182043205 0.001615632629022001 0.002932849304750562 -0.0032841121884328978 -0.00090794232557527671 0.0013614749667150052 -0.0042596997274085878 0.00028309825556101025 0.002400434603914617 -0.00071216127369552837 0.0038355420157313354 0.0013194210093934089 -0.00078385141578369904 0.0040646734088659285 0.0021161349341273306 -0.002224352382223255 0.0023821059158071877 0.0019087168321545635 0.0034107296807425361 0.0027966710692271589 -0.0007817577614267874 0.00030380875671057612 -0.0013699629157781601 0.00088289982784772291
leaf_weight=11.000000000000002 6.9999999999999991 5.9999999999999991 28 6.0000000000000027 6.9999999999999991 10.000000000000002 10.999999999999998 5.0000000000000027 4.9999999999999991 6.9999999999999991 16.000000000000007 22 5.9999999999999991 37 6.0000000000000027 6 5.9999999999999982 20 13.999999999999998 5.9999999999999991 14.999999999999998 13.999999999999998 4.9999999999999991 6.9999999999999991 13.999999999999998 7.9999999999999991 135 29 11.999999999999998 15.999999999999998
leaf_count=11 7 6 28 6 7 10 11 5 5 7 16 22 6 37 6 6 6 20 14 6 15 14 5 7 14 8 135 29 12 16
internal_value=2.47353e-12 -4.84697e-05 -1.11427e-05 6.78851e-05 -0.000995603 -1.41147e-05 -0.0013705 5.83637e-05 -0.000103197 0.000400393 -0.0003407 6.32979e-05 -0.000921526 -0.000388887 0.00111678 -0.000470703 0.00156169 0.00143643 0.000171434 0.000844465 0.00129881 -0.000598393 -0.000469786 -5.06982e-05 0.00218055 0.00121939 -0.00055269 0.000921647 -0.000491847 0.00161097
internal_weight=497 478 471 436 35 414 21 393 326 118 58 51 29 208 60 203 12 54 20 67 50 191 177 23 34 19 172 44 17 22
internal_count=497 478 471 436 35 414 21 393 326 118 58 51 29 208 60 203 12 54 20 67 50 191 177 23 34 19 172 44 17 22
is_linear=0
shrinkage=0.03


Tree=169
num_leaves=31
num_cat=0
split_feature=70 63 46 61 22 36 5 54 14 79 13 79 56 20 71 13 88 81 80 56 53 19 46 50 39 18 67 68 38 70
split_gain=0.0324218 0.0366902 0.052744 0.0481164 0.0429376 0.0658116 0.0483591 0.042655 0.0642096 0.060974 0.0625937 0.0965924 0.0587777 0.0566535 0.0552956 0.0535193 0.0520194 0.0479158 0.0486133 0.0572207 0.0503868 0.0472591 0.0591638 0.0455138 0.0453474 0.0430494 0.0425541 0.041476 0.0382992 0.0365804
threshold=99.500000000000014 -0.18852490764073909 0.15610502353696684 -0.19695005720036379 0.22231939854721749 1.7315726500934878 2.4272317428334076 -0.0058863124766386351 0.12014477664097196 25.976457006503701 -0.027297800177563111 10.721061963077888 0.043898170274932827 -0.15459978330551041 13.500000000000002 0.12209810164704966 2148.3404876215614 68.878702146202471 71.347725549768541 -0.11162338874578495 -0.09783023724367057 0.015236058128866638 0.74596237827843681 0.011059782848641892 -1.4135921948241663 0.0080390536564730608 540.50000000000011 1265.8001875000002 0.15726631680633033 61.500000000000007
decision_type=2 2 2 2 2 2 2 2 2 2 2 2 2 2 2 2 2 2 2 2 2 2 2 2 2 2 2 2 2 2
left_child=1 2 -1 -3 6 28 7 9 16 10 11 12 -5 -13 21 -11 17 18 20 -20 -9 -10 -23 26 -17 -12 -21 -15 -6 -19
right_child=-2 3 -4 4 5 -7 -8 8 14 15 25 13 -14 27 -16 24 -18 29 19 23 -22 22 -24 -25 -26 -27 -28 -29 -30 -31
leaf_value=7.0115880887235742e-05 -0.0016105839618566361 -0.0024832413292356901 0.0034012999279158453 0.0011734209237072395 -0.0012643854745796749 -0.0037883599661290642 0.0025893583273448582 -0.0024188231024891136 -0.0016103020164051226 0.00019252662057988345 -0.0013170617750438394 0.0025304177589714526 0.0042917930474504823 -0.0012234819799454677 -0.0041451107338070867 -0.00047263748943805696 -0.002273115694988519 -2.1789403399452569e-06 -0.00079271022660227911 -0.0012434877105988555 0.00013541773453635989 0.001465462027654911 -0.0021359985694289207 0.0023874801624333484 0.0023843767038779335 0.00011291945306584238 0.001364779501026006 0.0010382361863739786 0.00065107746378463853 -0.0029717737862042016
leaf_weight=11.000000000000002 10.999999999999998 6.9999999999999991 6.9999999999999991 17.000000000000004 21 5.9999999999999991 6.9999999999999991 7.9999999999999991 28 30 36 5.9999999999999991 7.9999999999999991 27 4.9999999999999991 5.9999999999999991 7.9999999999999991 7.9999999999999982 12.999999999999998 8.0000000000000018 53 13.000000000000002 5.9999999999999991 24 30 40 19 9.9999999999999982 17 7
leaf_count=11 11 7 7 17 21 6 7 8 28 30 36 6 8 27 5 6 8 8 13 8 53 13 6 24 30 40 19 10 17 7
internal_value=3.82098e-12 3.64536e-05 0.00136558 -1.46666e-05 2.28172e-05 -0.000868499 0.000116865 7.46516e-05 -0.0002389 0.000373272 2.71938e-05 0.000688432 0.0021713 -0.000173701 -0.00114575 0.00112835 7.97228e-05 0.000214171 0.00040643 0.000984019 -0.000199565 -0.000826669 0.000328159 0.00143691 0.00190821 -0.00056444 0.00059196 -0.000612207 -0.000407468 -0.00138799
internal_weight=497 486 18 468 461 44 417 410 200 210 144 68 25 43 52 66 148 140 125 64 61 47 19 51 36 76 27 37 38 15
internal_count=497 486 18 468 461 44 417 410 200 210 144 68 25 43 52 66 148 140 125 64 61 47 19 51 36 76 27 37 38 15
is_linear=0
shrinkage=0.03


Tree=170
num_leaves=31
num_cat=0
split_feature=24 23 42 46 53 62 50 21 7 31 58 57 16 12 80 12 9 16 5 46 60 37 7 12 25 93 37 1 9 51
split_gain=0.0314531 0.0305672 0.0701805 0.0674135 0.0546701 0.0539672 0.0536558 0.0517611 0.0602707 0.0591412 0.0558233 0.0613482 0.0489634 0.0481696 0.055655 0.0720472 0.0656084 0.0645659 0.0596773 0.0545853 0.0503758 0.0501421 0.0421449 0.0419886 0.0398096 0.0396718 0.0396082 0.0379362 0.0345109 0.0314173
threshold=0.43000417536486002 -0.044208811464720658 0.95719192360201089 1.2526031478255411 0.19630293660705098 0.014631607868053642 0.036972025726527642 0.014594403066336555 -1.1187419609508884 -0.074757865273393578 -0.044618883183928169 0.018725380873724533 1.4377949294261725 1.2972834062958478 48.821233502689289 0.5493175064412803 -0.73890508036363889 0.40208241265336092 0.80449894506065356 0.16357289069471542 -0.049077765305929909 1.1664817868751556 -0.54633774204058849 1.0824477756734574 -0.14383224312573303 424960.00000000006 1.5166900207701752 -0.71911870203142603 1.3730208900182523 -0.22798041565055296
decision_type=2 2 2 2 2 2 2 2 2 2 2 2 2 2 2 2 2 2 2 2 2 2 2 2 2 2 2 2 2 2
left_child=1 7 3 4 12 -4 -5 10 -9 -10 26 24 13 14 18 17 -17 19 22 20 -16 25 -3 -7 -12 -19 28 -13 -1 -11
right_child=-2 2 5 6 -6 23 -8 8 9 29 11 27 -14 -15 15 16 -18 21 -20 -21 -22 -23 -24 -25 -26 -27 -28 -29 -30 -31
leaf_value=-0.0011976110176720584 0.0021589365345425905 1.3904566453261809e-05 -0.00064521441893884896 0.00014663437909733212 0.0015334627470001579 -0.0049533229321241387 0.0029935013773766429 -0.00085225780741037687 0.0024800609396801779 -0.0014357303269207477 0.0029169868770986796 0.00098020440142136027 -0.0016480723877801845 -0.0030911134332418442 -0.00021375648725855477 -0.0013315401370637108 0.0025530351046472786 0.0014493112200095009 0.0016981012374162672 0.00035705672353506088 -0.0023132513824384656 -0.0022574901971966028 -0.0022144202772527931 -0.0012309248596429822 0.00057129722293133714 -0.00030911534298759172 -0.0036360519379377365 -0.0014474825012231512 0.0015238920953124762 0.000859266412547132
leaf_weight=26.000000000000004 5.9999999999999991 10.999999999999998 20.000000000000004 13.000000000000002 14.999999999999998 5.9999999999999982 10.999999999999998 17 21 5.9999999999999991 7.9999999999999991 8.0000000000000018 23 4.9999999999999991 17.999999999999996 5.0000000000000027 18 36 5.9999999999999991 25 24.000000000000004 4.9999999999999991 25 5 35 17 4.9999999999999991 21 4.9999999999999991 51
leaf_count=26 6 11 20 13 15 6 11 17 21 6 8 8 23 5 18 5 18 36 6 25 24 5 25 5 35 17 5 21 5 51
internal_value=-1.56902e-12 -2.63821e-05 -0.000225111 -6.2463e-05 -0.000218402 -0.00157351 0.00145145 0.000255558 0.000766327 0.0011191 -0.00019373 0.000288553 -0.000338944 -0.000184533 -0.000108045 0.000165476 0.00170856 -0.000118452 -0.00107188 -0.000752824 -0.00141347 0.000614358 -0.00153354 -0.00326132 0.0010077 0.000885288 -0.0011583 -0.000777776 -0.000758659 0.000617688
internal_weight=497 491 288 257 233 31 24 203 95 78 108 72 218 195 190 148 23 125 42 67 42 58 36 11 43 53 36 29 31 57
internal_count=497 491 288 257 233 31 24 203 95 78 108 72 218 195 190 148 23 125 42 67 42 58 36 11 43 53 36 29 31 57
is_linear=0
shrinkage=0.03


Tree=171
num_leaves=31
num_cat=0
split_feature=70 63 46 61 22 36 5 54 14 79 59 13 79 20 13 71 56 93 34 37 40 8 87 26 20 19 46 80 54 56
split_gain=0.0301874 0.0339326 0.0485325 0.0437008 0.0398393 0.0587941 0.0441286 0.038892 0.0580151 0.055587 0.0585994 0.056624 0.076768 0.0574656 0.0551204 0.050088 0.0499584 0.0494373 0.050339 0.0494035 0.0808268 0.0590163 0.0469949 0.0520668 0.0456437 0.0431426 0.0541844 0.0386673 0.0377907 0.042689
threshold=99.500000000000014 -0.18852490764073909 0.15610502353696684 -0.19695005720036379 0.22231939854721749 1.7315726500934878 2.4272317428334076 -0.0058863124766386351 0.12014477664097196 25.976457006503701 0.13715795120506186 -0.027297800177563111 10.721061963077888 -0.097259334882168272 -0.22420683645862224 13.500000000000002 0.043898170274932827 8579.0000000000018 -2.2791810659222658 -0.66781924816283056 1.1702925830726951 -0.29210699948654922 121.09375000000001 -0.024355667066027115 -0.013973978656469125 0.015236058128866638 0.74596237827843681 73.837314272280096 0.2581944748347948 -0.073826255063187782
decision_type=2 2 2 2 2 2 2 2 2 2 2 2 2 2 2 2 2 2 2 2 2 2 2 2 2 2 2 2 2 2
left_child=1 2 -1 -3 6 -6 7 9 19 10 11 12 16 -14 -12 25 -5 -11 -19 28 21 24 -23 -24 -21 -10 -27 -20 29 -9
right_child=-2 3 -4 4 5 -7 -8 8 15 17 14 -13 13 -15 -16 -17 -18 18 27 20 -22 22 23 -25 -26 26 -28 -29 -30 -31
leaf_value=7.0708271655762041e-05 -0.0015540945267474109 -0.0023665675041931013 0.0032661322238189835 0.0013260704133426769 -0.00040106126321724761 -0.0035966222174465654 0.0024741982665312076 -0.00080705830353378712 -0.0015344384470621921 0.002323304521269165 5.2776951342821107e-05 -0.00035803131104330529 0.0021291405024627843 -0.00062651992035430988 -0.0040136854164302353 -0.0039440289884805678 0.0043647198219384465 0.0026996330043766647 0.00098922278283862389 -0.00018059615201006327 0.0013854024420725181 -0.00039292233789132698 -0.00041143694089259934 -0.0031113156521071989 0.0030594722628593442 0.0014060664964983091 -0.002040509730577469 -0.00092738735612025872 0.0033171074688434598 0.0011888494600181376
leaf_weight=11.000000000000002 10.999999999999998 6.9999999999999991 6.9999999999999991 16.000000000000004 38 5.9999999999999991 6.9999999999999991 13.999999999999998 28 20 6 72 8.9999999999999982 28 5.9999999999999982 4.9999999999999991 6.9999999999999991 7.9999999999999991 20 18.000000000000004 20 27 10.000000000000002 18 4.9999999999999991 13.000000000000002 5.9999999999999991 18 4.9999999999999991 31
leaf_count=11 11 7 7 16 38 6 7 14 28 20 6 72 9 28 6 5 7 8 20 18 20 27 10 18 5 13 6 18 5 31
internal_value=-9.12203e-13 3.5175e-05 0.00131337 -1.39865e-05 2.1736e-05 -0.00083682 0.000112327 7.20024e-05 -0.000227399 0.000357147 2.67095e-05 0.000209179 0.000889831 4.37759e-05 -0.00198045 -0.0010894 0.00225088 0.0010781 0.000536708 7.54647e-05 -0.000316044 -0.000752312 -0.00128594 -0.00214707 0.000523767 -0.000785712 0.000317674 8.13548e-05 0.000842821 0.0005679
internal_weight=497 486 18 468 461 44 417 410 200 210 144 132 60 37 12 52 23 66 46 148 98 78 55 28 23 47 19 38 50 45
internal_count=497 486 18 468 461 44 417 410 200 210 144 132 60 37 12 52 23 66 46 148 98 78 55 28 23 47 19 38 50 45
is_linear=0
shrinkage=0.03


Tree=172
num_leaves=31
num_cat=0
split_feature=44 47 62 54 81 70 12 5 38 17 50 39 62 63 82 87 28 14 30 40 21 55 61 89 47 25 37 19 4 11
split_gain=0.0292735 0.0601768 0.055485 0.0394047 0.0708464 0.0536335 0.0547714 0.0479451 0.0490272 0.0722348 0.0611416 0.0558917 0.0599875 0.0529041 0.0524023 0.0484987 0.0440847 0.0399771 0.0403329 0.0395292 0.0388466 0.0385239 0.0383373 0.0381374 0.0365367 0.0559769 0.0359354 0.0354426 0.0353202 0.0349641
threshold=0.93175848871665423 -0.8188920825995516 -0.22623668830237065 -0.14724570046843333 63.649078110958762 99.500000000000014 1.0824477756734574 2.0513315475996223 -0.17151353554918289 0.29494101853693322 0.19440719115744937 1.0524170048565862 0.015555340501324228 -0.11931158962756752 18.429872731629491 121.09375000000001 -0.060866136743300915 -0.61835315042245187 0.13132858864660898 0.13893765792317411 -0.2221647741481651 0.0097577908921720243 -0.026975636683527194 0.13814388465552271 -0.53923926531232991 0.022351765939604511 -0.0028471461551968775 0.041217540285024785 -0.23878923371166524 0.26035870942579603
decision_type=2 2 2 2 2 2 2 2 2 2 2 2 2 2 2 2 2 2 2 2 2 2 2 2 2 2 2 2 2 2
left_child=2 29 -1 4 19 6 7 8 11 13 -11 12 24 -10 -14 20 -8 -17 21 28 -15 -19 -3 -13 25 -5 -26 -23 -4 -2
right_child=1 22 3 5 -6 -7 16 -9 9 10 -12 23 14 15 -16 17 -18 18 -20 -21 -22 27 -24 -25 26 -27 -28 -29 -30 -31
leaf_value=0.0032341987676918504 -0.0009514873679727317 -0.0012765668645733968 0.00042608519084751594 0.0017955473242909649 -0.00099562265311500852 -0.0024828400625847278 0.00068665449041873175 0.0027498864056542515 0.0015388667846458371 0.0035611106624657447 0.00011423986929003149 0.0016148720349883658 0.00048782591051845393 -0.001236966261640191 -0.0027532041594386099 -0.0021521654364187268 -0.0023560050502419469 0.00076537143178123592 -0.0024228265588837009 0.0004254367688725538 0.00076950310337865215 0.00019653765455586829 0.00033894719967905143 -0.0013468160480260849 -0.00096120775478672894 -0.0020377196371555327 -0.0025395983843398947 -0.0018703681642987897 0.0031495451335795217 -0.0044993135696277014
leaf_weight=4.9999999999999991 4.9999999999999982 20 6.0000000000000009 7.9999999999999982 13.999999999999998 7.9999999999999991 6.0000000000000027 5.9999999999999991 22 11.000000000000002 7.9999999999999991 18.000000000000004 44 9.9999999999999982 4.9999999999999991 11.999999999999998 14.999999999999998 29 6.9999999999999991 17 66 16.000000000000004 39 4.9999999999999991 34 6 21 13.999999999999998 15 5
leaf_count=5 5 20 6 8 14 8 6 6 22 11 8 18 44 10 5 12 15 29 7 17 66 16 39 5 34 6 21 14 15 5
internal_value=1.59515e-12 -0.000573426 9.24449e-05 5.53083e-05 0.000828719 -5.30943e-05 4.53809e-07 9.17687e-05 4.43023e-05 0.000352452 0.0021098 -0.000381863 -0.000645561 0.000162739 0.000157109 -3.38507e-05 -0.00148667 -0.000559366 -0.000269766 0.00150085 0.000505494 -1.43183e-05 -0.000208685 0.000971027 -0.00121557 0.000152719 -0.00156387 -0.000768018 0.00237141 -0.0027254
internal_weight=497 69 428 423 52 371 363 342 336 195 19 141 118 176 49 154 21 78 66 38 76 59 59 23 69 14 55 30 21 10
internal_count=497 69 428 423 52 371 363 342 336 195 19 141 118 176 49 154 21 78 66 38 76 59 59 23 69 14 55 30 21 10
is_linear=0
shrinkage=0.03


Tree=173
num_leaves=31
num_cat=0
split_feature=70 39 51 80 32 93 56 10 71 45 50 66 18 58 33 78 88 84 51 51 82 55 72 33 28 15 61 54 75 24
split_gain=0.0281799 0.0407846 0.0445441 0.0361774 0.033575 0.0329326 0.0615669 0.0667144 0.0531823 0.0738192 0.0436333 0.0462002 0.0490939 0.0512171 0.0443652 0.0430986 0.042843 0.042139 0.0416547 0.0414464 0.0404836 0.0422017 0.0500956 0.0403139 0.0536378 0.0393614 0.0385666 0.0377809 0.0398368 0.0352842
threshold=22.500000000000004 1.6237716184615865 -0.3377120822216419 25.261304568791548 -2.1216096273857974 6710.5000000000009 0.032264997733843663 -0.15179611403474799 6.5000000000000009 -0.078342940365318151 0.21094858177511908 17.473529411764712 -0.073179705831646305 0.059921683417589647 -1.6646831680076892 137.01563918426893 1206.3911637539986 0.16532567143440249 0.074619693087268388 0.077445645885107536 18.331482253727227 -0.11645433549501948 1.0000000180025095e-35 1.3277397647857769 0.13173933971958338 -0.060881903106398343 0.0010918583033661391 0.1731350362059402 0.13473174667204521 0.059773770243935924
decision_type=2 2 2 2 2 2 2 2 2 2 2 2 2 2 2 2 2 2 2 2 2 2 2 2 2 2 2 2 2 2
left_child=-1 2 4 -4 -2 6 15 19 9 25 11 12 13 27 -15 16 -5 20 -19 -8 21 22 -14 24 29 -7 -12 28 -10 -18
right_child=1 -3 3 5 -6 8 7 -9 10 -11 26 -13 17 14 -16 -17 23 18 -20 -21 -22 -23 -24 -25 -26 -27 -28 -29 -30 -31
leaf_value=-0.0014361272926907986 -0.0037432538419961922 0.0012975869452930054 0.0023333160422043873 -0.0021160284653306007 -0.00026661801338195807 0.0041203246265649768 0.0046851105189749179 0.00053050788665383027 -0.00067848311193908258 -0.00030484495089492863 0.002182636705904521 -0.0020755547843873501 0.0035114841163158403 -0.0031322441808879359 -0.00023555399364103441 0.0017242287031628868 -0.00040526481683958655 -0.0011818473823015142 -0.0043717769980430596 0.0012871999735943971 -0.0029011946218088268 -0.00062472656341024525 -2.1980292378709862e-05 -0.0010140604706481097 0.0031209776178002355 0.0012452784895431251 -0.00055491713981609787 0.0031997057497501371 0.0010500300614512525 0.0014943690970540048
leaf_weight=11.999999999999998 5 22 5.9999999999999991 9.9999999999999982 4.9999999999999982 6.0000000000000027 6.9999999999999982 29 18 27 11.000000000000002 14.999999999999998 5.0000000000000009 6.0000000000000027 23 10.999999999999998 33 14.000000000000002 4.9999999999999991 6 5.9999999999999991 95 13 25 5.9999999999999991 14.999999999999998 7.9999999999999991 4.9999999999999991 36 11.999999999999998
leaf_count=12 5 22 6 10 5 6 7 29 18 27 11 15 5 6 23 11 33 14 5 6 6 95 13 25 6 15 8 5 36 12
internal_value=2.37076e-12 3.5533e-05 -2.4435e-05 1.92847e-05 -0.00200494 -1.17761e-05 0.000371532 0.00133104 -0.000184763 0.000732715 -0.000354143 -0.000463265 -0.000356255 0.000197451 -0.000834869 -4.3925e-05 -0.000270084 -0.000709342 -0.0020213 0.00311684 -0.00049987 -0.000372366 0.000959538 -2.71968e-05 0.00045656 0.00206672 0.00102998 0.000704863 0.000473859 0.000101304
internal_weight=497 485 463 453 10 447 139 42 308 48 260 241 226 88 29 97 86 138 19 13 119 113 18 76 51 21 19 59 54 45
internal_count=497 485 463 453 10 447 139 42 308 48 260 241 226 88 29 97 86 138 19 13 119 113 18 76 51 21 19 59 54 45
is_linear=0
shrinkage=0.03


Tree=174
num_leaves=31
num_cat=0
split_feature=33 24 23 42 46 50 62 53 41 7 21 31 16 16 33 6 61 18 17 80 48 57 78 38 4 47 60 20 2 65
split_gain=0.0271551 0.0300771 0.0320212 0.0591096 0.0604144 0.0513754 0.04998 0.049962 0.0449579 0.0478699 0.0457634 0.0494978 0.0435244 0.0416628 0.0624419 0.082056 0.0470648 0.0632771 0.0431078 0.0418082 0.0537341 0.0372784 0.0339934 0.0327648 0.0333651 0.0311763 0.0341525 0.0310101 0.0299473 0.02889
threshold=3.3604089637785388 0.41621016507271397 -0.044208811464720658 0.95719192360201089 1.2526031478255411 0.036972025726527642 -0.018142685125837815 0.19630293660705098 -1.9282191831941742 -1.1187419609508884 0.014594403066336555 -0.079319199551992445 1.4377949294261725 0.55984922695548189 -1.1913508521200269 -1.0285315314339112 -0.013632835534970236 -0.074715727943904978 0.032621292649401536 86.212822989004664 0.23772817095584983 -0.10906595294082171 99.103038624508514 1.1815092818890054 -0.14478146094058805 -0.2199222899565195 -0.077255445968963873 0.29175046828219342 -1.3211572089149757 6.4777396917343149
decision_type=2 2 2 2 2 2 2 2 2 2 2 2 2 2 2 2 2 2 2 2 2 2 2 2 2 2 2 2 2 2
left_child=1 2 8 4 7 -6 -5 12 -1 28 -11 -12 13 14 15 -4 17 18 -16 20 27 -8 -15 24 -13 -18 -27 -17 -10 -24
right_child=-2 -3 3 6 5 -7 21 -9 9 10 11 23 -14 22 16 19 25 -19 -20 -21 -22 -23 29 -25 -26 26 -28 -29 -30 -31
leaf_value=-0.0020725117830027425 -0.0020060149114578961 0.001848942770739086 0.0038584490865468976 -0.00015926210529869416 0.00016250732104079076 0.0030226718327030539 -0.0016374317336488853 0.0014691441096365452 0.00078149337263312159 0.00011691408145523974 0.0024472769800769657 0.0012497676325729117 -0.0015551007830578347 -0.00067399591711970661 0.0026707069801964914 0.00025761871244564337 -0.00083569181151688077 -0.0017625957194832152 -0.00034084163436835465 -0.0016474175009016808 0.0032147499276325106 -0.0047615586966276166 0.0018049103564893205 0.0023193318986644345 -0.00039418173478916285 -0.0011716717907360615 -0.0038522181321274155 -0.0020719233364798126 -0.0013903038196731359 0.00028464611200615766
leaf_weight=6.9999999999999991 5.9999999999999991 7.9999999999999991 4.9999999999999991 14.000000000000002 13.000000000000002 9.9999999999999982 10.999999999999998 14.999999999999998 8.0000000000000018 89 19 20 23 18 7.0000000000000027 36 12.000000000000002 15.999999999999998 10.999999999999998 12.999999999999998 4.9999999999999991 4.9999999999999991 18 8.9999999999999982 25 7.0000000000000027 10.999999999999998 5.9999999999999991 20 30
leaf_count=7 6 8 5 14 13 10 11 15 8 89 19 20 23 18 7 36 12 16 11 13 5 5 18 9 25 7 11 6 20 30
internal_value=-3.51354e-12 2.45134e-05 -5.70487e-06 -0.000208434 -6.07927e-05 0.00140606 -0.00146831 -0.000205589 0.000288613 0.000375601 0.00057357 0.00113032 -0.000320823 -0.000175242 -0.000488899 0.000166035 -0.00115407 -0.000389878 0.000830316 -0.000141666 0.000274819 -0.00261372 0.000437816 0.000666941 0.000336462 -0.00202015 -0.00280978 -7.5173e-05 -0.00076979 0.000854745
internal_weight=497 491 483 286 256 23 30 233 197 190 162 73 218 195 129 65 64 34 18 60 47 16 66 54 45 30 18 42 28 48
internal_count=497 491 483 286 256 23 30 233 197 190 162 73 218 195 129 65 64 34 18 60 47 16 66 54 45 30 18 42 28 48
is_linear=0
shrinkage=0.03


Tree=175
num_leaves=31
num_cat=0
split_feature=44 47 44 38 17 6 61 57 36 39 63 48 1 49 62 70 55 44 71 29 23 10 46 9 61 60 12 82 11 43
split_gain=0.0262792 0.0536134 0.0502635 0.0424683 0.0472841 0.0578174 0.0523789 0.0616694 0.0507776 0.0462804 0.0431817 0.0421126 0.0412697 0.0588691 0.0576271 0.053551 0.0525086 0.0407571 0.0398053 0.0392514 0.0386232 0.0383616 0.0381886 0.0370294 0.034526 0.0336106 0.0323009 0.0317432 0.0313837 0.0309736
threshold=0.93175848871665423 -0.8188920825995516 0.85388720718711064 -0.17151353554918289 0.29494101853693322 -0.30061562969073247 -0.014781952097590581 0.12619482698130519 0.2350189559029689 1.0777768827841976 0.13376179540604499 0.36730186439070994 -0.1241627336272023 -0.10806405850119331 -0.028860946511055998 51.500000000000007 -0.1434896212936296 -0.98053524991515972 15.500000000000002 1.0000000180025095e-35 -0.14964805649927126 -0.68996814223318093 0.11473775703663786 -0.2942650405560906 -0.026975636683527194 -1.0000000180025095e-35 -0.031321465072192627 3.9685767073149019 0.26035870942579603 -0.43362864661350969
decision_type=2 2 2 2 2 2 2 2 2 2 2 2 2 2 2 2 2 2 2 2 2 2 2 2 2 2 2 2 2 2
left_child=2 28 3 9 6 -6 10 8 20 11 18 12 14 17 19 -15 -16 -14 21 -1 -8 -5 -10 -11 -3 -7 -21 -22 -2 -23
right_child=1 24 -4 4 5 25 7 -9 22 23 -12 -13 13 15 16 -17 -18 -19 -20 26 27 29 -24 -25 -26 -27 -28 -29 -30 -31
leaf_value=-6.9673865869203033e-05 -0.00089390416536480198 -0.0012124427282251416 0.0023058439294497174 0.003352056611329317 -0.0007286654392789513 0.0010960172466002395 0.0017385574546642602 -0.0017303132625030621 -8.0170455122632642e-05 0.0028907249681651578 -0.0020207764450460674 0.0019473105901852247 0.0020434275455772865 -0.00053983882169372267 0.0028986506536602973 -0.0029132927571084689 8.729316251602297e-05 -0.00076019621587225365 -0.0011743798339739441 -0.0036728844153029556 -0.0028557097166776657 0.0017213393345475198 0.0017083796869370746 0.00024433426619709835 0.00032066640506785073 0.0037685183932383869 -0.0010660120099782943 -0.00052960273437995713 -0.0042551740806084119 0.0004280578486737795
leaf_weight=17 4.9999999999999982 20 8.9999999999999982 5.9999999999999991 7.0000000000000027 8.0000000000000053 5.9999999999999991 21 21 6.0000000000000027 4.9999999999999991 5.9999999999999991 6.0000000000000027 13.999999999999998 6.9999999999999991 22 41 21 7.9999999999999991 7.0000000000000027 5.9999999999999991 25 22 23 39 8.9999999999999947 10.999999999999998 44 5 50
leaf_count=17 5 20 9 6 7 8 6 21 21 6 5 6 6 14 7 22 41 21 8 7 6 25 22 23 39 9 11 44 5 50
internal_value=-3.85084e-12 -0.000543308 8.75894e-05 3.99419e-05 0.000303331 0.00156601 0.000161722 -0.000253677 5.95489e-05 -0.000306392 0.000692019 -0.000515928 -0.000617157 -0.00119609 -0.000177725 -0.00199028 0.000497283 -0.000137169 0.000844423 -0.00110345 -0.000535811 0.00104381 0.000834902 0.000791863 -0.000199032 0.00251087 -0.0020798 -0.000808736 -0.00257454 0.000859152
internal_weight=497 69 428 419 238 24 214 120 99 181 94 152 146 63 83 36 48 27 89 35 56 81 43 29 59 17 18 50 10 75
internal_count=497 69 428 419 238 24 214 120 99 181 94 152 146 63 83 36 48 27 89 35 56 81 43 29 59 17 18 50 10 75
is_linear=0
shrinkage=0.03


Tree=176
num_leaves=31
num_cat=0
split_feature=70 39 51 80 33 93 56 10 71 45 50 66 18 58 33 78 7 44 55 38 28 86 52 88 33 28 46 51 15 22
split_gain=0.0253703 0.0362339 0.0393834 0.0330501 0.0297573 0.0280453 0.0548735 0.0597568 0.0476873 0.0658234 0.0393793 0.0422707 0.0441105 0.0465008 0.0403993 0.0381029 0.0376834 0.0497389 0.0425616 0.0424285 0.0403569 0.0391755 0.0518633 0.0376459 0.037478 0.0469047 0.0373487 0.0368029 0.0357575 0.0355901
threshold=22.500000000000004 1.6237716184615865 -0.3377120822216419 25.261304568791548 1.2739606500569873 6710.5000000000009 0.032264997733843663 -0.15179611403474799 6.5000000000000009 -0.078342940365318151 0.21094858177511908 17.473529411764712 -0.073179705831646305 0.059921683417589647 -1.6646831680076892 137.01563918426893 -0.09537393294158801 -0.72426440194630559 -0.11446372304548491 1.1815092818890054 -0.016037065329807573 0.0083038643012638049 -0.11614554539443524 1206.3911637539986 1.3277397647857769 0.13173933971958338 -0.17419334471411146 0.077445645885107536 -0.060881903106398343 0.077642562835904108
decision_type=2 2 2 2 2 2 2 2 2 2 2 2 2 2 2 2 2 2 2 2 2 2 2 2 2 2 2 2 2 2
left_child=-1 2 4 -4 -2 6 15 27 9 28 11 12 13 -10 -15 23 18 -18 26 20 21 -19 -23 -5 25 -25 -14 -8 -7 -22
right_child=1 -3 3 5 -6 8 7 -9 10 -11 -12 -13 16 14 -16 -17 17 19 -20 -21 29 22 -24 24 -26 -27 -28 -29 -30 -31
leaf_value=-0.0013626547739841045 -0.0035215585157275207 0.0012232774033063007 0.002230055673280731 -0.0019928992856293915 -0.00024854442290961738 0.003914786651730535 0.0044161139162523406 0.00049054790802043058 0.00067561491424123106 -0.00028199272256137592 0.00098350922711879798 -0.0019772821180522441 0.0034590086191892619 -0.00298380024731159 -0.00021961180513481731 0.0016126344115896659 0.00051848348221168522 0.00055902869251440329 -0.00049414100774906964 0.00084836045745760201 -0.0052199471443891369 -0.0032197409123182323 -0.00066869382546428757 9.9365434919794401e-05 -0.00098637465890496958 0.0029231580719351769 -5.1697809249162679e-05 0.0012142009788658466 0.0011745193919632585 -0.0020631729128460091
leaf_weight=11.999999999999998 4.9999999999999982 22 5.9999999999999991 9.9999999999999982 5 6.0000000000000027 6.9999999999999982 29 59 27 19 14.999999999999998 5 6.0000000000000027 23 10.999999999999998 12.999999999999991 7.999999999999992 57 5.9999999999999991 5.0000000000000133 12.999999999999988 16.000000000000014 45 25 5.9999999999999991 5.9999999999999982 6 14.999999999999998 8.9999999999999982
leaf_count=12 5 22 6 10 5 6 7 29 59 27 19 15 5 6 23 11 13 8 57 6 5 13 16 45 25 6 6 6 15 9
internal_value=-2.28732e-12 3.37152e-05 -2.28083e-05 1.83008e-05 -0.00188505 -1.13872e-05 0.000342337 0.00124819 -0.000171023 0.000697765 -0.000331414 -0.00043508 -0.000332722 0.00019213 -0.000791513 -4.98865e-05 -0.00066741 -0.00115602 -0.000164429 -0.00153792 -0.00181866 -0.00129955 -0.00181227 -0.000262534 -3.48549e-05 0.000431576 0.00154408 0.00293831 0.00195745 -0.00319059
internal_weight=497 485 463 453 10 447 139 42 308 48 260 241 226 88 29 97 138 70 68 57 51 37 29 86 76 51 11 13 21 14
internal_count=497 485 463 453 10 447 139 42 308 48 260 241 226 88 29 97 138 70 68 57 51 37 29 86 76 51 11 13 21 14
is_linear=0
shrinkage=0.03


Tree=177
num_leaves=31
num_cat=0
split_feature=33 56 51 42 75 28 85 30 45 31 70 24 29 36 30 30 23 28 58 30 60 51 2 70 41 80 12 35 6 63
split_gain=0.0245542 0.0270322 0.0655696 0.0566895 0.0544122 0.0542681 0.052429 0.0493606 0.0441029 0.0472652 0.0432945 0.0343974 0.0599629 0.0590614 0.0412918 0.0386763 0.038122 0.0499114 0.0485385 0.0480696 0.0363506 0.0347387 0.0380929 0.0336709 0.0334432 0.0329771 0.031385 0.030109 0.029669 0.0285704
threshold=3.3604089637785388 0.039205409339521151 0.015657803425797794 0.42231422693640658 0.24695121951219515 0.06647942637215247 0.055128514766693122 0.028481140267104955 -0.85537378675993825 0.073652664531275294 98.500000000000014 0.1094333671426342 -0.11556450255420132 2.5853180986843478 0.063219545467723459 0.016107426724660173 -0.043468962785354885 0.13173933971958338 -0.053945406236928388 0.024799311029261879 0.14175254298736428 -0.20614344521762279 -0.60988269986097021 28.500000000000004 0.6437826208776366 77.866470691068699 0.52553958825254321 1.4933309494156333 -0.20952543953731953 0.10798299351746604
decision_type=2 2 2 2 2 2 2 2 2 2 2 2 2 2 2 2 2 2 2 2 2 2 2 2 2 2 2 2 2 2
left_child=1 10 4 8 5 26 -6 -5 -4 -10 11 12 15 14 23 -1 18 19 -14 24 28 -20 25 -13 27 -23 -3 -18 -21 -24
right_child=-2 2 3 7 6 -7 -8 -9 9 -11 -12 13 16 -15 -16 -17 17 -19 21 20 -22 22 29 -25 -26 -27 -28 -29 -30 -31
leaf_value=-0.003497275337576866 -0.0019075283198617399 0.0015084418509370434 -0.0012459221360488579 -0.00020241822437931065 -0.0028216945193707947 -0.00026831743606765352 0.0011442497931420802 -0.0026581228982943753 0.00034724118406302294 0.0030012467929295128 -0.0021881308220326901 0.0033605464454740282 -0.00055769236462021416 -0.0026403521150350569 -0.0003197682429824702 -0.00054733265249524261 -0.00087708288477165845 0.001198079249355942 -0.00062646232164380224 -0.00082725676077762217 0.00088243673904798926 -0.00062431781122890783 0.0026113626223645704 0.00094226079178042702 0.0010389470483813271 0.0018237346230307594 0.0035712279690778815 0.00083145694501581598 -0.0023350857838522641 0.00023672754410654308
leaf_weight=7.9999999999999991 5.9999999999999991 39 12.999999999999998 17.000000000000004 5.9999999999999982 13.999999999999998 6 12.999999999999998 44 6.9999999999999991 8.9999999999999982 5.9999999999999991 33 4.9999999999999991 22 7.9999999999999991 41 14.999999999999998 10.999999999999998 23 5.9999999999999991 13.000000000000002 19.000000000000004 38 17 7.9999999999999991 7.9999999999999991 11.999999999999998 24 5.9999999999999991
leaf_count=8 6 39 13 17 6 14 6 13 44 7 9 6 33 5 22 8 41 15 11 23 6 13 19 38 17 8 8 12 24 6
internal_value=3.53111e-13 2.33099e-05 0.000333363 -0.000190493 0.00100792 0.00137119 -0.000838722 -0.00126656 0.000313912 0.000711516 -0.000136501 -7.78833e-05 -0.000246991 0.000503275 0.000741429 -0.0020223 -0.000122407 -0.000435681 0.000357945 -0.00063492 -0.0013165 0.000888051 0.00125022 0.00127203 -0.000118869 0.000308274 0.00185955 -0.000490244 -0.00159721 0.00204145
internal_weight=497 491 167 94 73 61 12 30 64 51 324 315 244 71 66 16 228 138 90 123 53 57 46 44 70 21 47 53 47 25
internal_count=497 491 167 94 73 61 12 30 64 51 324 315 244 71 66 16 228 138 90 123 53 57 46 44 70 21 47 53 47 25
is_linear=0
shrinkage=0.03


Tree=178
num_leaves=31
num_cat=0
split_feature=44 47 62 45 62 6 12 11 81 88 43 20 54 93 23 29 0 26 61 21 68 38 65 9 58 61 55 29 78 38
split_gain=0.02398 0.0477431 0.0457074 0.0321144 0.0307536 0.0587619 0.0554838 0.0592937 0.0470213 0.0449604 0.0668879 0.0436726 0.0499684 0.039692 0.0394694 0.0392769 0.038938 0.0377336 0.033461 0.0316488 0.0311851 0.0519887 0.0435601 0.0302251 0.0308425 0.0301645 0.0297976 0.0285859 0.0270821 0.0260107
threshold=0.93175848871665423 -0.8188920825995516 -0.22623668830237065 1.686851116454275 0.044415535612195793 -0.60567200182411463 0.5746669119473834 -0.049929769784358584 62.05776103178178 1206.3911637539986 -0.62794012604702709 -0.073569927982708519 -0.04747553072268184 10377.000000000002 0.018293572162141423 0.13575037669544399 2.7476294191616506 0.085129747901326477 0.011496759399485164 0.055039864251545854 2062.6533333333336 0.35216040692592193 2.6394622325897221 -1.0736158941645166 0.10572790094144871 -0.026975636683527194 -0.12803560993523153 0.033706359740237418 118.56162340454604 -0.39477788310905132
decision_type=2 2 2 2 2 2 2 2 2 2 2 2 2 2 2 2 2 2 2 2 2 2 2 2 2 2 2 2 2 2
left_child=2 27 -1 4 5 9 7 13 15 -4 28 12 -9 18 17 20 29 -8 -6 -10 22 -22 -7 -24 26 -3 -25 -2 -11 -12
right_child=1 25 3 -5 6 8 14 11 19 10 16 -13 -14 -15 -16 -17 -18 -19 -20 -21 21 -23 23 24 -26 -27 -28 -29 -30 -31
leaf_value=0.0029351984448730945 -0.0040397765412926679 -0.0011413559844950215 0.0026389322185423223 0.0022291468363255262 0.0039639128744602186 0.0018248942501044698 -0.00097170169756282093 0.0012239905307069414 -0.0015289069195885373 0.00060556648143877576 -0.0023762270319275568 0.00079277173324953764 -0.0018149628858373035 0.0008068354683928191 -0.0021388346871191802 -0.0018228551364419133 0.0013382362908062834 0.0015552890797456106 0.0013769831849882999 -0.00014545541637661782 -0.0019423623485490672 0.0013618206937098874 0.0022794145876541736 0.0011608488273552879 0.00215465634316206 0.00029165028182503121 -0.00053138775329682089 -0.00083182950667105599 0.0024025127119742906 -0.00045099315833067513
leaf_weight=4.9999999999999991 4.9999999999999982 20 7.9999999999999991 5.9999999999999991 9.0000000000000018 13.999999999999998 13.000000000000002 7.0000000000000027 46 18.000000000000004 7.9999999999999956 35 15.999999999999998 24 10.999999999999998 10.999999999999998 8.9999999999999982 8.9999999999999982 8.9999999999999982 22 15.000000000000002 5.9999999999999991 4.9999999999999991 10.999999999999991 4.9999999999999991 39 63.000000000000007 5 12.999999999999998 30.000000000000004
leaf_count=5 5 20 8 6 9 14 13 7 46 18 8 35 16 24 11 11 9 9 9 22 15 6 5 11 5 39 63 5 13 30
internal_value=-1.14893e-12 -0.000518997 8.36701e-05 4.99641e-05 1.86089e-05 -0.000157697 0.000395082 0.000747077 -0.000442095 0.000497079 0.000277402 0.00012544 -0.000890064 0.00160553 -0.000671567 -0.000107732 -0.000436074 6.20673e-05 0.00267045 -0.00108132 5.0809e-05 -0.00099831 0.00027562 1.74079e-05 -0.000125757 -0.000194115 -0.000279839 -0.0024358 0.00135912 -0.000856306
internal_weight=497 69 428 423 417 284 133 100 198 86 78 58 23 42 33 130 47 22 18 68 119 21 98 84 79 59 74 10 31 38
internal_count=497 69 428 423 417 284 133 100 198 86 78 58 23 42 33 130 47 22 18 68 119 21 98 84 79 59 74 10 31 38
is_linear=0
shrinkage=0.03


Tree=179
num_leaves=31
num_cat=0
split_feature=70 39 51 80 33 48 17 71 36 50 79 86 44 0 23 50 44 93 42 84 29 53 12 46 58 74 11 89 5 52
split_gain=0.0226104 0.0327945 0.034724 0.0301426 0.0267109 0.0260853 0.0386706 0.0287257 0.049787 0.0276414 0.0429753 0.0425328 0.0407415 0.0386189 0.0466072 0.0636964 0.0552081 0.0477669 0.0483722 0.0376479 0.0369165 0.0412655 0.0382545 0.0368635 0.0380921 0.0382733 0.0343207 0.0329768 0.0323983 0.030117
threshold=22.500000000000004 1.6237716184615865 -0.3377120822216419 25.261304568791548 1.2739606500569873 0.34610395732928728 0.23773574804066808 16.500000000000004 -0.052309724680960443 0.058695217821224839 35.719198067716881 0.68592231503864298 -0.52055129308635617 -2.724900450148525 -0.046605822542436191 -0.12759461547855652 0.56319303847272506 39750.000000000007 0.14805553558133686 0.048102276399731643 0.095330794833483307 -0.20013722100697848 -0.34079469690086267 1.0924717865923157 -0.034402685329931841 1.0000000180025095e-35 -0.059509151159348177 0.1124660545868905 0.42924632290411369 0.31264140580848226
decision_type=2 2 2 2 2 2 2 2 2 2 2 2 2 2 2 2 2 2 2 2 2 2 2 2 2 2 2 2 2 2
left_child=-1 2 4 -4 -2 7 -7 9 -9 11 23 13 -12 26 20 16 -16 -17 -19 -18 21 -15 -23 24 -11 29 -5 -20 -25 -26
right_child=1 -3 3 5 -6 6 -8 8 -10 10 12 -13 -14 14 15 17 19 18 27 -21 -22 22 -24 28 25 -27 -28 -29 -30 -31
leaf_value=-0.0012864046180038713 -0.0033210419788956649 0.0011635250940294512 0.0021288829552941024 0.0022885446902364483 -0.0002200847994536161 6.8667666877017284e-05 0.0025006066014369331 -0.00014905957411974667 -0.0032131104307648326 -0.00072145584899851155 -0.00010714160943669926 -0.0027031572069972751 0.0028205857832323418 0.0032615234702825543 -0.00033858517835785564 -0.00051312384456396107 0.0039471835792064666 -0.0011195410162453416 -0.0020101306481020795 0.00062874820752767846 -0.0012398386585780166 -0.00093246136958311703 0.00090199925789707577 0.0028254189994186166 0.0008991533621079533 -0.0011143786109124238 0.00015318696505606306 -0.0050410378351807587 -0.00025297305174171923 -0.0011859658513484258
leaf_weight=11.999999999999998 4.9999999999999982 22 5.9999999999999991 10.000000000000002 5 17.000000000000004 8.9999999999999982 15.000000000000002 6.9999999999999991 46 7.0000000000000027 5.9999999999999991 10.999999999999998 4.9999999999999991 41 50 4.9999999999999991 23 6.9999999999999982 7.9999999999999991 10.999999999999998 13.999999999999998 38 7.9999999999999982 57 12.999999999999998 21 6 5 6.9999999999999991
leaf_count=12 5 22 6 10 5 17 9 15 7 46 7 6 11 5 41 50 5 23 7 8 11 14 38 8 57 13 21 6 5 7
internal_value=2.29346e-12 3.18286e-05 -2.19453e-05 1.66555e-05 -0.00177056 -1.16966e-05 0.000910493 -6.86489e-05 -0.00112398 -1.04599e-05 0.000304487 -0.000208427 0.00168203 -0.000145797 -0.000293019 -0.000605992 0.000201554 -0.00111306 -0.00194629 0.00190507 0.000351337 0.000658406 0.000408106 0.000122166 -3.84058e-05 0.00036965 0.000842012 -0.00340901 0.00164142 0.000671093
internal_weight=497 485 463 453 10 447 26 421 22 399 154 245 18 239 208 140 54 86 36 13 68 57 52 136 123 77 31 13 13 64
internal_count=497 485 463 453 10 447 26 421 22 399 154 245 18 239 208 140 54 86 36 13 68 57 52 136 123 77 31 13 13 64
is_linear=0
shrinkage=0.03


Tree=180
num_leaves=31
num_cat=0
split_feature=79 79 66 30 51 66 30 60 58 15 11 41 33 56 52 47 89 60 66 47 53 61 41 16 40 16 43 46 11 61
split_gain=0.0220264 0.0716989 0.0466223 0.0442669 0.0414616 0.0397056 0.036915 0.0356019 0.0458631 0.0375152 0.038603 0.0371433 0.0416337 0.0409525 0.0400635 0.0407422 0.051207 0.0515082 0.0639138 0.0394125 0.038222 0.0332357 0.0329952 0.0409327 0.0327073 0.0326371 0.0324574 0.0316976 0.0315578 0.0314259
threshold=6.2808322563514851 4.2623507122421911 1.5500000000000003 0.071271502068496057 0.10234597785709787 2.2500000000000004 0.047521865686694247 0.12681620993370704 -0.1246229478570656 -0.86393157926618114 0.27521020591917728 -1.1727043695667796 2.6565311201463548 0.19005669147640256 0.14160246379489147 -1.2436961480825708 0.096163071213417176 -0.064095679228922495 9.6648648648648656 0.16146386099705778 0.034283213494365729 0.062493651912868389 -1.2349021857421911 -1.3572128099342418 -0.3828229930394616 0.40208241265336092 0.87070816901894055 0.235828759631976 0.21178466891831596 -0.093953295569218637
decision_type=2 2 2 2 2 2 2 2 2 2 2 2 2 2 2 2 2 2 2 2 2 2 2 2 2 2 2 2 2 2
left_child=1 4 6 29 -1 -4 22 9 -9 10 -7 -11 13 14 15 -13 17 18 -17 21 25 -18 -2 27 -19 -21 -22 -24 -15 -3
right_child=2 3 5 -5 -6 7 -8 8 -10 11 -12 12 -14 28 -16 16 19 24 -20 20 26 -23 23 -25 -26 -27 -28 -29 -30 -31
leaf_value=0.00011262406613677739 -0.0024061648175120352 0.0028867331799119675 0.001369510621530935 0.0038874411582946774 -0.002499537353536912 -0.00033258548232879544 -0.0017164165753638372 -0.0013661073707044117 0.0015663545213283213 0.0011511890342175636 -0.0027885399661802994 0.0027578605636954306 -0.0013872465805616228 0.00047048440753397604 -0.00096196506771957502 -0.00067812865041196328 0.0003342977394916218 -0.0024669771448064307 0.0025197161330531041 -0.0010606269361451265 0.0027535472922027102 -0.0013397922888398171 -0.00020172977540642027 -0.00051570577710854677 -0.00069775991510301956 0.0010216982423194817 0.0001427880488336086 0.003032496646046638 0.0031752325594425201 0.00037970601180859376
leaf_weight=25 5.9999999999999991 6.0000000000000062 20 5.9999999999999991 6.9999999999999991 16.000000000000004 24 6.0000000000000027 24 23 8.9999999999999982 4.9999999999999991 21 11.000000000000002 40 15.000000000000002 37 12.999999999999998 8.9999999999999982 10.000000000000002 15.000000000000002 14.999999999999998 4.9999999999999982 38 34 21 5.9999999999999991 6 5.9999999999999991 18
leaf_count=25 6 6 20 6 7 16 24 6 24 23 9 5 21 11 40 15 37 13 9 10 15 15 5 38 34 21 6 6 6 18
internal_value=1.8165e-12 0.00052901 -7.53991e-05 0.00158266 -0.000458786 7.0907e-05 -0.000734702 -6.39087e-06 0.000979862 -0.000103082 -0.00121673 -4.00344e-06 -0.000106986 6.45512e-06 -0.000103168 8.76763e-05 1.13854e-05 -0.000609705 0.000521063 0.000435399 0.00101941 -0.000148613 -0.000306318 -4.91936e-05 -0.00118712 0.00034998 0.00200762 0.00156239 0.0014251 0.00100646
internal_weight=497 62 435 30 32 356 79 336 30 306 25 281 258 237 220 180 175 71 24 104 52 52 55 49 47 31 21 11 17 24
internal_count=497 62 435 30 32 356 79 336 30 306 25 281 258 237 220 180 175 71 24 104 52 52 55 49 47 31 21 11 17 24
is_linear=0
shrinkage=0.03


Tree=181
num_leaves=31
num_cat=0
split_feature=44 5 47 38 39 17 6 61 62 93 51 70 66 57 61 23 9 44 25 48 31 2 75 79 58 34 30 60 1 7
split_gain=0.0210925 0.0422462 0.0415243 0.034943 0.0430667 0.0371041 0.0481503 0.0413285 0.046308 0.0420961 0.0437314 0.0379306 0.0364401 0.0348276 0.0437209 0.0392086 0.0327385 0.0322556 0.0315861 0.0309741 0.0314302 0.0486095 0.0360995 0.0317475 0.0306635 0.029463 0.0286694 0.0279699 0.027438 0.0309668
threshold=0.93175848871665423 2.4272317428334076 -0.8188920825995516 -0.17151353554918289 1.0777768827841976 0.29494101853693322 -0.30061562969073247 -0.045848903271432963 -0.077785331973308627 365.00000000000006 0.098132440530495038 74.500000000000014 22.811475409836071 0.11573346676146727 -0.014781952097590581 0.26946357604814136 -0.2942650405560906 -0.26923240717929692 -0.064001386755793602 0.36730186439070994 -0.0054100130403693233 2.396897142795634 0.37918918918918926 38.366965779791883 -0.061155948606758971 1.0683046251141528 -0.07571210788796455 -1.0000000180025095e-35 -1.8971192671925208 1.021499523241707
decision_type=2 2 2 2 2 2 2 2 2 2 2 2 2 2 2 2 2 2 2 2 2 2 2 2 2 2 2 2 2 2
left_child=1 3 -2 4 12 7 -7 9 11 -5 17 -9 19 15 -15 18 -6 -11 -10 20 22 23 25 24 -22 -1 -24 -8 -20 -30
right_child=2 -3 -4 5 16 6 27 8 13 10 -12 -13 -14 14 -16 -17 -18 -19 28 -21 21 -23 26 -25 -26 -27 -28 -29 29 -31
leaf_value=-0.0017396264070396825 -0.00227436306393065 0.0025780892046168443 -0.00018376283738288584 -0.0012923843110911547 0.0025625344206179879 -0.00069525408758116581 0.00097039822954684413 0.0003005322607350535 -0.00081377557944506407 0.0025413372584929071 -9.3332001207662476e-05 0.0029482452571392057 -0.0027693653944879768 0.00091063351137563519 -0.0020092258821241557 -0.0019873380971451599 0.00021939534476310337 0.00084576823029910086 -0.00091976710087196382 0.0017268842412158847 -0.00039836202980950472 -0.0020848974306136372 -0.00092650646126328073 -0.0017952191270887853 0.0010596602645647874 -0.00023709110980716476 0.0017886594722845725 0.0034083473185698202 0.00044382081299061053 0.0025856218061276843
leaf_weight=38 9.9999999999999982 5.9999999999999991 59 7.9999999999999991 7.0000000000000027 7.0000000000000027 8.0000000000000053 16.000000000000004 25 18 21 6.9999999999999991 5.9999999999999991 6.0000000000000027 20 8.9999999999999982 23 23 10.999999999999998 5.9999999999999991 21 8.9999999999999982 7 5.9999999999999991 34 17 6.9999999999999982 8.9999999999999947 46 6.9999999999999991
leaf_count=38 10 6 59 8 7 7 8 16 25 18 21 7 6 6 20 9 23 23 11 6 21 9 7 6 34 17 7 9 46 7
internal_value=2.11581e-13 7.84711e-05 -0.000486748 4.29315e-05 -0.000272071 0.00027951 0.00139881 0.000155716 -0.000129981 0.000755681 0.00101995 0.00110636 -0.000478336 -0.000359302 -0.00133541 -0.000100334 0.000766128 0.00159016 9.04863e-05 -0.000383535 -0.000474632 -2.67506e-05 -0.000929004 0.00027691 0.000502961 -0.00127521 0.000431077 0.00226108 0.000443714 0.0007267
internal_weight=497 428 69 422 181 241 24 217 147 70 62 23 151 124 26 98 30 41 89 145 139 70 69 61 55 55 14 17 64 53
internal_count=497 428 69 422 181 241 24 217 147 70 62 23 151 124 26 98 30 41 89 145 139 70 69 61 55 55 14 17 64 53
is_linear=0
shrinkage=0.03


Tree=182
num_leaves=31
num_cat=0
split_feature=33 56 51 42 75 28 85 30 45 31 70 24 29 36 30 23 28 30 58 30 60 70 51 2 41 12 80 6 87 35
split_gain=0.0207043 0.022939 0.0563109 0.0478334 0.044823 0.0450655 0.0437725 0.0420988 0.0378156 0.0392044 0.0366536 0.0298813 0.0516965 0.0502931 0.0353207 0.033205 0.0415871 0.0409452 0.0399557 0.0311183 0.0303296 0.0281894 0.0278025 0.0322984 0.0274577 0.0269936 0.026522 0.0263546 0.0252997 0.0251276
threshold=3.3604089637785388 0.039205409339521151 0.015657803425797794 0.42231422693640658 0.24695121951219515 0.06647942637215247 0.055128514766693122 0.028481140267104955 -0.85537378675993825 0.073652664531275294 98.500000000000014 0.1094333671426342 -0.11556450255420132 2.5853180986843478 0.063219545467723459 -0.043468962785354885 0.13173933971958338 0.024799311029261879 -0.053945406236928388 0.016107426724660173 0.14175254298736428 28.500000000000004 -0.20614344521762279 -0.60988269986097021 0.6437826208776366 0.52553958825254321 77.866470691068699 -0.20952543953731953 113.74080882352943 1.4933309494156333
decision_type=2 2 2 2 2 2 2 2 2 2 2 2 2 2 2 2 2 2 2 2 2 2 2 2 2 2 2 2 2 2
left_child=1 10 4 8 5 25 -6 -5 -4 -10 11 12 19 14 21 18 17 24 28 -1 27 -13 -20 26 29 -3 -24 -19 -14 -17
right_child=-2 2 3 7 6 -7 -8 -9 9 -11 -12 13 15 -15 -16 16 -18 20 22 -21 -22 -23 23 -25 -26 -27 -28 -29 -30 -31
leaf_value=-0.0032009266968816515 -0.0017516137147322297 0.001381262019993021 -0.0011594851759190743 -0.00018413872485432552 -0.0025557903759181504 -0.00023219188043315496 0.0010679841786622999 -0.0024520225550692817 0.00032130266485513528 0.0027384225598403385 -0.0020135462765271464 0.0030912644416093826 0.0012658325838856399 -0.0024311127886176109 -0.00029191966337913816 -0.00080167502738399108 0.0010851229466497898 -0.00074783725314773617 -0.00053945218794979152 -0.00055487019242718818 0.00079148575663566588 0.00087856030237258218 -0.00056424729884243911 0.0018680225634947418 0.00093732540249167121 0.0032942998766156959 0.0016311733407201245 -0.0021689519018400459 -0.00088783325879679366 0.00075914257584372533
leaf_weight=7.9999999999999991 5.9999999999999991 39 12.999999999999998 17.000000000000004 5.9999999999999982 13.999999999999998 6 12.999999999999998 44 6.9999999999999991 8.9999999999999982 5.9999999999999991 5.9999999999999991 4.9999999999999991 22 41 14.999999999999998 23 10.999999999999998 7.9999999999999991 5.9999999999999991 38 13.000000000000002 25 17 7.9999999999999991 7.9999999999999991 24 27 11.999999999999998
leaf_count=8 6 39 13 17 6 14 6 13 44 7 9 6 6 5 22 41 15 23 11 8 6 38 13 25 17 8 8 24 27 12
internal_value=1.24797e-12 2.14046e-05 0.00030702 -0.000178443 0.000932138 0.00126185 -0.000743903 -0.00116689 0.00028489 0.000653064 -0.000125811 -7.18756e-05 -0.000229491 0.00046979 0.000689555 -0.000113814 -0.000406187 -0.000588054 0.000334492 -0.0018779 -0.0012171 0.00118029 0.000815452 0.00113945 -0.000111778 0.00170689 0.000272103 -0.00147351 -0.000496258 -0.000448282
internal_weight=497 491 167 94 73 61 12 30 64 51 324 315 244 71 66 228 138 123 90 16 53 44 57 46 70 47 21 47 33 53
internal_count=497 491 167 94 73 61 12 30 64 51 324 315 244 71 66 228 138 123 90 16 53 44 57 46 70 47 21 47 33 53
is_linear=0
shrinkage=0.03


Tree=183
num_leaves=31
num_cat=0
split_feature=42 57 88 30 62 70 89 12 12 80 80 18 28 37 50 29 17 93 14 66 2 15 54 81 58 58 44 43 62 33
split_gain=0.0202447 0.0429762 0.0389977 0.0476977 0.0379469 0.0307774 0.0295335 0.0278025 0.0350138 0.0335441 0.0394475 0.0556302 0.0435872 0.0360739 0.0435681 0.0375519 0.0349715 0.038198 0.0387765 0.0401874 0.038131 0.0304247 0.0303148 0.0282741 0.0281746 0.0319358 0.0261525 0.0260006 0.0251177 0.024851
threshold=0.99750533553749421 0.059014743145087943 1580.5316139854383 0.17170630644451809 -0.22623668830237065 99.500000000000014 0.09547555143593818 1.0824477756734574 0.98445339057351566 25.261304568791548 48.821233502689289 -0.25507926382605123 0.10377988241972408 0.57532938971898673 0.015953739376871317 -0.032013444305105804 -0.26465420960723013 21939.000000000004 -0.77336181712419882 5.4272727272727286 -1.306323936461024 0.37454324274467604 -0.10174047511304618 62.727795491919544 0.044718238280944421 -0.031815131085337144 -1.4370589405176795 0.87340335259027935 -0.11375784117127011 0.65410267856236537
decision_type=2 2 2 2 2 2 2 2 2 2 2 2 2 2 2 2 2 2 2 2 2 2 2 2 2 2 2 2 2 2
left_child=4 2 6 27 -1 7 -2 8 9 -6 11 -11 -13 16 15 -15 20 18 -18 -20 -12 28 -9 -22 25 -19 -26 -4 -21 -27
right_child=1 -3 3 -5 5 -7 -8 22 -10 10 13 12 -14 14 -16 -17 17 24 19 21 23 -23 -24 -25 26 29 -28 -29 -30 -31
leaf_value=0.0026732350029051301 -0.00069927653577178694 0.0011346500099170954 -0.0015977221321580659 0.0011388411596417426 0.0025268663959577679 -0.0016912889294326305 0.0015578280226327479 0.00064055211748927836 0.0019777339355399209 -0.0033810093067586423 0.00099122971888970248 -0.00079501475073894565 0.0011821378355559248 0.00012467481176524112 0.00029220095855734223 -0.0016197452884055032 0.0027949199639260769 -4.5863900790786063e-06 0.0015996975509187904 -0.0020963026955723761 -0.00041367247409652909 0.0013804567927637925 -0.0022728902598222094 -0.0025979924853891134 0.0010142848225041235 0.0026053833930442696 -0.00093065006999365442 -0.004004881270229816 9.3490117314186944e-05 0.00070712090749293572
leaf_weight=4.9999999999999991 15.000000000000002 11.999999999999998 21.000000000000007 4.9999999999999991 4.9999999999999991 8.9999999999999982 7.9999999999999991 4.9999999999999991 8.9999999999999982 5.9999999999999991 10.999999999999998 44 12.999999999999998 18 55 29 9.9999999999999982 40.999999999999993 32 5.9999999999999991 16.000000000000004 12.999999999999998 8.9999999999999982 7.9999999999999991 7.9999999999999991 9.0000000000000089 28 4.9999999999999991 22.000000000000004 20
leaf_count=5 15 12 21 5 5 9 8 5 9 6 11 44 13 18 55 29 10 41 32 6 16 13 9 8 8 9 28 5 22 20
internal_value=1.86481e-12 -0.000489289 -0.000850165 -0.00154459 7.4926e-05 4.44294e-05 8.58033e-05 8.18909e-05 0.000127548 8.52847e-05 5.39019e-05 -0.000633316 -0.000344085 0.000186708 -0.000280955 -0.00095167 0.000399661 0.00056097 0.00104294 0.000802948 -0.000471405 0.000181095 -0.00123238 -0.00114178 0.000183575 0.000534326 -0.000498442 -0.00206064 -0.000375751 0.00129624
internal_weight=497 66 54 31 431 426 23 417 403 394 389 63 57 326 102 47 224 189 83 73 35 41 14 24 106 70 36 26 28 29
internal_count=497 66 54 31 431 426 23 417 403 394 389 63 57 326 102 47 224 189 83 73 35 41 14 24 106 70 36 26 28 29
is_linear=0
shrinkage=0.03


Tree=184
num_leaves=31
num_cat=0
split_feature=44 5 47 38 39 17 6 61 62 93 51 70 66 57 2 23 44 25 48 31 2 75 9 68 27 34 30 60 61 57
split_gain=0.0194352 0.0381924 0.03745 0.0312145 0.0376928 0.0325516 0.0421924 0.0374805 0.0422841 0.03657 0.0383304 0.0340369 0.0321395 0.0312389 0.0391851 0.0339835 0.0291032 0.029011 0.0284516 0.0283993 0.0429544 0.0322065 0.0283874 0.0276994 0.0328463 0.0272558 0.0255441 0.0255343 0.0253805 0.025177
threshold=0.93175848871665423 2.4272317428334076 -0.8188920825995516 -0.17151353554918289 1.0777768827841976 0.29494101853693322 -0.30061562969073247 -0.045848903271432963 -0.077785331973308627 365.00000000000006 0.098132440530495038 74.500000000000014 22.811475409836071 0.11573346676146727 1.0000000180025095e-35 0.26946357604814136 -0.26923240717929692 -0.064001386755793602 0.36730186439070994 -0.0054100130403693233 2.396897142795634 0.37918918918918926 -0.2942650405560906 2225.0208333333335 0.082195990220211138 1.0683046251141528 -0.07571210788796455 -1.0000000180025095e-35 -0.037478814848158876 0.053973557983819954
decision_type=2 2 2 2 2 2 2 2 2 2 2 2 2 2 2 2 2 2 2 2 2 2 2 2 2 2 2 2 2 2
left_child=1 3 -2 4 12 7 -7 9 11 -5 16 -9 18 15 -15 17 -11 -10 19 21 23 25 -6 24 -21 -1 -23 -8 -4 -19
right_child=2 -3 28 5 22 6 27 8 13 10 -12 -13 -14 14 -16 -17 -18 29 -20 20 -22 26 -24 -25 -26 -27 -28 -29 -30 -31
leaf_value=-0.0016530299044863663 -0.0021648865084134741 0.0024519920768216251 -0.0011185745097463951 -0.001188375191995874 0.0023878562649978048 -0.00064670915981488537 0.00088747781468555243 0.00029516869748476884 -0.00078572317343205214 0.0024041907815262674 -7.5420787491436514e-05 0.0028033035833920751 -0.0026007526274770495 -0.0019043770912103349 0.00085987752536311748 -0.001853532763198018 0.0007936054062219741 0.00011900305748841834 0.0016625313251279292 9.8435472173150624e-05 -0.0019564228629072506 -0.00087614225456491104 0.00020597219497532301 -0.001511819048651627 0.0018781329970806834 -0.00020787076969795365 0.0016867625274296319 0.0032168625419338555 0.00023278020475650342 0.0015979629719200042
leaf_weight=38 9.9999999999999982 5.9999999999999991 18 7.9999999999999991 7.0000000000000027 7.0000000000000027 8.0000000000000053 16.000000000000004 25 18 21 6.9999999999999991 5.9999999999999991 20.000000000000004 5.9999999999999991 8.9999999999999982 23 51 5.9999999999999991 42 8.9999999999999982 7 23 6.9999999999999991 11.999999999999998 17 6.9999999999999982 8.9999999999999947 41 12.999999999999998
leaf_count=38 10 6 18 8 7 7 8 16 25 18 21 7 6 20 6 9 23 51 6 42 9 7 23 7 12 17 7 9 41 13
internal_value=-3.75949e-13 7.53253e-05 -0.000467235 4.15338e-05 -0.000256189 0.000265135 0.00131353 0.000149184 -0.000122889 0.000720536 0.000966847 0.00105851 -0.000449156 -0.00034202 -0.00126647 -9.67571e-05 0.00150069 8.08943e-05 -0.000360125 -0.000447433 -2.1695e-05 -0.000879342 0.000715078 0.000263757 0.000493924 -0.00120634 0.00040531 0.00212068 -0.000179498 0.000419417
internal_weight=497 428 69 422 181 241 24 217 147 70 62 23 151 124 26 98 41 89 145 139 70 69 30 61 54 55 14 17 59 64
internal_count=497 428 69 422 181 241 24 217 147 70 62 23 151 124 26 98 41 89 145 139 70 69 30 61 54 55 14 17 59 64
is_linear=0
shrinkage=0.03


Tree=185
num_leaves=31
num_cat=0
split_feature=70 39 51 80 33 48 17 14 1 29 6 2 11 34 20 36 88 28 57 27 62 54 25 37 15 64 41 59 39 58
split_gain=0.0188637 0.0261812 0.027173 0.0244738 0.023648 0.02211 0.0307703 0.0236804 0.0451273 0.0448447 0.0633992 0.0501008 0.0444056 0.0641193 0.0454808 0.0384578 0.0378546 0.0318588 0.0316012 0.0301546 0.0347906 0.0293044 0.0292271 0.0283351 0.029504 0.0286138 0.0277805 0.0244281 0.0303112 0.030859
threshold=22.500000000000004 1.6237716184615865 -0.3377120822216419 25.261304568791548 1.2739606500569873 0.34610395732928728 0.23773574804066808 0.12014477664097196 -2.9569685586107082 0.017891910289077804 -0.32496305614344606 -1.0533204945174195 -0.11821015579842896 -1.9465612615759109 0.29175046828219342 2.4895092230674094 1748.6072540834359 -0.094599031071195716 0.14837322372742787 0.11363064840458882 0.20174436612259541 0.1759300804378979 0.084779319013999765 -1.4559351943860686 -0.012118700744114195 9.0195307210414501 -0.40851306525359787 -0.05534748624556985 -1.1108139785578888 -0.049351463598913854
decision_type=2 2 2 2 2 2 2 2 2 2 2 2 2 2 2 2 2 2 2 2 2 2 2 2 2 2 2 2 2 2
left_child=-1 2 4 -4 -2 7 -7 12 -9 19 -11 -12 13 16 17 21 -5 -15 22 20 23 27 -19 24 -10 -25 -13 -14 -29 -30
right_child=1 -3 3 5 -6 6 -8 8 9 10 11 26 15 14 -16 -17 -18 18 -20 -21 -22 -23 -24 25 -26 -27 -28 28 29 -31
leaf_value=-0.0011749974795384334 -0.0030247046872973449 0.0010402418446392402 0.0019184454833157361 0.0038251286325976259 -0.0001069507487118244 8.7715684922466802e-05 0.0022570585785433648 0.0022005592007189991 -0.0042941970974206918 0.001839051362549071 0.0016446674661710857 -0.0021342425816692412 0.00032126650713118059 -0.00095972985494881865 -0.0020267654828993336 -0.002578294966369867 0.00049759697914123532 0.00013444222742691635 0.0021912576927041465 0.00047833803109824656 0.0014096964765340091 0.0011280720802024006 0.0016313542313873767 -0.00045160601347950951 -0.0010351416841149332 -0.001653219048579734 -0.00019765512179583305 0.00057655229945393163 -0.0016551028122417991 -0.00035149190623831762
leaf_weight=11.999999999999998 4.9999999999999982 22 5.9999999999999991 7.9999999999999982 5 17.000000000000004 8.9999999999999982 5.9999999999999991 5 15.999999999999998 7.9999999999999991 11.999999999999998 42 11.999999999999998 6.9999999999999991 5.9999999999999991 5 54 10.999999999999998 13.999999999999998 4.9999999999999991 14.999999999999998 14.999999999999998 42 4.9999999999999982 31 15.000000000000002 17 25.999999999999993 44.000000000000007
leaf_count=12 5 22 6 8 5 17 9 6 5 16 8 12 42 12 7 6 5 54 11 14 5 15 15 42 5 31 15 17 26 44
internal_value=-6.95242e-13 2.90721e-05 -1.89748e-05 1.5172e-05 -0.00156583 -1.03753e-05 0.000838642 -6.28086e-05 -0.000351629 -0.000451714 0.000274636 -0.000440526 0.000112468 0.000564455 0.000304343 -0.000225016 0.00254531 0.000481709 0.000697925 -0.000814889 -0.00102063 -0.000126963 0.000459858 -0.00116704 -0.00266467 -0.00096188 -0.00105836 -0.000272897 -0.000559735 -0.00083569
internal_weight=497 485 463 453 10 447 26 421 159 153 51 35 262 112 99 150 13 92 80 102 88 144 69 83 10 73 27 129 87 70
internal_count=497 485 463 453 10 447 26 421 159 153 51 35 262 112 99 150 13 92 80 102 88 144 69 83 10 73 27 129 87 70
is_linear=0
shrinkage=0.03


Tree=186
num_leaves=31
num_cat=0
split_feature=33 56 51 42 47 87 28 10 18 70 86 93 37 24 29 36 30 38 80 35 55 2 1 18 44 29 27 28 24 31
split_gain=0.0184595 0.0206611 0.0489756 0.0416385 0.0396651 0.0374371 0.0335275 0.0327956 0.0413987 0.0312292 0.0290983 0.0279594 0.0364696 0.0264053 0.0454664 0.0439436 0.0308247 0.026349 0.0257588 0.065006 0.0282353 0.0309646 0.0284995 0.0271081 0.0271055 0.0377634 0.0256446 0.0253569 0.0234929 0.0221885
threshold=3.3604089637785388 0.039205409339521151 0.015657803425797794 0.42231422693640658 -0.97815200473888464 113.74080882352943 0.082458398527528121 -0.51740544731435134 -0.26365035712177659 98.500000000000014 0.256731538256465 1560.0000000000002 1.1287718985434723 0.1094333671426342 -0.13178159638782783 2.5853180986843478 0.063219545467723459 -1.1720358373265376 48.821233502689289 -1.2423145073793405 -0.033155006496267035 -0.72450426494907927 2.7519602175250784 -0.2483356333436024 -0.23380333640999851 -0.050083534090872586 0.0840705148615387 -0.10273524435120036 -0.045276577160593183 0.028805200626674427
decision_type=2 2 2 2 2 2 2 2 2 2 2 2 2 2 2 2 2 2 2 2 2 2 2 2 2 2 2 2 2 2
left_child=1 9 4 7 -3 -5 11 8 -4 13 -7 -6 27 14 -1 16 26 -9 19 -16 24 -22 28 -21 25 -20 -15 -13 -23 -27
right_child=-2 2 3 5 6 10 -8 17 -10 -11 -12 12 -14 15 18 -17 -18 -19 20 23 21 22 -24 -25 -26 29 -28 -29 -30 -31
leaf_value=-0.0021026314795017241 -0.0016539354622364044 -0.00062808286971770798 0.001552189588546752 -0.0025824268818832922 0.0030465306683133049 -0.0010834367029435397 -0.0002969804177568717 0.0028340058177709578 -0.0013252655719406901 -0.0018619653380786377 0.0014136336650699376 0.0036111876815557529 -0.00061585481045767665 0.0016242164420766821 0.001491314647719264 -0.0022721397131681442 -0.0002719901820687069 0.00050583787275744333 -0.00039694810286164265 -0.0032029145583510397 -0.0010929069396262356 0.00070885791216750409 -0.0021632114779204128 -0.00098762510916928711 4.6089461024026747e-05 0.0025747785091932321 9.6295357681810858e-05 0.0012853619585641552 -0.00036760531589000785 0.00024661811976693567
leaf_weight=10.999999999999998 5.9999999999999991 12.999999999999998 6.0000000000000027 10.000000000000002 8.9999999999999982 14.000000000000002 10.999999999999998 4.9999999999999991 18 8.9999999999999982 5.9999999999999991 4.999999999999992 7.9999999999999991 29 8.9999999999999982 4.9999999999999991 22 35 9.0000000000000018 5.9999999999999991 31 36.999999999999993 4.9999999999999991 29 52 14.000000000000002 14.999999999999998 27.000000000000007 36.000000000000007 4.9999999999999991
leaf_count=11 6 13 6 10 9 14 11 5 18 9 6 5 8 29 9 5 22 35 9 6 31 37 5 29 52 14 15 27 36 5
internal_value=-8.19533e-13 2.0211e-05 0.000291275 -0.000161467 0.000874257 -0.00108369 0.00119976 0.000270824 -0.000605902 -0.000119504 -0.000334316 0.00153577 0.00119585 -6.97194e-05 -0.000217885 0.000439468 0.000644893 0.000796859 -0.000128905 -0.000782654 2.32904e-05 -0.000290846 2.79217e-05 -0.00136739 0.000451301 0.00120384 0.00110333 0.00164877 0.000177999 0.0019621
internal_weight=497 491 167 94 73 30 60 64 24 324 20 49 40 315 244 71 66 40 233 44 189 109 78 35 80 28 44 32 73 19
internal_count=497 491 167 94 73 30 60 64 24 324 20 49 40 315 244 71 66 40 233 44 189 109 78 35 80 28 44 32 73 19
is_linear=0
shrinkage=0.03


Tree=187
num_leaves=31
num_cat=0
split_feature=19 3 40 8 30 63 25 64 33 5 85 79 43 13 3 66 50 14 35 57 35 29 42 52 82 87 26 17 59 93
split_gain=0.0176105 0.0275147 0.0324856 0.0248087 0.043307 0.0294409 0.0522617 0.0301377 0.0359561 0.031404 0.0472043 0.0266198 0.0299009 0.0258073 0.0254737 0.0299429 0.0248908 0.0298899 0.0278515 0.0243954 0.035719 0.023757 0.0226562 0.0225828 0.0285215 0.0311046 0.0424069 0.032536 0.0288624 0.0314695
threshold=0.29348830195136139 -0.54644450076212026 -0.47534412859255321 -1.1885969326370061 0.11690172289616438 -0.15731906564720899 0.018869433954884669 8.5822808359345739 2.6565311201463548 1.9493046938761724 0.042084272950887687 37.562746571857907 1.3983385734750056 -0.41299941091143594 -1.8514506012235079 1.5500000000000003 -0.04175430795991298 0.4708855723521792 -0.39503140695495759 0.18938616040272357 -0.11687263706094229 -0.068193899023161239 0.64571523390009755 -0.14603164469953708 10.107235139304974 121.09375000000001 -0.035314801154884008 -0.28045671385393606 0.1016843407301086 103519.50000000001
decision_type=2 2 2 2 2 2 2 2 2 2 2 2 2 2 2 2 2 2 2 2 2 2 2 2 2 2 2 2 2 2
left_child=3 -2 -3 4 -1 6 13 9 11 14 -11 12 19 -5 -7 -16 17 -17 -18 23 -21 -20 -15 -9 25 28 -27 -28 29 -25
right_child=1 2 -4 5 -6 7 -8 8 -10 10 -12 -13 -14 22 15 16 18 -19 21 20 -22 -23 -24 24 -26 26 27 -29 -30 -31
leaf_value=-0.00031116262867884783 0.0019613518675323572 0.0019649247572358164 -0.00034726123488508162 9.3262793961912385e-05 -0.0031730961555149406 0.0022502152025699615 -0.0007964833004569465 -0.0012369963461471916 -0.0017539808157432291 0.0039454797171056275 -0.00017684531304985282 0.0010797599576679723 0.0016568178430731806 0.003373222288986046 -0.00063505811777968811 -0.00070329946356885605 -0.00019357407931238412 0.00092800725996494292 0.0029731012508273143 0.00028710888326168054 -0.0030328118428587917 0.00091075512864101187 0.00099329464137554169 0.00094009928112368912 0.00038802849924018192 0.00011203969781160016 -0.0038093227297067637 -0.0011954043586738406 -0.0013925048299133777 -0.00069812913709029086
leaf_weight=23.000000000000004 9.9999999999999982 6.9999999999999991 25 5.9999999999999991 5.9999999999999991 4.9999999999999991 10.999999999999998 19 13.999999999999998 4.9999999999999982 5 13.999999999999998 6.9999999999999991 9.0000000000000018 39 31 18 14.999999999999998 5.9999999999999956 5 6.9999999999999982 31.000000000000004 5.9999999999999991 31 59 22 4.9999999999999991 30 9.9999999999999982 15.999999999999998
leaf_count=23 10 7 25 6 6 5 11 19 14 5 5 14 7 9 39 31 18 15 6 5 7 31 6 31 59 22 5 30 10 16
internal_value=2.03785e-13 0.000587773 0.000158529 -5.4256e-05 -0.000903287 3.54192e-06 0.000878657 -6.75334e-05 -0.000278831 0.000258274 0.00188432 -0.000187044 -0.000271097 0.00175611 0.000146133 7.09874e-05 0.000343619 -0.000171352 0.000774322 -0.000337251 -0.00164951 0.00124519 0.00242125 -0.000255235 -0.000147412 -0.000424526 -0.000920068 -0.00156882 7.10169e-05 0.000382405
internal_weight=497 42 32 455 29 426 32 394 239 155 10 225 211 21 145 140 101 46 55 204 12 37 15 192 173 114 57 35 57 47
internal_count=497 42 32 455 29 426 32 394 239 155 10 225 211 21 145 140 101 46 55 204 12 37 15 192 173 114 57 35 57 47
is_linear=0
shrinkage=0.03


Tree=188
num_leaves=31
num_cat=0
split_feature=42 21 28 53 62 76 70 12 12 62 57 35 55 93 52 46 80 37 1 28 26 66 20 54 87 1 12 3 50 30
split_gain=0.0172051 0.0366948 0.037883 0.0322595 0.0315732 0.0292259 0.0255293 0.0233453 0.0285799 0.027694 0.0415542 0.0373057 0.0371499 0.0328894 0.0355595 0.0313813 0.0402567 0.0420321 0.0295756 0.0305201 0.0272521 0.0262439 0.0285283 0.0255891 0.0254591 0.0296861 0.0243412 0.0213089 0.0277152 0.0211008
threshold=0.99750533553749421 0.24302725109744885 1.0000000180025095e-35 0.034283213494365729 -0.22623668830237065 1.0000000180025095e-35 99.500000000000014 1.0824477756734574 0.98445339057351566 0.016769376584214447 -0.16018257581619985 -1.5491491583347143 -0.035429702275910156 24100.500000000004 -0.19748544945083762 1.2831831345677147 48.52672048939921 0.31204469357100345 -2.0005808716062998 -0.087043368182199946 0.01425571811691439 29.201127819548876 -0.14730145607022013 -0.10174047511304618 107.23039215686276 1.9011602851124125 0.60856567193577094 -0.13717090067506207 0.01780077492162278 -0.11679205052141227
decision_type=2 2 2 2 2 2 2 2 2 2 2 2 2 2 2 2 2 2 2 2 2 2 2 2 2 2 2 2 2 2
left_child=4 2 3 5 -1 -2 7 8 9 11 -11 12 -6 18 -15 16 -13 24 -12 -20 -14 22 -21 -9 -18 -26 -16 28 -19 -29
right_child=1 -3 -4 -5 6 -7 -8 23 -10 10 13 15 20 14 26 -17 17 27 19 21 -22 -23 -24 -25 25 -27 -28 29 -30 -31
leaf_value=0.0024391444176435472 3.7942730821669088e-05 0.0011306805277920581 -0.0017317027585919606 0.0012979639694094657 0.002128752451390028 -0.002207377310260199 -0.0015395672339946029 0.00059181984281167391 0.0017887863082190353 -0.0011438096873462201 0.002311937750200741 -0.0014731822367195552 0.0010261083386071464 -0.0018228458601515739 0.00050334625201610861 0.0010712081860177792 -0.0018642860278487204 -0.0010493756665919832 -0.0011798766052483448 -0.00093185647856444198 -0.00060762916482053693 0.0029943236857652663 0.0010061124669130336 -0.0020849246221284071 0.00018447542528198991 0.002579552449285984 -0.0011679563733438651 7.957976095245352e-05 0.0011163266717145839 -0.0017839104697108268
leaf_weight=4.9999999999999991 15.000000000000002 10.999999999999998 22 9.9999999999999982 10.999999999999998 7.9999999999999991 8.9999999999999982 4.9999999999999991 8.9999999999999982 14.999999999999998 11.999999999999998 29 17 7.9999999999999991 61 12.999999999999998 4.9999999999999991 13.000000000000002 6.9999999999999991 7.999999999999992 20 4.9999999999999991 47.000000000000007 8.9999999999999982 68 4.9999999999999991 8.9999999999999982 6.9999999999999991 8.9999999999999982 25
leaf_count=5 15 11 22 10 11 8 9 5 9 15 12 29 17 8 61 13 5 13 7 8 20 5 47 9 68 5 9 7 9 25
internal_value=1.53542e-12 -0.000451064 -0.000767413 -0.000124553 6.90724e-05 -0.000743038 4.12547e-05 7.53731e-05 0.00011721 7.90273e-05 0.000364772 -0.00014236 0.000598074 0.000508904 7.19198e-05 -0.000346618 -0.000461101 -0.00023875 0.000940357 0.0006947 0.000143007 0.000913401 0.000724226 -0.00112894 0.000206675 0.000348522 0.000288464 -0.000882142 -0.000163407 -0.00137627
internal_weight=497 66 55 33 431 23 426 417 403 394 172 222 48 157 78 174 161 132 79 67 37 60 55 14 78 73 70 54 22 32
internal_count=497 66 55 33 431 23 426 417 403 394 172 222 48 157 78 174 161 132 79 67 37 60 55 14 78 73 70 54 22 32
is_linear=0
shrinkage=0.03


Tree=189
num_leaves=31
num_cat=0
split_feature=37 56 51 75 0 41 85 70 48 39 24 29 36 30 80 35 11 38 66 28 52 53 6 56 38 85 24 19 44 34
split_gain=0.0169361 0.0213782 0.0388076 0.0347333 0.031347 0.0317575 0.0301494 0.0270613 0.0264053 0.0260099 0.0239702 0.0404716 0.0391662 0.0274764 0.0243622 0.0573564 0.0264096 0.0397449 0.0338072 0.0273065 0.0243857 0.0240197 0.0239228 0.0283101 0.023868 0.0236332 0.0232194 0.0231713 0.0228067 0.0236432
threshold=-2.3923954363356521 0.039205409339521151 0.011919923823088154 0.24695121951219515 -0.26118781007746861 -0.41393251842530171 0.055128514766693122 98.500000000000014 -0.34878495067121307 0.85209763313942044 0.1094333671426342 -0.13178159638782783 2.5853180986843478 0.063219545467723459 48.821233502689289 -1.2423145073793405 0.92251408611537633 -0.22001406910803231 33.227702530028118 -0.060866136743300915 -0.017140385932503114 0.088460006040026573 0.20343543628003799 0.14662015072279155 -1.9740264683039059 0.028386580757796768 -0.054105749512853955 -0.1493949618551273 -0.1785204844577816 0.76163593628538206
decision_type=2 2 2 2 2 2 2 2 2 2 2 2 2 2 2 2 2 2 2 2 2 2 2 2 2 2 2 2 2 2
left_child=-1 7 3 8 5 -4 -5 10 9 -3 11 -2 13 -12 15 -13 17 20 19 -19 -16 -17 23 -6 -7 -22 -10 -28 29 -21
right_child=1 2 4 6 22 24 -8 -9 26 -11 12 14 -14 -15 16 21 -18 18 -20 28 25 -23 -24 -25 -26 -27 27 -29 -30 -31
leaf_value=-0.0015842188335955141 -0.0019957943243736568 0.00084889636840671304 -0.0011624662174532809 -0.0019293752937976805 -0.00087915021527026384 -0.0011121366871520877 0.00096868637949228261 -0.0017447830519328514 0.0020342377518219028 0.0037786152772605417 0.0010354879843494432 0.0013957546930760145 -0.0021512441486120225 -0.00026299262302927669 -0.0010300049303332344 -0.0019417988469025917 -0.00088903414886444803 -7.3930517870134557e-05 -0.0018362958552315832 0.0023877551198443953 0.0018396103195846081 -0.00039890358952106904 -0.0016949013474264313 0.00094747235183604054 0.0011120887938886881 -0.00020722187515771523 -0.00086070201670130156 0.00088177802201745822 0.00054919005470925586 0.00048617243922005095
leaf_weight=5.9999999999999991 10.999999999999998 4.9999999999999982 8.9999999999999982 6.9999999999999982 21 4.9999999999999991 6 8.9999999999999982 10.999999999999998 6 44 8.9999999999999982 4.9999999999999991 22 30 21 25 27.999999999999993 4.9999999999999991 16.999999999999996 5.9999999999999991 15.999999999999998 13.999999999999998 11.999999999999998 33 33 8.9999999999999911 29.000000000000007 34.000000000000014 8.9999999999999982
leaf_count=6 11 5 9 7 21 5 6 9 11 6 44 9 5 22 30 21 25 28 5 17 6 16 14 12 33 33 9 29 34 9
internal_value=-1.10325e-12 1.93591e-05 0.000295087 0.000814035 -0.000107926 0.000439916 -0.000591808 -0.00012276 0.00111863 0.00244692 -7.64162e-05 -0.000217584 0.000408724 0.000602661 -0.000133634 -0.00075214 1.85115e-05 0.000158565 0.000563315 0.000699657 -0.000386968 -0.0012746 -0.000655768 -0.000214924 0.000819428 0.000107675 0.000820446 0.000469085 0.00106066 0.00172951
internal_weight=497 491 167 73 94 47 13 324 60 11 315 244 71 66 233 46 187 162 93 88 69 37 47 33 38 39 49 38 60 26
internal_count=497 491 167 73 94 47 13 324 60 11 315 244 71 66 233 46 187 162 93 88 69 37 47 33 38 39 49 38 60 26
is_linear=0
shrinkage=0.03


Tree=190
num_leaves=31
num_cat=0
split_feature=44 44 47 56 51 71 24 6 64 18 79 80 29 28 70 52 10 44 44 16 16 56 78 93 29 81 61 88 8 47
split_gain=0.0161553 0.0316634 0.0314948 0.0251213 0.0554031 0.0323875 0.0369531 0.0323334 0.0350955 0.0320908 0.0341422 0.0316324 0.0394023 0.034597 0.0283407 0.0278486 0.030482 0.0269444 0.0259544 0.0303104 0.0245672 0.0242464 0.0235666 0.0232177 0.021815 0.0208765 0.0208632 0.0208497 0.0202777 0.020128
threshold=0.93175848871665423 0.85388720718711064 -0.8188920825995516 0.0380300371415081 -0.021872513508723542 15.500000000000002 0.061515315816932932 0.65751251938134547 10.194555364117063 -0.12960666940852253 23.177973964102517 48.52672048939921 -0.13178159638782783 0.16458439914585393 26.500000000000004 -0.0076596724826640704 0.43070078941870366 -0.68576105245653241 -0.24528593281171507 1.0714615824133584 -0.46931331335490029 -0.028812106143958339 126.59468661350537 147141.00000000003 0.033706359740237418 61.447796469925478 -0.037478814848158876 1196.4505682923852 -0.32678162392294469 -0.67475046887686596
decision_type=2 2 2 2 2 2 2 2 2 2 2 2 2 2 2 2 2 2 2 2 2 2 2 2 2 2 2 2 2 2
left_child=1 3 24 5 7 6 11 22 -9 28 23 13 -13 -1 -8 21 -17 -7 19 20 -14 -16 29 27 -2 -12 -4 -11 -6 -5
right_child=2 -3 26 4 9 17 14 8 -10 10 25 12 18 -15 15 16 -18 -19 -20 -21 -22 -23 -24 -25 -26 -27 -28 -29 -30 -31
leaf_value=-0.0016415892949327823 -0.0033840173740172764 0.0018292892662187417 -0.0010135328164324164 -0.00040109479334205411 -0.00085742052844060314 -0.0032113251015543913 0.0024610091187059879 -0.0011537240305915474 0.0017485038214363157 -0.00029708172613754867 0.0014624089272692799 -0.0020303253953655562 7.1218367454341865e-06 0.001092081120237708 -0.00087004458612721896 0.00038091418705880643 0.0022934611312084596 -0.00066836168523877861 -0.00033832243304059373 -0.0017007682342082262 0.0013576495546537139 0.00079346187179908146 0.0029855393758043648 -0.0004398646339774132 -0.00058162635751068579 -0.0007759766094386578 0.00021167361469962066 -0.0026334943893280898 0.00094158859361476925 0.0015198766579851506
leaf_weight=25.000000000000004 4.9999999999999982 8.9999999999999982 18 5.9999999999999956 6.9999999999999991 5.0000000000000027 5.9999999999999991 9.9999999999999982 5.9999999999999991 4.9999999999999991 9.9999999999999982 8.9999999999999982 22 4.9999999999999991 23 30 9.9999999999999982 14.999999999999998 75 4.9999999999999991 27 11.999999999999998 7.9999999999999991 25 5 5.9999999999999991 41 10.999999999999998 29 27.000000000000004
leaf_count=25 5 9 18 6 7 5 6 10 6 5 10 9 22 5 23 30 10 15 75 5 27 12 8 25 5 6 41 11 29 27
internal_value=9.7369e-13 6.86757e-05 -0.000425988 3.08582e-05 0.000341934 -0.000142604 -4.93111e-05 0.00107839 -6.53886e-05 -0.000109442 -0.00055232 -0.000303078 -0.000111143 -0.00118598 0.00047702 0.000318301 0.000859051 -0.0013041 2.27534e-05 0.000524248 0.00075129 -0.0002997 0.00152474 -0.00101099 -0.00198282 0.000623014 -0.000162118 -0.00190337 0.000591781 0.00117061
internal_weight=497 428 69 419 150 269 249 57 16 93 57 168 138 30 81 75 40 20 129 54 49 35 41 41 10 16 59 16 36 33
internal_count=497 428 69 419 150 269 249 57 16 93 57 168 138 30 81 75 40 20 129 54 49 35 41 41 10 16 59 16 36 33
is_linear=0
shrinkage=0.03


Tree=191
num_leaves=31
num_cat=0
split_feature=9 79 79 51 30 66 70 0 12 61 63 63 42 82 66 93 14 8 39 57 23 8 51 79 84 49 30 66 63 39
split_gain=0.0157198 0.0174834 0.0464797 0.0336418 0.0308183 0.028285 0.0351761 0.0276988 0.0336502 0.0253781 0.0232849 0.0412954 0.0374509 0.0345124 0.0384828 0.0373286 0.0270905 0.0245198 0.025409 0.0243269 0.0374669 0.031035 0.0340376 0.0292531 0.0289631 0.026034 0.0234986 0.0231737 0.0221817 0.0210693
threshold=-1.7446951803337505 6.2808322563514851 4.3351239947450173 0.10234597785709787 0.071271502068496057 1.2500000000000002 99.500000000000014 2.342063362398747 0.22302275805421129 -0.093953295569218637 -0.033917463980981152 -0.041336524391725228 1.0658886677636774 17.61629654674071 18.982758620689658 9342.0000000000018 0.86801843411518653 -0.7042548672911938 -0.28098856986230852 -0.11231630489669069 -0.084963464336778025 0.91943956847296859 -0.22798041565055296 37.188277809913878 0.079922258853912367 0.1007937334484148 0.079586287503125977 9.5119047619047645 -0.10791743434556714 1.0843592091111232
decision_type=2 2 2 2 2 2 2 2 2 2 2 2 2 2 2 2 2 2 2 2 2 2 2 2 2 2 2 2 2 2
left_child=-1 2 3 -2 9 7 10 8 -3 -4 11 12 13 14 15 17 19 -7 -19 20 -12 22 -21 26 -25 -26 -24 -22 -9 -28
right_child=1 5 4 -5 -6 6 -8 28 -10 -11 16 -13 -14 -15 -16 -17 -18 18 -20 21 27 -23 23 24 25 -27 29 -29 -30 -31
leaf_value=-0.0011774201989173888 0.00024543989342279161 -0.0004427710800381327 0.0028224083706736526 -0.0020976139046251772 0.0035528372079133984 -4.2819762602448439e-05 -0.0024307785630226131 0.0021008766666054711 -0.0020893861926742827 0.00039103056591771102 0.0015684629371389737 -0.0026608608290553093 -0.001964628458954394 -0.0015381156278520144 -0.001213130423316865 0.00010519464381859969 0.001995852047111839 0.0012182114525542903 0.0037385778874158867 -0.00089567175068493393 -0.00050180452418923456 0.0017053593502246907 0.00050792519040252231 -0.00028178385458886606 0.0012452239038733145 0.0039451361596584316 -0.00062204200440917068 -0.0025360513265643798 -0.00020641918759793041 0.0011727853305637836
leaf_weight=9.9999999999999982 26 37 5.0000000000000062 6.9999999999999991 4.9999999999999991 6.0000000000000027 4.9999999999999991 5.0000000000000027 15.999999999999998 17 6.0000000000000027 5.9999999999999991 8.9999999999999982 10.999999999999998 13.999999999999998 59 7.9999999999999991 9 5.9999999999999973 21 18.000000000000004 13.999999999999998 91 6.0000000000000027 8.9999999999999982 4.9999999999999991 37 6.9999999999999991 14.999999999999998 6.9999999999999991
leaf_count=10 26 37 5 7 5 6 5 5 16 17 6 6 9 11 14 59 8 9 6 21 18 14 91 6 9 5 37 7 15 7
internal_value=3.32063e-12 2.4177e-05 0.000503698 -0.000251572 0.00142681 -4.3203e-05 6.76749e-05 -0.000580885 -0.000939862 0.000943616 0.000103469 -0.000235042 -0.000107367 5.1827e-05 0.000237884 0.000491812 0.000280855 0.00157802 0.00222636 0.000218774 -0.000560454 0.000345911 0.000237773 0.000391336 0.0014621 0.00220948 0.000232705 -0.00107139 0.000370405 -0.000336501
internal_weight=497 487 60 33 27 427 354 73 53 22 349 120 114 105 94 80 229 21 15 221 31 190 176 155 20 14 135 25 20 44
internal_count=497 487 60 33 27 427 354 73 53 22 349 120 114 105 94 80 229 21 15 221 31 190 176 155 20 14 135 25 20 44
is_linear=0
shrinkage=0.03


Tree=192
num_leaves=31
num_cat=0
split_feature=48 60 42 48 21 63 62 37 38 42 44 26 9 59 64 18 79 82 12 61 24 80 80 61 51 37 87 61 80 79
split_gain=0.0153907 0.0273178 0.0193529 0.0283577 0.0317203 0.0287581 0.0276224 0.0239615 0.0199421 0.0247152 0.0389902 0.0308986 0.0263021 0.023477 0.02256 0.0221152 0.0388202 0.0289349 0.0387935 0.0258745 0.028797 0.0459393 0.0350514 0.0253658 0.0308212 0.0244558 0.024032 0.0222554 0.0266395 0.020344
threshold=0.35403105345948999 0.060251391077574941 0.99750533553749421 -0.39246409723977849 0.088477857215648437 0.1021030437922904 -0.22623668830237065 -1.165791080242446 -1.5242030720213684 0.58641897802036247 -0.79127509056762302 -0.096203791330208857 1.1628153095836453 0.14502900642735636 5.3811837373268743 -0.076052416784726531 6.1953150783256774 11.116270979693654 -0.068335646889617394 -0.12939743239224236 0.29275561613135431 110.9822055754485 103.86627986148007 -0.064203521958148699 -0.041955579866693703 0.2253831812458659 129.46428571428575 0.017930052116721339 57.251477963226016 32.217290454428415
decision_type=2 2 2 2 2 2 2 2 2 2 2 2 2 2 2 2 2 2 2 2 2 2 2 2 2 2 2 2 2 2
left_child=2 -2 6 -4 7 -6 -1 -5 13 15 -11 -12 -13 14 -8 16 25 27 26 29 21 22 23 24 -21 -10 -19 -18 -29 -17
right_child=1 -3 3 4 5 -7 8 -9 9 10 11 12 -14 -15 -16 19 17 18 -20 20 -22 -23 -24 -25 -26 -27 -28 28 -30 -31
leaf_value=0.0022511302269995212 7.7329181796429952e-05 0.0021671258719288744 0.0016324275908991693 -0.0029950491245836022 0.00082334191014524531 -0.0017832075990736483 -0.002588829714804888 -0.00091825592494569716 0.00050979187432676539 -0.0012684520147740841 -0.00044016413543431551 0.0021574831531117004 -0.00026359232515096664 0.0012822097409516573 -0.00056172831773957505 -0.00069661229290068135 0.00014913193745693813 0.00051930433022789651 0.0015936898095450097 0.0021268094672511014 0.0017769737002838936 -0.0021566819977015257 0.0020167282636144334 -0.00033339409535983574 -0.00019562579807825387 0.0026653881433109441 -0.0011249567382037638 -0.0027451766934245806 -0.00051024866203079004 -0.0029062614664435386
leaf_weight=4.9999999999999991 19.000000000000004 7.9999999999999991 4.9999999999999991 5.9999999999999991 16.000000000000004 4.9999999999999991 5.9999999999999991 30 10.000000000000002 6.9999999999999991 7.9999999999999991 21.000000000000004 4.9999999999999991 4.9999999999999991 28 15.000000000000002 36 24 21 9.0000000000000018 6.9999999999999991 9.9999999999999982 6.9999999999999991 116 11.999999999999998 8.9999999999999982 11.999999999999998 6.0000000000000027 24 4.9999999999999991
leaf_count=5 19 8 5 6 16 5 6 30 10 7 8 21 5 5 28 15 36 24 21 9 7 10 7 116 12 9 12 6 24 5
internal_value=1.85691e-12 0.000696528 -4.00133e-05 -0.000533845 -0.000723869 0.000202735 3.50298e-05 -0.00126439 7.53472e-06 7.66121e-05 0.000770456 0.00119023 0.00169189 -0.000637188 -0.000919452 -1.1461e-05 0.000268799 7.38458e-05 0.00056897 -0.000231333 -0.000104912 -0.000190452 -5.39086e-05 -0.000159708 0.000799704 0.00153086 -2.87827e-05 -0.000353762 -0.000957234 -0.00124902
internal_weight=497 27 470 62 57 21 408 36 403 364 41 34 26 39 34 323 142 123 57 181 161 154 144 137 21 19 36 66 30 20
internal_count=497 27 470 62 57 21 408 36 403 364 41 34 26 39 34 323 142 123 57 181 161 154 144 137 21 19 36 66 30 20
is_linear=0
shrinkage=0.03


Tree=193
num_leaves=31
num_cat=0
split_feature=77 9 4 75 70 4 40 80 33 61 78 7 20 24 43 38 52 21 9 58 1 6 5 44 31 65 13 46 82 55
split_gain=0.0151426 0.0206095 0.0177711 0.0230018 0.0179076 0.0202156 0.0313508 0.0284215 0.023616 0.0227155 0.02127 0.0274055 0.0271487 0.0248706 0.0227035 0.0345486 0.0433243 0.0396925 0.0222255 0.030023 0.0221849 0.0217904 0.028913 0.0410457 0.0325228 0.0361714 0.0307116 0.021801 0.021272 0.0199225
threshold=3.5000000000000004 -1.7446951803337505 -1.6830421932498931 0.14160401002506268 99.500000000000014 -0.64470416756851201 -0.92045424390272979 74.335857421875019 3.3160216566128886 -0.19695005720036379 76.552930609139253 0.8874953804102339 0.15851507364016218 -0.13930526892932252 0.58504241125730239 1.2477147332081686 0.038620890974199393 0.028433660440563932 -0.79993367739075316 -1.0000000180025095e-35 -2.8246190658974895 -0.65919717990704896 0.34672837440788484 -0.4069177787275175 -0.11874426032829118 6.6152142286300668 -0.49984259023525118 0.15267502546747139 6.3260914685286673 0.046847487758430353
decision_type=2 2 2 2 2 2 2 2 2 2 2 2 2 2 2 2 2 2 2 2 2 2 2 2 2 2 2 2 2 2
left_child=1 -1 3 -3 5 6 -4 -8 9 -7 13 14 18 -11 20 16 17 -16 19 -13 -12 27 26 -24 -25 -26 28 -22 -23 -28
right_child=-2 2 4 -5 -6 8 7 -9 -10 10 11 12 -14 -15 15 -17 -18 -19 -20 -21 21 22 23 24 25 -27 29 -29 -30 -31
leaf_value=-0.0014391017643113932 0.0016426343210041521 0.0016613343078643083 -0.0017822472306971366 6.9662720515308046e-05 -0.0014476912180543876 -0.0017112639057449996 0.00022652733122231438 -0.0010123284464702009 -0.0017798193916678429 0.0011557026440277697 0.0016377705275081099 -6.4474543556571003e-05 0.0030276518091559412 -0.00098707364979558256 -0.00082832859808822025 0.0012744740629568696 0.00050272789289010692 -0.0034083481505513191 0.00011835710044302368 0.0029792494220393048 0.00025841358028735748 -0.0025544987758621559 -0.00089189545484259726 -0.00053873093042057008 0.0034951322206429052 0.0009894745002966374 0.00028454000718499485 0.0015271797230908351 -0.00047902926709502937 -0.00069266633974621075
leaf_weight=8.9999999999999982 4.9999999999999991 12.999999999999998 12.999999999999998 22 7.9999999999999991 5.9999999999999991 50 25 5.9999999999999991 5.9999999999999991 9.9999999999999982 5 4.9999999999999991 26 23.000000000000004 8.9999999999999982 15.999999999999998 6.9999999999999991 23 6.9999999999999982 34 8.0000000000000018 11.999999999999998 7.9999999999999991 7.0000000000000027 20 57 19 9.9999999999999982 28
leaf_count=9 5 13 13 22 8 6 50 25 6 6 10 5 5 26 23 9 16 7 23 7 34 8 12 8 7 20 57 19 10 28
internal_value=4.96463e-12 -1.66934e-05 9.81107e-06 0.000660855 -4.10517e-05 -1.54765e-05 -0.000422171 -0.000186425 8.61972e-05 0.000118556 0.000150847 0.00022733 0.000959821 -0.000585303 0.000118003 -0.000425383 -0.000757964 -0.00143033 0.000664417 0.00171103 0.000258314 0.00019036 5.60442e-06 0.000622188 0.0011413 0.00163909 -0.000275749 0.000713254 -0.00140146 -3.73633e-05
internal_weight=497 492 483 35 448 440 88 75 352 346 340 308 40 32 268 55 46 30 35 12 213 203 150 47 35 27 103 53 18 85
internal_count=497 492 483 35 448 440 88 75 352 346 340 308 40 32 268 55 46 30 35 12 213 203 150 47 35 27 103 53 18 85
is_linear=0
shrinkage=0.03


Tree=194
num_leaves=31
num_cat=0
split_feature=37 56 51 80 56 85 2 70 0 55 38 24 29 36 30 80 35 11 38 66 44 93 30 26 30 8 18 48 19 78
split_gain=0.0143596 0.0175699 0.0321363 0.0341801 0.0282667 0.0334116 0.0290226 0.0217086 0.0214572 0.0261071 0.0251403 0.0203197 0.0333711 0.0319013 0.0229913 0.0228424 0.049103 0.0248652 0.0282403 0.0289673 0.0214907 0.0238598 0.0214094 0.0211239 0.0210673 0.0196593 0.0180639 0.01805 0.017985 0.0173391
threshold=-2.3923954363356521 0.039205409339521151 -0.038905686749622949 110.9822055754485 0.04465072904842525 0.0711781680583954 1.4751520148586661 98.500000000000014 -0.26118781007746861 -0.075281509829770582 -1.9740264683039059 0.1094333671426342 -0.11556450255420132 2.5853180986843478 0.063219545467723459 48.821233502689289 -1.2423145073793405 0.92251408611537633 -0.32763469719987731 33.227702530028118 -0.26923240717929692 146059.50000000003 -0.17444729391685729 0.040011232093216706 0.016107426724660173 0.91943956847296859 -0.2483356333436024 0.022303628880425311 -0.011881020980854492 116.11586916473767
decision_type=2 2 2 2 2 2 2 2 2 2 2 2 2 2 2 2 2 2 2 2 2 2 2 2 2 2 2 2 2 2
left_child=-1 7 4 8 -3 6 -6 11 10 -10 -4 12 24 14 23 16 -14 18 25 20 21 -20 -18 -13 -2 -17 -24 -25 -12 -11
right_child=1 2 3 -5 5 -7 -8 -9 9 29 28 13 15 -15 -16 17 22 -19 19 -21 -22 -23 26 27 -26 -27 -28 -29 -30 -31
leaf_value=-0.0014587471075356005 -0.0026124737178906798 0.0029614943638443946 -0.001120268516242504 -0.0024797081239521504 -0.00019130675178686423 0.0016896542813628912 0.0020669412286952139 -0.0015637895286393661 0.00087293773074634371 -0.00036189059598837049 0.0016471892837435006 0.00045123083650001455 0.0012698976214354236 -0.0019332129880785941 -0.00023965888572010128 -0.00051901796116616639 0.00042832348495721814 -0.00085772448743227871 0.0016160918420387643 -0.0017450009062886238 0.00025714998790090992 -0.00024926618440076706 -0.003180839415639639 0.0011383465821431442 -0.00043528748326934871 0.0014488519029691815 -0.0012055405304767189 0.0033122385442256926 0.00032297746132826433 -0.001804352500475943
leaf_weight=5.9999999999999991 7.9999999999999991 4.9999999999999991 6.9999999999999991 4.9999999999999991 35 18 5.9999999999999991 8.9999999999999982 11.999999999999998 30 14.999999999999998 28 8.9999999999999982 4.9999999999999991 22 53 5.9999999999999991 24 26.999999999999993 4.9999999999999991 61.000000000000007 7.9999999999999991 4.9999999999999991 10.999999999999998 7.9999999999999991 4.9999999999999991 25.000000000000004 4.9999999999999991 24 9.9999999999999982
leaf_count=6 8 5 7 5 35 18 6 9 12 30 15 28 9 5 22 53 6 24 27 5 61 8 5 11 8 5 25 5 24 10
internal_value=4.14142e-12 1.78258e-05 0.000267791 -6.02535e-05 0.000795737 0.000612198 0.000139169 -0.000111014 6.3188e-05 -0.000354327 0.000535161 -6.95062e-05 -0.000199481 0.000377168 0.000552197 -0.000106541 -0.000712082 4.23629e-05 0.000178225 0.000481203 0.000597151 0.00118972 -0.00120758 0.000948124 -0.00152388 -0.000349374 -0.00153476 0.00181769 0.00083229 -0.000722506
internal_weight=497 491 167 103 64 59 41 324 98 52 46 315 244 71 66 228 45 183 159 101 96 35 36 44 16 58 30 16 39 40
internal_count=497 491 167 103 64 59 41 324 98 52 46 315 244 71 66 228 45 183 159 101 96 35 36 44 16 58 30 16 39 40
is_linear=0
shrinkage=0.03


Tree=195
num_leaves=31
num_cat=0
split_feature=48 60 42 28 62 48 3 23 30 80 80 18 14 58 11 34 54 44 28 52 21 47 54 41 28 24 8 86 5 78
split_gain=0.0143257 0.0247947 0.0172888 0.0257911 0.0253534 0.0221329 0.0218408 0.0212784 0.0250155 0.0181065 0.0221165 0.0375247 0.0290321 0.0356883 0.032244 0.0358942 0.0297906 0.0276672 0.0276132 0.0253109 0.0221199 0.0227343 0.0219055 0.0210835 0.0202439 0.022465 0.0219267 0.0175273 0.0167212 0.0161426
threshold=0.35403105345948999 0.060251391077574941 0.99750533553749421 0.028764598633474876 -0.22623668830237065 -0.38587508381896501 1.1164470453553643 0.0815899687908299 -0.14994171259244465 25.261304568791548 48.821233502689289 -0.18629872250910745 0.10698565478732334 -0.16091656606968061 -0.11821015579842896 -1.9465612615759109 0.020746837219662698 0.10378252060512615 0.10377988241972408 -0.16827537939338272 -0.14961965291951282 0.21440711271176832 0.1759300804378979 1.0309657833406527 -0.094599031071195716 0.057338159057070882 -1.0091823997192371 0.30069320663889848 0.51016222358598184 127.53608786450296
decision_type=2 2 2 2 2 2 2 2 2 2 2 2 2 2 2 2 2 2 2 2 2 2 2 2 2 2 2 2 2 2
left_child=2 -2 4 5 -1 -4 -5 8 -7 -6 11 -11 14 -14 15 16 -12 20 27 -19 -15 -22 23 -16 -17 26 -26 29 -10 -13
right_child=1 -3 3 6 9 7 -8 -9 28 10 12 18 13 17 22 24 -18 19 -20 -21 21 -23 -24 -25 25 -27 -28 -29 -30 -31
leaf_value=0.0021554565802216529 8.2086529460196416e-05 0.0020730366295902058 0.0017777129709720611 -0.0020337003722254712 0.001641689594835043 0.0017079482553526758 0.00027614767011255022 -0.0019849699456244707 0.0003197338523414845 -0.0023277400558193522 0.0031229168921709056 -0.00066879419260658325 0.0016221051299362443 -0.0023180259134096557 -0.00037362030568816647 -0.00069009940023533999 0.00023477260116487738 -0.0010043549176771195 0.00096936372968439862 0.00063388437931907586 -0.0014807695314582241 -0.00020981259356056781 0.00098902872283360924 0.00084026927454397082 -0.0014211428351700306 0.001414284922749452 0.00051481622187143222 -0.0019844280449407442 -0.0012018592958338559 0.0009478553464370114
leaf_weight=4.9999999999999991 19.000000000000004 7.9999999999999991 4.9999999999999991 14.000000000000002 5.9999999999999991 5.9999999999999991 4.9999999999999991 5.9999999999999991 13.000000000000002 8.9999999999999982 8.9999999999999982 27 7.9999999999999991 7.9999999999999991 91 11.999999999999998 4.9999999999999991 11.999999999999998 12.999999999999998 29 19 38 15.999999999999998 14.999999999999998 5.9999999999999991 23 43 6.9999999999999991 12.999999999999998 6.9999999999999991
leaf_count=5 19 8 5 14 6 6 5 6 13 9 9 27 8 8 91 12 5 12 13 29 19 38 16 15 6 23 43 7 13 7
internal_value=-1.0747e-12 0.000671998 -3.86041e-05 -0.000505359 3.23243e-05 -9.86325e-05 -0.00142585 -0.00034552 -3.81232e-05 5.98274e-06 -1.87383e-05 -0.000534308 7.85098e-05 -0.000310039 0.000279849 0.000685079 0.00209144 -0.000455861 -0.000235402 0.0001544 -0.000840795 -0.000633465 -4.56635e-05 -0.000201843 0.000450686 0.000640817 0.00027776 -0.000617401 -0.000441063 -0.000335955
internal_weight=497 27 470 62 408 43 19 38 32 403 397 63 334 114 220 98 14 106 54 41 65 57 122 106 84 72 49 41 26 34
internal_count=497 27 470 62 408 43 19 38 32 403 397 63 334 114 220 98 14 106 54 41 65 57 122 106 84 72 49 41 26 34
is_linear=0
shrinkage=0.03


Tree=196
num_leaves=31
num_cat=0
split_feature=77 9 4 75 4 40 80 70 42 42 8 80 79 12 49 80 20 21 58 44 18 17 55 93 15 62 39 63 47 26
split_gain=0.0136066 0.0182942 0.0162373 0.0207119 0.0161858 0.0286293 0.0247485 0.0207513 0.021536 0.0425471 0.0376831 0.0330523 0.031168 0.0306423 0.0283157 0.0272613 0.0361141 0.025345 0.0215913 0.0308608 0.0203182 0.0184807 0.018005 0.0179368 0.0176234 0.0222654 0.0212311 0.0223552 0.0225182 0.0210954
threshold=3.5000000000000004 -1.7446951803337505 -1.6830421932498931 0.14160401002506268 -0.64470416756851201 -0.92045424390272979 74.335857421875019 98.500000000000014 0.99750533553749421 0.58641897802036247 -0.7042548672911938 49.315807023384131 23.177973964102517 1.1472232819848018 0.30765978528004295 103.86627986148007 0.16677780430309594 0.012682687508447083 -0.14708872505509837 -0.02888355399627299 -0.14324661504579686 -0.089475605655050458 0.0077841701812772978 164547.50000000003 0.24430756709354925 -0.10635024728396152 1.2754019446569456 0.044648357400519083 -0.61299348234359397 -0.032687156021618417
decision_type=2 2 2 2 2 2 2 2 2 2 2 2 2 2 2 2 2 2 2 2 2 2 2 2 2 2 2 2 2 2
left_child=1 -1 3 -3 5 -4 23 8 9 11 -10 14 21 15 20 18 22 -12 19 -13 -6 -11 -17 -7 26 -26 27 28 -20 -29
right_child=-2 2 4 -5 7 6 -8 -9 10 12 17 13 -14 -15 -16 16 -18 -19 24 -21 -22 -23 -24 -25 25 -27 -28 29 -30 -31
leaf_value=-0.0013559573454161485 0.0015570984520018099 0.0015808338478494148 -0.00170389390263993 7.0468058058230034e-05 -0.0024275151480521477 0.00063259420800022782 -0.00094959965106099849 -0.0012978113411736558 -0.0027260288875550027 0.003409337192773814 -0.00095731348323170097 0.0021603798561475487 -0.00037809842149727046 -0.0019079525023698806 0.0014345124699175359 0.001663758122761333 0.0032518419995903971 0.00051827783019027919 -0.0020841914825141445 -0.0001423246470512822 -0.00064319798759242979 0.0013476507772672145 -0.00036489308811724189 -0.00055117571299585202 0.0015784104820340871 0.00017021702707097574 0.00083144231652840966 0.0011958840279839933 -0.00048848071350501127 -0.00032476840097492987
leaf_weight=8.9999999999999982 4.9999999999999991 12.999999999999998 12.999999999999998 22 6.9999999999999991 32 25 9.9999999999999982 5.9999999999999991 5.0000000000000062 20 11.000000000000002 7.9999999999999991 5.9999999999999991 4.9999999999999991 7.0000000000000062 5.9999999999999991 22 9.9999999999999911 9.9999999999999982 32 18 8.9999999999999982 18 11.999999999999998 64 14.999999999999998 11.999999999999998 39.000000000000007 26
leaf_count=9 5 13 13 22 7 32 25 10 6 5 20 11 8 6 5 7 6 22 10 10 32 18 9 18 12 64 15 12 39 26
internal_value=-4.14993e-12 -1.58242e-05 9.14725e-06 0.000631461 -3.9471e-05 -0.00040419 -0.000178909 4.96826e-05 8.81825e-05 0.000182001 -0.00050209 6.15667e-05 0.00123483 0.000207432 -0.000690963 0.000264863 0.00126697 -0.000184385 0.000154077 0.00106385 -0.00096346 0.00179584 0.000522642 0.000206437 4.67439e-05 0.000392563 -0.000210925 -0.000390644 -0.000814136 0.000155438
internal_weight=497 492 483 35 448 88 75 360 350 302 48 271 31 227 44 221 22 42 199 21 39 23 16 50 178 76 102 87 49 38
internal_count=497 492 483 35 448 88 75 360 350 302 48 271 31 227 44 221 22 42 199 21 39 23 16 50 178 76 102 87 49 38
is_linear=0
shrinkage=0.03


Tree=197
num_leaves=31
num_cat=0
split_feature=48 60 44 42 44 38 39 14 64 5 55 5 11 24 63 59 87 33 44 62 65 4 55 64 81 14 57 58 15 2
split_gain=0.0133519 0.0227759 0.0158869 0.0350874 0.0266055 0.0227568 0.0266038 0.0219345 0.0393273 0.0290623 0.0218867 0.0259641 0.0216997 0.0216613 0.0241109 0.0301356 0.0267344 0.0281206 0.0242361 0.0266533 0.0229326 0.022007 0.021733 0.0257869 0.0243472 0.0203725 0.0256389 0.018708 0.0173292 0.0168351
threshold=0.35403105345948999 0.060251391077574941 0.93175848871665423 1.385473812061407 0.85388720718711064 -0.17151353554918289 1.0777768827841976 0.080087712814265424 5.1281800273951008 2.0513315475996223 0.082587413261183837 0.26720665617467759 -0.12545245446664197 0.27240901028805337 -0.15731906564720899 0.14003013070032669 121.09375000000001 2.247064138155312 -0.84518773846977402 0.1363164797759894 11.648198604583742 1.0135705387046088 0.0021929808158951667 12.589695545255138 66.349325352864938 0.37185779077747277 0.08347942606657939 0.017510996284198312 0.31808407013988699 -0.57275513568273173
decision_type=2 2 2 2 2 2 2 2 2 2 2 2 2 2 2 2 2 2 2 2 2 2 2 2 2 2 2 2 2 2
left_child=2 -2 4 10 5 6 7 8 -1 12 -4 -12 28 14 20 16 17 18 -16 21 -7 -20 23 24 -18 -9 27 -27 -10 -24
right_child=1 -3 3 -5 -6 13 -8 25 9 -11 11 -13 -14 -15 15 -17 22 -19 19 -21 -22 -23 29 -25 -26 26 -28 -29 -30 -31
leaf_value=-0.0019446000705162683 8.3368832527316703e-05 0.0019915478106122464 0.00020316564263981384 -0.0028968202024698257 0.001643162810554107 0.00047436465276405203 0.00059790247055287985 -0.0015234561879697139 0.00022760314534285233 0.0023671606164425607 -0.0022498606160903959 -0.00015369045028749566 -0.0004912305243487936 0.0017237574141472577 -0.00060941954026930026 -0.0015724153839983045 0.0008481185330839996 -0.0012204456282779573 0.0013339792606187984 -0.0010701613128185272 0.0026688674464821816 8.4497635064454855e-05 -0.001463868813298177 -0.0015841074753552675 -0.0012294005742296576 -0.00097191946142209835 -0.001864961270863811 0.00046352400163992896 0.002055731415748596 -0.00028918747869985444
leaf_weight=8.9999999999999982 19.000000000000004 7.9999999999999991 34 4.9999999999999991 8.9999999999999982 15.000000000000002 27 24 21.000000000000004 4.9999999999999991 9.0000000000000018 12.999999999999998 36 7.9999999999999991 11.999999999999998 9.9999999999999982 33 7.9999999999999991 50 5.9999999999999991 5.9999999999999991 17 15.999999999999998 5.9999999999999991 5.9999999999999991 12.999999999999998 8.9999999999999982 22 5.9999999999999991 35
leaf_count=9 19 8 34 5 9 15 27 24 21 5 9 13 36 8 12 10 33 8 50 6 6 17 16 6 6 13 9 22 6 35
internal_value=1.72866e-12 0.000648755 -3.72689e-05 -0.000488905 3.009e-05 -6.20416e-06 -0.00026673 -0.00042773 -8.0985e-05 0.00016567 -0.000273912 -0.00101121 -9.0515e-06 0.000190333 0.000134572 3.25483e-05 0.000117467 0.000479977 0.000640017 0.000845403 0.00110137 0.00101695 -0.000233715 0.000246819 0.0005285 -0.000820368 -0.000436865 -6.96407e-05 0.000633854 -0.000657715
internal_weight=497 27 470 61 409 400 172 145 77 68 56 22 63 228 220 199 189 93 85 73 21 67 96 45 39 68 44 35 27 51
internal_count=497 27 470 61 409 400 172 145 77 68 56 22 63 228 220 199 189 93 85 73 21 67 96 45 39 68 44 35 27 51
is_linear=0
shrinkage=0.03


Tree=198
num_leaves=31
num_cat=0
split_feature=37 56 51 80 75 48 6 85 7 22 70 64 52 66 45 12 38 54 66 30 61 45 63 75 29 22 59 19 7 37
split_gain=0.012869 0.0157469 0.028318 0.0294278 0.025278 0.0253371 0.0240751 0.024002 0.0190742 0.0205415 0.0188565 0.0176412 0.0175264 0.0256302 0.0387364 0.0297586 0.0208704 0.0205405 0.0206041 0.0214703 0.0209523 0.0209138 0.0191233 0.0187015 0.0177214 0.0192403 0.0202736 0.017147 0.0151404 0.0142579
threshold=-2.3923954363356521 0.039205409339521151 -0.038905686749622949 110.9822055754485 0.24695121951219515 -0.34878495067121307 0.85427314131849708 0.055128514766693122 -1.1187419609508884 0.19782232802059374 98.500000000000014 9.0195307210414501 -0.02013455880490999 2.8285714285714287 -0.75511020374560944 -0.906951683465544 -0.79819939284852415 0.24773804569513599 12.522686025408349 -0.1586555007295111 -0.065917923740280285 0.57436955479185137 0.17541653722153147 0.025645240835114259 -0.13178159638782783 -0.10471348104043168 -0.059608197984559616 0.08508813808429061 1.606735972173037 -1.0000000180025095e-35
decision_type=2 2 2 2 2 2 2 2 2 2 2 2 2 2 2 2 2 2 2 2 2 2 2 2 2 2 2 2 2 2
left_child=-1 10 4 8 5 -3 -7 -6 -4 -10 12 -11 13 22 27 -16 -17 18 19 29 21 -21 -2 -20 -18 -26 -27 -15 -22 -14
right_child=1 2 3 -5 7 6 -8 -9 9 11 -12 -13 17 14 15 16 24 -19 23 20 28 -23 -24 -25 25 26 -28 -29 -30 -31
leaf_value=-0.0013809560053050518 -0.00071980847158556569 0.0024829933869962889 -0.00088737981233862225 -0.0022993877716362475 -0.0018337082117795946 0.0010184152357632648 -0.001030211141332984 0.00084968670271337013 0.00045109440926867334 0.00034475636668503286 -0.0014590814060647971 -0.0018720710876264739 0.00046101509418804197 0.0026937184482812887 0.0019895462673157451 -0.0014110936075448989 -0.0019170185644179583 0.0018654357641935348 -0.0017339461320079862 0.00033341595985214491 -0.0002072528635428878 0.0022817773551547104 -0.0027148139476776121 -0.00016191861941479145 0.00072199404862476535 0.00052221717109205215 -0.00075587861705571379 0.00031495305430144065 0.0013545711198821664 0.0023149783430354933
leaf_weight=5.9999999999999991 32 8.9999999999999982 15.999999999999998 4.9999999999999991 5.9999999999999982 37 5.9999999999999991 6 69 5.9999999999999982 8.9999999999999982 7 7.9999999999999991 5.9999999999999982 4.9999999999999991 14.999999999999998 4.9999999999999991 5.9999999999999991 8.9999999999999982 17.000000000000004 81 6.9999999999999991 4.9999999999999991 28 19.999999999999993 15.999999999999991 37.000000000000014 5 5.9999999999999991 6.9999999999999991
leaf_count=6 32 9 16 5 6 37 6 6 69 6 9 7 8 6 5 15 5 6 9 17 81 7 5 28 20 16 37 5 6 7
internal_value=-4.33662e-13 1.68752e-05 0.000253518 -5.4422e-05 0.000749108 0.00103552 0.00073256 -0.000492011 6.01171e-05 0.000244995 -0.000105098 -0.00084892 -6.64126e-05 -0.00030717 -7.55857e-05 -0.00026506 -0.000386276 0.000141579 7.81239e-05 0.0002609 0.000116941 0.000901688 -0.000989404 -0.000544304 -0.000189195 -7.08514e-05 -0.000370038 0.00161246 -9.95409e-05 0.0013262
internal_weight=497 491 167 103 64 52 43 12 98 82 324 13 315 146 109 98 93 169 163 126 111 24 37 37 78 73 53 11 87 15
internal_count=497 491 167 103 64 52 43 12 98 82 324 13 315 146 109 98 93 169 163 126 111 24 37 37 78 73 53 11 87 15
is_linear=0
shrinkage=0.03


Tree=199
num_leaves=31
num_cat=0
split_feature=48 53 44 42 44 38 39 15 11 64 24 58 62 62 42 61 14 64 88 11 55 5 60 11 30 23 11 49 41 61
split_gain=0.0124561 0.0214843 0.0145835 0.0319776 0.024315 0.0207859 0.024908 0.0203274 0.027729 0.0319911 0.0243396 0.0209947 0.0207964 0.0248414 0.0255214 0.0204084 0.0202404 0.0366118 0.0273722 0.0225411 0.0194295 0.0236834 0.0189213 0.0189118 0.0218354 0.018997 0.0187988 0.0232633 0.0208825 0.0186467
threshold=0.35403105345948999 1.0000000180025095e-35 0.93175848871665423 1.385473812061407 0.85388720718711064 -0.17151353554918289 1.0777768827841976 0.75081475940527265 -0.88309208781397153 13.458300812202589 -0.049292104397349247 0.076951881514439158 0.044415535612195793 -0.057608354456471701 0.26590325671174359 -0.051534210888769506 0.080087712814265424 5.1281800273951008 885.1320432273227 -0.12545245446664197 0.082587413261183837 0.20464789417089649 0.03294459562652869 -0.1737558975098695 0.035629750637390906 -0.073905983382948737 0.29734200601479516 -0.13466096152254994 0.91428083794377524 0.10443520747620705
decision_type=2 2 2 2 2 2 2 2 2 2 2 2 2 2 2 2 2 2 2 2 2 2 2 2 2 2 2 2 2 2
left_child=2 -2 4 20 5 6 16 8 -7 11 -11 12 13 29 -15 -9 17 -1 -19 -20 -4 -22 -16 24 -14 -25 27 -18 -29 -10
right_child=1 -3 3 -5 -6 7 -8 15 9 10 -12 -13 23 14 22 -17 26 18 19 -21 21 -23 -24 25 -26 -27 -28 28 -30 -31
leaf_value=-0.0018759689480066298 0.002057044231998068 0.00012596672598738222 0.00018603445320503154 -0.0027674397546797991 0.0015706131421029568 0.0018234520847909151 0.0005814748540675888 0.00077685533457302587 0.0004724812293716242 -0.0026221009530127044 -9.4424578710459181e-05 -0.00029347960167797283 0.0035523930564522752 -0.00070409872569143761 0.00014420362405265523 -0.0011180475324784453 0.00011623216623609716 0.0022966623790562153 0.00060501646073856232 -0.00053350270280669277 -0.0025655208714306338 -0.00035538352283765563 0.0022303259074687954 0.0015307902112337093 0.00086805501021444784 0.00011714774755422364 1.2936997809447348e-05 -0.0017549233269528485 0.00017372696194797754 0.0021215124847367406
leaf_weight=8.9999999999999982 7.0000000000000027 20 34 4.9999999999999991 8.9999999999999982 9.9999999999999982 27 7.0000000000000027 26.999999999999993 6 7.9999999999999982 40 4.9999999999999982 33.000000000000007 18.000000000000004 19 10.999999999999998 4.9999999999999991 29 34 6.0000000000000027 15.999999999999998 4.9999999999999991 13.999999999999998 6 22 19 32 5.9999999999999991 7.9999999999999991
leaf_count=9 7 20 34 5 9 10 27 7 27 6 8 40 5 33 18 19 11 5 29 34 6 16 5 14 6 22 19 32 6 8
internal_value=1.50467e-12 0.000626616 -3.59971e-05 -0.00046871 2.85395e-05 -6.15718e-06 -0.000255146 0.000181676 0.000283302 0.000203086 -0.00117771 0.000311689 0.0004871 0.00022243 -0.000169428 -0.000607881 -0.00041093 -7.78445e-05 0.000160143 -9.42245e-06 -0.000263466 -0.000958148 0.000597708 0.000999545 0.00208821 0.000666898 -0.0007881 -0.00109871 -0.0014504 0.000849403
internal_weight=497 27 470 61 409 400 172 228 202 192 14 178 138 91 56 26 145 77 68 63 56 22 23 47 11 36 68 49 38 35
internal_count=497 27 470 61 409 400 172 228 202 192 14 178 138 91 56 26 145 77 68 63 56 22 23 47 11 36 68 49 38 35
is_linear=0
shrinkage=0.03


end of trees

feature_importances:
Column_93=203
Column_48=165
Column_8=141
Column_62=129
Column_51=128
Column_56=124
Column_15=114
Column_39=109
Column_55=105
Column_7=95
Column_17=95
Column_42=94
Column_63=94
Column_49=93
Column_45=92
Column_68=92
Column_80=92
Column_30=91
Column_47=89
Column_66=89
Column_14=86
Column_43=84
Column_54=84
Column_11=82
Column_81=81
Column_84=80
Column_79=79
Column_3=77
Column_70=75
Column_20=74
Column_1=73
Column_22=73
Column_33=73
Column_37=72
Column_50=72
Column_35=70
Column_57=70
Column_36=69
Column_52=69
Column_12=68
Column_53=67
Column_44=66
Column_34=65
Column_58=65
Column_85=65
Column_5=64
Column_6=64
Column_28=64
Column_60=64
Column_61=61
Column_88=61
Column_78=60
Column_2=59
Column_16=59
Column_29=59
Column_46=59
Column_65=59
Column_64=57
Column_9=56
Column_75=56
Column_24=55
Column_38=54
Column_23=52
Column_19=50
Column_4=49
Column_10=46
Column_32=46
Column_13=44
Column_27=43
Column_59=43
Column_31=42
Column_89=42
Column_0=41
Column_25=41
Column_86=41
Column_82=39
Column_26=38
Column_18=37
Column_41=36
Column_40=34
Column_21=30
Column_87=29
Column_67=25
Column_77=24
Column_71=23
Column_73=7
Column_76=7
Column_72=2
Column_90=2
Column_91=2
Column_74=1

parameters:
[boosting: gbdt]
[objective: regression]
[metric: l2]
[tree_learner: serial]
[device_type: cpu]
[data_sample_strategy: bagging]
[data: ]
[valid: ]
[num_iterations: 200]
[learning_rate: 0.03]
[num_leaves: 31]
[num_threads: 0]
[seed: 0]
[deterministic: 0]
[force_col_wise: 0]
[force_row_wise: 0]
[histogram_pool_size: -1]
[max_depth: -1]
[min_data_in_leaf: 5]
[min_sum_hessian_in_leaf: 0.001]
[bagging_fraction: 1]
[pos_bagging_fraction: 1]
[neg_bagging_fraction: 1]
[bagging_freq: 0]
[bagging_seed: 3]
[bagging_by_query: 0]
[feature_fraction: 1]
[feature_fraction_bynode: 1]
[feature_fraction_seed: 2]
[extra_trees: 0]
[extra_seed: 6]
[early_stopping_round: 0]
[early_stopping_min_delta: 0]
[first_metric_only: 0]
[max_delta_step: 0]
[lambda_l1: 0]
[lambda_l2: 0]
[linear_lambda: 0]
[min_gain_to_split: 0]
[drop_rate: 0.1]
[max_drop: 50]
[skip_drop: 0.5]
[xgboost_dart_mode: 0]
[uniform_drop: 0]
[drop_seed: 4]
[top_rate: 0.2]
[other_rate: 0.1]
[min_data_per_group: 100]
[max_cat_threshold: 32]
[cat_l2: 10]
[cat_smooth: 10]
[max_cat_to_onehot: 4]
[top_k: 20]
[monotone_constraints: ]
[monotone_constraints_method: basic]
[monotone_penalty: 0]
[feature_contri: ]
[forcedsplits_filename: ]
[refit_decay_rate: 0.9]
[cegb_tradeoff: 1]
[cegb_penalty_split: 0]
[cegb_penalty_feature_lazy: ]
[cegb_penalty_feature_coupled: ]
[path_smooth: 0]
[interaction_constraints: ]
[verbosity: -1]
[saved_feature_importance_type: 0]
[use_quantized_grad: 0]
[num_grad_quant_bins: 4]
[quant_train_renew_leaf: 0]
[stochastic_rounding: 1]
[linear_tree: 0]
[max_bin: 255]
[max_bin_by_feature: ]
[min_data_in_bin: 3]
[bin_construct_sample_cnt: 200000]
[data_random_seed: 1]
[is_enable_sparse: 1]
[enable_bundle: 1]
[use_missing: 1]
[zero_as_missing: 0]
[feature_pre_filter: 1]
[pre_partition: 0]
[two_round: 0]
[header: 0]
[label_column: ]
[weight_column: ]
[group_column: ]
[ignore_column: ]
[categorical_feature: ]
[forcedbins_filename: ]
[precise_float_parser: 0]
[parser_config_file: ]
[objective_seed: 5]
[num_class: 1]
[is_unbalance: 0]
[scale_pos_weight: 1]
[sigmoid: 1]
[boost_from_average: 1]
[reg_sqrt: 0]
[alpha: 0.9]
[fair_c: 1]
[poisson_max_delta_step: 0.7]
[tweedie_variance_power: 1.5]
[lambdarank_truncation_level: 30]
[lambdarank_norm: 1]
[label_gain: ]
[lambdarank_position_bias_regularization: 0]
[eval_at: ]
[multi_error_top_k: 1]
[auc_mu_weights: ]
[num_machines: 1]
[local_listen_port: 12400]
[time_out: 120]
[machine_list_filename: ]
[machines: ]
[gpu_platform_id: -1]
[gpu_device_id: -1]
[gpu_device_id_list: ]
[gpu_use_dp: 0]
[num_gpu: 1]

end of parameters

pandas_categorical:null
